model_code|version_name|version_code|spec_category|spec_category_vn|spec_key|spec_key_vn|spec_value|spec_unit|source_url
VF MPV 7|||dimension|Kích thước & trọng lượng|length_mm|Chiều dài tổng thể|4740|mm|https://storage.googleapis.com/vinfast-data-01/brochure/VF_MPV%207_Brochure_2026.02.03.pdf
VF MPV 7|||dimension|Kích thước & trọng lượng|width_mm|Chiều rộng tổng thể|1872|mm|https://storage.googleapis.com/vinfast-data-01/brochure/VF_MPV%207_Brochure_2026.02.03.pdf
VF MPV 7|||dimension|Kích thước & trọng lượng|height_mm|Chiều cao tổng thể|1734|mm|https://storage.googleapis.com/vinfast-data-01/brochure/VF_MPV%207_Brochure_2026.02.03.pdf
VF MPV 7|||dimension|Kích thước & trọng lượng|wheelbase_mm|Chiều dài cơ sở|2.840|mm|https://storage.googleapis.com/vinfast-data-01/brochure/VF_MPV%207_Brochure_2026.02.03.pdf
VF MPV 7|||dimension|Kích thước & trọng lượng|ground_clearance_mm|Khoảng sáng gầm xe|185|mm|https://storage.googleapis.com/vinfast-data-01/brochure/VF_MPV%207_Brochure_2026.02.03.pdf
VF MPV 7|||dimension|Kích thước & trọng lượng|curb_weight_kg|Trọng lượng không tải|1.875|kg|https://storage.googleapis.com/vinfast-data-01/brochure/VF_MPV%207_Brochure_2026.02.03.pdf
VF MPV 7|||exterior|Ngoại thất|headlight_type|Đèn chiếu sáng phía trước|LED||https://storage.googleapis.com/vinfast-data-01/brochure/VF_MPV%207_Brochure_2026.02.03.pdf
VF MPV 7|||exterior|Ngoại thất|daytime_running_light|Đèn chờ dẫn đường|Có||https://storage.googleapis.com/vinfast-data-01/brochure/VF_MPV%207_Brochure_2026.02.03.pdf
VF MPV 7|||exterior|Ngoại thất|auto_headlights|Đèn pha tự động|Có||https://storage.googleapis.com/vinfast-data-01/brochure/VF_MPV%207_Brochure_2026.02.03.pdf
VF MPV 7|||exterior|Ngoại thất|headlight_leveling|Điều khiển góc chiếu đèn|Chỉnh cơ||https://storage.googleapis.com/vinfast-data-01/brochure/VF_MPV%207_Brochure_2026.02.03.pdf
VF MPV 7|||exterior|Ngoại thất|drl_type|Đèn chiếu sáng ban ngày|LED||https://storage.googleapis.com/vinfast-data-01/brochure/VF_MPV%207_Brochure_2026.02.03.pdf
VF MPV 7|||exterior|Ngoại thất|tail_light_type|Đèn hậu|LED||https://storage.googleapis.com/vinfast-data-01/brochure/VF_MPV%207_Brochure_2026.02.03.pdf
VF MPV 7|||exterior|Ngoại thất|brand_light|Đèn nhận diện thương hiệu|LED||https://storage.googleapis.com/vinfast-data-01/brochure/VF_MPV%207_Brochure_2026.02.03.pdf
VF MPV 7|||exterior|Ngoại thất|rearview_mirror_type|Gương chiếu hậu|Chỉnh điện, gập điện, tích hợp đèn báo rẽ||https://storage.googleapis.com/vinfast-data-01/brochure/VF_MPV%207_Brochure_2026.02.03.pdf
VF MPV 7|||exterior|Ngoại thất|power_windows|Kính cửa sổ điện|Có||https://storage.googleapis.com/vinfast-data-01/brochure/VF_MPV%207_Brochure_2026.02.03.pdf
VF MPV 7|||exterior|Ngoại thất|one_touch_windows|Kính cửa sổ chỉnh điện 1 chạm|Có||https://storage.googleapis.com/vinfast-data-01/brochure/VF_MPV%207_Brochure_2026.02.03.pdf
VF MPV 7|||exterior|Ngoại thất|auto_wiper|Gạt mưa trước tự động|Điều khiển gián đoạn||https://storage.googleapis.com/vinfast-data-01/brochure/VF_MPV%207_Brochure_2026.02.03.pdf
VF MPV 7|||exterior|Ngoại thất|roof_rack|Thanh trang trí nóc xe|Phụ kiện chính hãng||https://storage.googleapis.com/vinfast-data-01/brochure/VF_MPV%207_Brochure_2026.02.03.pdf
VF MPV 7|||powertrain|Hệ thống truyền động|power_kw|Công suất tối đa|150|kW|https://storage.googleapis.com/vinfast-data-01/brochure/VF_MPV%207_Brochure_2026.02.03.pdf
VF MPV 7|||powertrain|Hệ thống truyền động|torque_nm|Mô-men xoắn cực đại|280|Nm|https://storage.googleapis.com/vinfast-data-01/brochure/VF_MPV%207_Brochure_2026.02.03.pdf
VF MPV 7|||battery|Pin & sạc|battery_kwh|Dung lượng pin khả dụng|60,13|kWh|https://storage.googleapis.com/vinfast-data-01/brochure/VF_MPV%207_Brochure_2026.02.03.pdf
VF MPV 7|||battery|Pin & sạc|range_km|Phạm vi di chuyển|450|km|https://storage.googleapis.com/vinfast-data-01/brochure/VF_MPV%207_Brochure_2026.02.03.pdf
VF MPV 7|||powertrain|Hệ thống truyền động|mobile_charger_type|Dây sạc di động|3,5 kW (Phụ kiện chính hãng)||https://storage.googleapis.com/vinfast-data-01/brochure/VF_MPV%207_Brochure_2026.02.03.pdf
VF MPV 7|||powertrain|Hệ thống truyền động|home_charger_type|Bộ sạc tại nhà|7,4 kW (Phụ kiện chính hãng)||https://storage.googleapis.com/vinfast-data-01/brochure/VF_MPV%207_Brochure_2026.02.03.pdf
VF MPV 7|||battery|Pin & sạc|ac_charge_power_kw|Công suất sạc AC tối đa|6,9 kW|kW|https://storage.googleapis.com/vinfast-data-01/brochure/VF_MPV%207_Brochure_2026.02.03.pdf
VF MPV 7|||battery|Pin & sạc|dc_charge_power_kw|Công suất sạc nhanh DC tối đa|80 kW|kW|https://storage.googleapis.com/vinfast-data-01/brochure/VF_MPV%207_Brochure_2026.02.03.pdf
VF MPV 7|||battery|Pin & sạc|fast_charge_min|Thời gian nạp pin nhanh nhất|30 phút từ 10% đến 70 %|phút|https://storage.googleapis.com/vinfast-data-01/brochure/VF_MPV%207_Brochure_2026.02.03.pdf
VF MPV 7|||powertrain|Hệ thống truyền động|regenerative_braking|Hệ thống phanh tái sinh|Có||https://storage.googleapis.com/vinfast-data-01/brochure/VF_MPV%207_Brochure_2026.02.03.pdf
VF MPV 7|||powertrain|Hệ thống truyền động|drive_modes|Chế độ lái|Eco/Normal/Sport||https://storage.googleapis.com/vinfast-data-01/brochure/VF_MPV%207_Brochure_2026.02.03.pdf
VF MPV 7|||powertrain|Hệ thống truyền động|drivetrain|Dẫn động|Cầu trước (FWD)||https://storage.googleapis.com/vinfast-data-01/brochure/VF_MPV%207_Brochure_2026.02.03.pdf
VF MPV 7|||powertrain|Hệ thống truyền động|gear_shift_type|Cách chuyển số|Có||https://storage.googleapis.com/vinfast-data-01/brochure/VF_MPV%207_Brochure_2026.02.03.pdf
VF MPV 7|||interior|Nội thất|seats|Số ghế ngồi|7||https://storage.googleapis.com/vinfast-data-01/brochure/VF_MPV%207_Brochure_2026.02.03.pdf
VF MPV 7|||interior|Nội thất|seat_material_type|Chất liệu bọc ghế|Da nhân tạo||https://storage.googleapis.com/vinfast-data-01/brochure/VF_MPV%207_Brochure_2026.02.03.pdf
VF MPV 7|||interior|Nội thất|driver_seat_type|Ghế lái|Chỉnh cơ 6 hướng||https://storage.googleapis.com/vinfast-data-01/brochure/VF_MPV%207_Brochure_2026.02.03.pdf
VF MPV 7|||interior|Nội thất|passenger_seat_type|Ghế phụ|Chỉnh cơ 4 hướng||https://storage.googleapis.com/vinfast-data-01/brochure/VF_MPV%207_Brochure_2026.02.03.pdf
VF MPV 7|||interior|Nội thất|second_row_adjust|Hàng ghế thứ 2 điều chỉnh hướng|Điều chỉnh ngả lưng ghế và trượt tiến/lùi||https://storage.googleapis.com/vinfast-data-01/brochure/VF_MPV%207_Brochure_2026.02.03.pdf
VF MPV 7|||interior|Nội thất|second_row_fold|Hàng ghế thứ 2 gập tỷ lệ|60:40||https://storage.googleapis.com/vinfast-data-01/brochure/VF_MPV%207_Brochure_2026.02.03.pdf
VF MPV 7|||safety|An toàn|isofix|Móc cố định ghế trẻ em ISOFIX|Có||https://storage.googleapis.com/vinfast-data-01/brochure/VF_MPV%207_Brochure_2026.02.03.pdf
VF MPV 7|||interior|Nội thất|row3_fold|Gập hàng ghế thứ 3|Có||https://storage.googleapis.com/vinfast-data-01/brochure/VF_MPV%207_Brochure_2026.02.03.pdf
VF MPV 7|||interior|Nội thất|row3_headrest|Tựa đầu ghế hàng 3|Có||https://storage.googleapis.com/vinfast-data-01/brochure/VF_MPV%207_Brochure_2026.02.03.pdf
VF MPV 7|||interior|Nội thất|steering_wheel_type|Loại vô lăng|Chỉnh cơ 4 hướng||https://storage.googleapis.com/vinfast-data-01/brochure/VF_MPV%207_Brochure_2026.02.03.pdf
VF MPV 7|||interior|Nội thất|steering_wheel_wrap|Bọc vô lăng|Da nhân tạo||https://storage.googleapis.com/vinfast-data-01/brochure/VF_MPV%207_Brochure_2026.02.03.pdf
VF MPV 7|||interior|Nội thất|ac_type|Hệ thống điều hòa|Tự động, 1 vùng||https://storage.googleapis.com/vinfast-data-01/brochure/VF_MPV%207_Brochure_2026.02.03.pdf
VF MPV 7|||interior|Nội thất|cabin_air_filter|Lọc không khí Cabin|Lọc bụi mịn PM 2.5||https://storage.googleapis.com/vinfast-data-01/brochure/VF_MPV%207_Brochure_2026.02.03.pdf
VF MPV 7|||interior|Nội thất|rear_ac_vents|Ống thông gió dưới chân hành khách sau|Có||https://storage.googleapis.com/vinfast-data-01/brochure/VF_MPV%207_Brochure_2026.02.03.pdf
VF MPV 7|||interior|Nội thất|rear_defroster|Sưởi kính sau|Có||https://storage.googleapis.com/vinfast-data-01/brochure/VF_MPV%207_Brochure_2026.02.03.pdf
VF MPV 7|||chassis|Khung gầm & hệ thống treo|front_suspension_type|Hệ thống treo trước|MacPherson độc lập||https://storage.googleapis.com/vinfast-data-01/brochure/VF_MPV%207_Brochure_2026.02.03.pdf
VF MPV 7|||chassis|Khung gầm & hệ thống treo|rear_suspension_type|Hệ thống treo sau|Đa liên kết||https://storage.googleapis.com/vinfast-data-01/brochure/VF_MPV%207_Brochure_2026.02.03.pdf
VF MPV 7|||chassis|Khung gầm & hệ thống treo|front_brake_type|Phanh trước|Đĩa thông gió||https://storage.googleapis.com/vinfast-data-01/brochure/VF_MPV%207_Brochure_2026.02.03.pdf
VF MPV 7|||chassis|Khung gầm & hệ thống treo|rear_brake_type|Phanh sau|Đĩa||https://storage.googleapis.com/vinfast-data-01/brochure/VF_MPV%207_Brochure_2026.02.03.pdf
VF MPV 7|||convenience|Tiện nghi|epb_auto_hold|Phanh đỗ điện tử & giữ phanh tự động|Có||https://storage.googleapis.com/vinfast-data-01/brochure/VF_MPV%207_Brochure_2026.02.03.pdf
VF MPV 7|||exterior|Ngoại thất|wheel_size_inch|Kích thước la-zăng|Mâm hợp kim 19 inch|inch|https://storage.googleapis.com/vinfast-data-01/brochure/VF_MPV%207_Brochure_2026.02.03.pdf
VF MPV 7|||exterior|Ngoại thất|tire_size|Kích thước lốp|235/50 R19||https://storage.googleapis.com/vinfast-data-01/brochure/VF_MPV%207_Brochure_2026.02.03.pdf
VF MPV 7|||chassis|Khung gầm & hệ thống treo|steering_assist_type|Trợ lực lái|Trợ lực điện||https://storage.googleapis.com/vinfast-data-01/brochure/VF_MPV%207_Brochure_2026.02.03.pdf
VF MPV 7|||infotainment|Giải trí & kết nối|virtual_assistant|Trợ lý ảo|Có||https://storage.googleapis.com/vinfast-data-01/brochure/VF_MPV%207_Brochure_2026.02.03.pdf
VF MPV 7|||interior|Nội thất|display_inch|Màn hình giải trí cảm ứng|10,1 inch|inch|https://storage.googleapis.com/vinfast-data-01/brochure/VF_MPV%207_Brochure_2026.02.03.pdf
VF MPV 7|||infotainment|Giải trí & kết nối|smartphone_integration|Kết nối Android Auto / Apple CarPlay|Có||https://storage.googleapis.com/vinfast-data-01/brochure/VF_MPV%207_Brochure_2026.02.03.pdf
VF MPV 7|||interior|Nội thất|speakers|Hệ thống loa|4 loa|số lượng|https://storage.googleapis.com/vinfast-data-01/brochure/VF_MPV%207_Brochure_2026.02.03.pdf
VF MPV 7|||interior|Nội thất|trunk_light|Đèn khoang hành lý|Có||https://storage.googleapis.com/vinfast-data-01/brochure/VF_MPV%207_Brochure_2026.02.03.pdf
VF MPV 7|||interior|Nội thất|cabin_lights|Đèn trần cabin|Có||https://storage.googleapis.com/vinfast-data-01/brochure/VF_MPV%207_Brochure_2026.02.03.pdf
VF MPV 7|||interior|Nội thất|interior_mirror_type|Gương chiếu hậu trong xe|Điều chỉnh chế độ ngày/đêm .||https://storage.googleapis.com/vinfast-data-01/brochure/VF_MPV%207_Brochure_2026.02.03.pdf
VF MPV 7|||interior|Nội thất|usb_ports|Cổng kết nối USB|Hàng ghế thứ nhất: 1 cồng USB-A & 1 cổng USB-C. Hàng ghế thứ hai: 1 cồng USB-A & 1 cổng USB-C||https://storage.googleapis.com/vinfast-data-01/brochure/VF_MPV%207_Brochure_2026.02.03.pdf
VF MPV 7|||interior|Nội thất|12v_outlet|Cổng sạc 12V|Hàng ghế thứ nhất: 1 cổng 12 V. Cốp sau: 1 cổng 12 V||https://storage.googleapis.com/vinfast-data-01/brochure/VF_MPV%207_Brochure_2026.02.03.pdf
VF MPV 7|||infotainment|Giải trí & kết nối|special_operation_modes|Chế độ vận hành đặc biệt|Chế độ Cắm trại||https://storage.googleapis.com/vinfast-data-01/brochure/VF_MPV%207_Brochure_2026.02.03.pdf
VF MPV 7|||connected|Kết nối thông minh|bluetooth_management|Quản lý thiết bị Bluetooth|Có||https://storage.googleapis.com/vinfast-data-01/brochure/VF_MPV%207_Brochure_2026.02.03.pdf
VF MPV 7|||connected|Kết nối thông minh|esim_management|Quản lý eSIM|Có||https://storage.googleapis.com/vinfast-data-01/brochure/VF_MPV%207_Brochure_2026.02.03.pdf
VF MPV 7|||connected|Kết nối thông minh|battery_monitoring|Giám sát tình trạng pin|Có||https://storage.googleapis.com/vinfast-data-01/brochure/VF_MPV%207_Brochure_2026.02.03.pdf
VF MPV 7|||connected|Kết nối thông minh|driver_profile|Hồ sơ người lái|Có||https://storage.googleapis.com/vinfast-data-01/brochure/VF_MPV%207_Brochure_2026.02.03.pdf
VF MPV 7|||connected|Kết nối thông minh|advanced_profile|Hồ sơ nâng cao|Có||https://storage.googleapis.com/vinfast-data-01/brochure/VF_MPV%207_Brochure_2026.02.03.pdf
VF MPV 7|||infotainment|Giải trí & kết nối|basic_entertainment|Giải trí cơ bản (Đài FM, Bluetooth, USB)|Có||https://storage.googleapis.com/vinfast-data-01/brochure/VF_MPV%207_Brochure_2026.02.03.pdf
VF MPV 7|||infotainment|Giải trí & kết nối|web_browser|Trình duyệt web|Có||https://storage.googleapis.com/vinfast-data-01/brochure/VF_MPV%207_Brochure_2026.02.03.pdf
VF MPV 7|||infotainment|Giải trí & kết nối|self_diagnosis|Tự chẩn đoán lỗi|Có||https://storage.googleapis.com/vinfast-data-01/brochure/VF_MPV%207_Brochure_2026.02.03.pdf
VF MPV 7|||infotainment|Giải trí & kết nối|fota_update|Cập nhật phần mềm miễn phí FOTA|Có||https://storage.googleapis.com/vinfast-data-01/brochure/VF_MPV%207_Brochure_2026.02.03.pdf
VF MPV 7|||connected|Kết nối thông minh|account_sync|Đồng bộ tài khoản / ứng dụng / phân quyền|Có||https://storage.googleapis.com/vinfast-data-01/brochure/VF_MPV%207_Brochure_2026.02.03.pdf
VF MPV 7|||connected|Kết nối thông minh|notifications|Nhận thông báo|Có||https://storage.googleapis.com/vinfast-data-01/brochure/VF_MPV%207_Brochure_2026.02.03.pdf
VF MPV 7|||connected|Kết nối thông minh|vehicle_monitoring|Giám sát xe từ xa|Cơ bản||https://storage.googleapis.com/vinfast-data-01/brochure/VF_MPV%207_Brochure_2026.02.03.pdf
VF MPV 7|||connected|Kết nối thông minh|charger_map|Bản đồ trạm sạc|Có||https://storage.googleapis.com/vinfast-data-01/brochure/VF_MPV%207_Brochure_2026.02.03.pdf
VF MPV 7|||connected|Kết nối thông minh|service_booking|Dịch vụ hậu mãi: đặt lịch sửa chữa, lái thử|Có||https://storage.googleapis.com/vinfast-data-01/brochure/VF_MPV%207_Brochure_2026.02.03.pdf
VF MPV 7|||safety|An toàn|front_airbags|Túi khí trước|2||https://storage.googleapis.com/vinfast-data-01/brochure/VF_MPV%207_Brochure_2026.02.03.pdf
VF MPV 7|||safety|An toàn|side_airbags|Túi khí bên hông|2||https://storage.googleapis.com/vinfast-data-01/brochure/VF_MPV%207_Brochure_2026.02.03.pdf
VF MPV 7|||safety|An toàn|key_system|Hệ thống chìa khóa|Chìa khóa thông minh||https://storage.googleapis.com/vinfast-data-01/brochure/VF_MPV%207_Brochure_2026.02.03.pdf
VF MPV 7|||safety|An toàn|auto_door_lock|Khóa cửa xe tự động khi xe di chuyển|Có||https://storage.googleapis.com/vinfast-data-01/brochure/VF_MPV%207_Brochure_2026.02.03.pdf
VF MPV 7|||safety|An toàn|child_lock|Khóa cửa trẻ em|Có||https://storage.googleapis.com/vinfast-data-01/brochure/VF_MPV%207_Brochure_2026.02.03.pdf
VF MPV 7|||security|An ninh|anti_theft_alarm|Cảnh báo chống trộm|Có||https://storage.googleapis.com/vinfast-data-01/brochure/VF_MPV%207_Brochure_2026.02.03.pdf
VF MPV 7|||security|An ninh|immobilizer|Khoá động cơ khi có trộm|Có||https://storage.googleapis.com/vinfast-data-01/brochure/VF_MPV%207_Brochure_2026.02.03.pdf
VF MPV 7|||safety|An toàn|pretensioner_seatbelt|Căng đai khẩn cấp|Hàng ghế trước||https://storage.googleapis.com/vinfast-data-01/brochure/VF_MPV%207_Brochure_2026.02.03.pdf
VF MPV 7|||safety|An toàn|seatbelt_warning|Cảnh báo dây an toàn|Hàng ghế trước||https://storage.googleapis.com/vinfast-data-01/brochure/VF_MPV%207_Brochure_2026.02.03.pdf
VF MPV 7|||safety|An toàn|abs|Chống bó cứng phanh (ABS)|Có||https://storage.googleapis.com/vinfast-data-01/brochure/VF_MPV%207_Brochure_2026.02.03.pdf
VF MPV 7|||safety|An toàn|ebd|Phân phối lực phanh điện tử (EBD)|Có||https://storage.googleapis.com/vinfast-data-01/brochure/VF_MPV%207_Brochure_2026.02.03.pdf
VF MPV 7|||safety|An toàn|brake_assist|Hỗ trợ phanh khẩn cấp (BA)|Có||https://storage.googleapis.com/vinfast-data-01/brochure/VF_MPV%207_Brochure_2026.02.03.pdf
VF MPV 7|||safety|An toàn|esc|Cân bằng điện tử (ESC)|Có||https://storage.googleapis.com/vinfast-data-01/brochure/VF_MPV%207_Brochure_2026.02.03.pdf
VF MPV 7|||safety|An toàn|tcs|Kiểm soát lực kéo (TCS)|Có||https://storage.googleapis.com/vinfast-data-01/brochure/VF_MPV%207_Brochure_2026.02.03.pdf
VF MPV 7|||safety|An toàn|hsa|Hỗ trợ khởi hành ngang dốc (HSA)|Có||https://storage.googleapis.com/vinfast-data-01/brochure/VF_MPV%207_Brochure_2026.02.03.pdf
VF MPV 7|||safety|An toàn|rollover_mitigation|Chức năng chống lật ROM|Có||https://storage.googleapis.com/vinfast-data-01/brochure/VF_MPV%207_Brochure_2026.02.03.pdf
VF MPV 7|||safety|An toàn|emergency_stop_signal|Đèn báo phanh khẩn cấp ESS|Có||https://storage.googleapis.com/vinfast-data-01/brochure/VF_MPV%207_Brochure_2026.02.03.pdf
VF MPV 7|||adas|Hỗ trợ lái nâng cao (ADAS)|cruise_control_type|Kiểm soát hành trình|Có||https://storage.googleapis.com/vinfast-data-01/brochure/VF_MPV%207_Brochure_2026.02.03.pdf
VF MPV 7|||adas|Hỗ trợ lái nâng cao (ADAS)|rearview_camera|Camera lùi|Có||https://storage.googleapis.com/vinfast-data-01/brochure/VF_MPV%207_Brochure_2026.02.03.pdf
VF MPV 7|||adas|Hỗ trợ lái nâng cao (ADAS)|rear_parking_sensor|Cảm biến đỗ xe phía sau|Có||https://storage.googleapis.com/vinfast-data-01/brochure/VF_MPV%207_Brochure_2026.02.03.pdf
VF 2|TieuChuan||dimension|Kích thước & trọng lượng|length_mm|Chiều dài tổng thể|3090|mm|https://static-cms-prod.vinfastauto.com/brochure_vf_2.pdf
VF 2|TieuChuan||dimension|Kích thước & trọng lượng|width_mm|Chiều rộng tổng thể|1496|mm|https://static-cms-prod.vinfastauto.com/brochure_vf_2.pdf
VF 2|TieuChuan||dimension|Kích thước & trọng lượng|height_mm|Chiều cao tổng thể|1663.2|mm|https://static-cms-prod.vinfastauto.com/brochure_vf_2.pdf
VF 2|TieuChuan||dimension|Kích thước & trọng lượng|wheelbase_mm|Chiều dài cơ sở|2.065|mm|https://static-cms-prod.vinfastauto.com/brochure_vf_2.pdf
VF 2|TieuChuan||dimension|Kích thước & trọng lượng|ground_clearance_mm|Khoảng sáng gầm xe|166,3|mm|https://static-cms-prod.vinfastauto.com/brochure_vf_2.pdf
VF 2|TieuChuan||powertrain|Hệ thống truyền động|power_kw|Công suất tối đa|30|kW|https://static-cms-prod.vinfastauto.com/brochure_vf_2.pdf
VF 2|TieuChuan||powertrain|Hệ thống truyền động|torque_nm|Mô-men xoắn cực đại|65|Nm|https://static-cms-prod.vinfastauto.com/brochure_vf_2.pdf
VF 2|TieuChuan||powertrain|Hệ thống truyền động|top_speed_kmh|Tốc độ tối đa|80|km/h|https://static-cms-prod.vinfastauto.com/brochure_vf_2.pdf
VF 2|TieuChuan||battery|Pin & sạc|range_km|Phạm vi di chuyển|210|km|https://static-cms-prod.vinfastauto.com/brochure_vf_2.pdf
VF 2|TieuChuan||battery|Pin & sạc|battery_kwh|Dung lượng pin khả dụng|18,3|kWh|https://static-cms-prod.vinfastauto.com/brochure_vf_2.pdf
VF 2|TieuChuan||powertrain|Hệ thống truyền động|mobile_charger_type|Dây sạc di động|PHỤ KIỆN CHÍNH HÃNG SẠC DC 3 kW||https://static-cms-prod.vinfastauto.com/brochure_vf_2.pdf
VF 2|TieuChuan||battery|Pin & sạc|max_charge_power_kw|Công suất sạc tối đa|24|kW|https://static-cms-prod.vinfastauto.com/brochure_vf_2.pdf
VF 2|TieuChuan||battery|Pin & sạc|fast_charge_min|Thời gian nạp pin nhanh nhất|34|phút|https://static-cms-prod.vinfastauto.com/brochure_vf_2.pdf
VF 2|TieuChuan||powertrain|Hệ thống truyền động|drivetrain|Dẫn động|RWD/CẦU SAU||https://static-cms-prod.vinfastauto.com/brochure_vf_2.pdf
VF 2|TieuChuan||powertrain|Hệ thống truyền động|regenerative_braking|Hệ thống phanh tái sinh|CÓ||https://static-cms-prod.vinfastauto.com/brochure_vf_2.pdf
VF 2|TieuChuan||powertrain|Hệ thống truyền động|drive_modes|Chế độ lái|ECO/NORMAL||https://static-cms-prod.vinfastauto.com/brochure_vf_2.pdf
VF 2|TieuChuan||exterior|Ngoại thất|headlight_type|Đèn chiếu sáng phía trước|LED||https://static-cms-prod.vinfastauto.com/brochure_vf_2.pdf
VF 2|TieuChuan||exterior|Ngoại thất|tail_light_type|Đèn hậu|HALOGEN||https://static-cms-prod.vinfastauto.com/brochure_vf_2.pdf
VF 2|TieuChuan||exterior|Ngoại thất|exterior_mirror_type|Gương chiếu hậu ngoài|CHỈNH CƠ||https://static-cms-prod.vinfastauto.com/brochure_vf_2.pdf
VF 2|TieuChuan||exterior|Ngoại thất|auto_wiper|Gạt mưa trước tự động|ĐIỀU CHỈNH GIÁN ĐOẠN||https://static-cms-prod.vinfastauto.com/brochure_vf_2.pdf
VF 2|TieuChuan||exterior|Ngoại thất|trunk_lid_type|Điều chỉnh cốp sau|CHỈNH CƠ||https://static-cms-prod.vinfastauto.com/brochure_vf_2.pdf
VF 2|TieuChuan||infotainment|Giải trí & kết nối|self_diagnosis|Tự chẩn đoán lỗi|CÓ||https://static-cms-prod.vinfastauto.com/brochure_vf_2.pdf
VF 2|TieuChuan||connected|Kết nối thông minh|charge_payment|Thanh toán phí sạc|CÓ||https://static-cms-prod.vinfastauto.com/brochure_vf_2.pdf
VF 2|TieuChuan||chassis|Khung gầm & hệ thống treo|suspension_type|Hệ thống treo (trước/sau)|MACPHERSON/MACPHERSON||https://static-cms-prod.vinfastauto.com/brochure_vf_2.pdf
VF 2|TieuChuan||chassis|Khung gầm & hệ thống treo|brake_type|Hệ thống phanh trước/sau|ĐĨA/TANG TRỐNG||https://static-cms-prod.vinfastauto.com/brochure_vf_2.pdf
VF 2|TieuChuan||exterior|Ngoại thất|wheel_size_inch|Kích thước la-zăng|13|inch|https://static-cms-prod.vinfastauto.com/brochure_vf_2.pdf
VF 2|TieuChuan||chassis|Khung gầm & hệ thống treo|tire_repair_kit|Bộ vá lốp|PHỤ KIỆN CHÍNH HÃNG||https://static-cms-prod.vinfastauto.com/brochure_vf_2.pdf
VF 2|TieuChuan||chassis|Khung gầm & hệ thống treo|jack_kit|Bộ dụng cụ kích xe|PHỤ KIỆN CHÍNH HÃNG||https://static-cms-prod.vinfastauto.com/brochure_vf_2.pdf
VF 2|TieuChuan||interior|Nội thất|ac_type|Hệ thống điều hòa|MÁY LẠNH, CHỈNH CƠ||https://static-cms-prod.vinfastauto.com/brochure_vf_2.pdf
VF 2|TieuChuan||interior|Nội thất|driver_display_inch|Màn hình thông tin lái|7 INCH|inch|https://static-cms-prod.vinfastauto.com/brochure_vf_2.pdf
VF 2|TieuChuan||interior|Nội thất|speakers|Hệ thống loa|2 LOA|số lượng|https://static-cms-prod.vinfastauto.com/brochure_vf_2.pdf
VF 2|TieuChuan||interior|Nội thất|entertainment_function|Chức năng giải trí|FM||https://static-cms-prod.vinfastauto.com/brochure_vf_2.pdf
VF 2|TieuChuan||interior|Nội thất|driver_seat_type|Ghế lái|CHỈNH CƠ 4 HƯỚNG||https://static-cms-prod.vinfastauto.com/brochure_vf_2.pdf
VF 2|TieuChuan||safety|An toàn|isofix|Móc cố định ghế trẻ em ISOFIX|CÓ||https://static-cms-prod.vinfastauto.com/brochure_vf_2.pdf
VF 2|TieuChuan||interior|Nội thất|seat_material_type|Chất liệu bọc ghế|NỈ||https://static-cms-prod.vinfastauto.com/brochure_vf_2.pdf
VF 2|TieuChuan||interior|Nội thất|interior_mirror_type|Gương chiếu hậu trong xe|CHẾ ĐỘ NGÀY & ĐÊM||https://static-cms-prod.vinfastauto.com/brochure_vf_2.pdf
VF 2|TieuChuan||safety|An toàn|driver_airbag|Túi khí người lái|CÓ||https://static-cms-prod.vinfastauto.com/brochure_vf_2.pdf
VF 2|TieuChuan||safety|An toàn|abs|Chống bó cứng phanh (ABS)|CÓ||https://static-cms-prod.vinfastauto.com/brochure_vf_2.pdf
VF 2|TieuChuan||safety|An toàn|ebd|Phân phối lực phanh điện tử (EBD)|CÓ||https://static-cms-prod.vinfastauto.com/brochure_vf_2.pdf
VF 2|TieuChuan||safety|An toàn|tcs|Kiểm soát lực kéo (TCS)|CÓ||https://static-cms-prod.vinfastauto.com/brochure_vf_2.pdf
VF 3|||dimension|Kích thước & trọng lượng|wheelbase_mm|Chiều dài cơ sở|2.075|mm|https://storage.googleapis.com/vinfast-data-01/brochure/29012026/VFVN_VF%203_Brochure%20280126.pdf
VF 3|||dimension|Kích thước & trọng lượng|length_mm|Chiều dài tổng thể|3190|mm|https://storage.googleapis.com/vinfast-data-01/brochure/29012026/VFVN_VF%203_Brochure%20280126.pdf
VF 3|||dimension|Kích thước & trọng lượng|width_mm|Chiều rộng tổng thể|1679|mm|https://storage.googleapis.com/vinfast-data-01/brochure/29012026/VFVN_VF%203_Brochure%20280126.pdf
VF 3|||dimension|Kích thước & trọng lượng|height_mm|Chiều cao tổng thể|1622|mm|https://storage.googleapis.com/vinfast-data-01/brochure/29012026/VFVN_VF%203_Brochure%20280126.pdf
VF 3|||dimension|Kích thước & trọng lượng|ground_clearance_mm|Khoảng sáng gầm xe|191|mm|https://storage.googleapis.com/vinfast-data-01/brochure/29012026/VFVN_VF%203_Brochure%20280126.pdf
VF 3|||dimension|Kích thước & trọng lượng|trunk_capacity|Dung tích khoang hành lý|36|L|https://storage.googleapis.com/vinfast-data-01/brochure/29012026/VFVN_VF%203_Brochure%20280126.pdf
VF 3|||dimension|Kích thước & trọng lượng|turning_diameter_m|Đường kính quay đầu tối thiểu|8,1|m|https://storage.googleapis.com/vinfast-data-01/brochure/29012026/VFVN_VF%203_Brochure%20280126.pdf
VF 3|||dimension|Kích thước & trọng lượng|curb_weight_kg|Trọng lượng không tải|857|kg|https://storage.googleapis.com/vinfast-data-01/brochure/29012026/VFVN_VF%203_Brochure%20280126.pdf
VF 3|||dimension|Kích thước & trọng lượng|payload_kg|Tải trọng / Sức chứa|300|kg|https://storage.googleapis.com/vinfast-data-01/brochure/29012026/VFVN_VF%203_Brochure%20280126.pdf
VF 3|||dimension|Kích thước & trọng lượng|roof_load_kg|Tải trọng hành lý nóc xe|50|kg|https://storage.googleapis.com/vinfast-data-01/brochure/29012026/VFVN_VF%203_Brochure%20280126.pdf
VF 3|||powertrain|Hệ thống truyền động|power_kw|Công suất tối đa|32|kW|https://storage.googleapis.com/vinfast-data-01/brochure/29012026/VFVN_VF%203_Brochure%20280126.pdf
VF 3|||powertrain|Hệ thống truyền động|torque_nm|Mô-men xoắn cực đại|110|Nm|https://storage.googleapis.com/vinfast-data-01/brochure/29012026/VFVN_VF%203_Brochure%20280126.pdf
VF 3|||powertrain|Hệ thống truyền động|top_speed_kmh|Tốc độ tối đa|100 km/h khi dung lượng pin >50%, với mọi điều kiện thời tiết|km/h|https://storage.googleapis.com/vinfast-data-01/brochure/29012026/VFVN_VF%203_Brochure%20280126.pdf
VF 3|||powertrain|Hệ thống truyền động|acceleration_0_50_s|Tăng tốc 0-50 km/h|5,3|s|https://storage.googleapis.com/vinfast-data-01/brochure/29012026/VFVN_VF%203_Brochure%20280126.pdf
VF 3|||powertrain|Hệ thống truyền động|acceleration_0_100_s|Tăng tốc 0-100 km/h|19,3|s|https://storage.googleapis.com/vinfast-data-01/brochure/29012026/VFVN_VF%203_Brochure%20280126.pdf
VF 3|||powertrain|Hệ thống truyền động|energy_consumption_kwh_100km|Mức tiêu thụ năng lượng|9 kWh/100 km (NEDC)|kWh/100km|https://storage.googleapis.com/vinfast-data-01/brochure/29012026/VFVN_VF%203_Brochure%20280126.pdf
VF 3|||battery|Pin & sạc|battery_type|Loại pin|LFP||https://storage.googleapis.com/vinfast-data-01/brochure/29012026/VFVN_VF%203_Brochure%20280126.pdf
VF 3|||battery|Pin & sạc|battery_kwh|Dung lượng pin khả dụng|18,64|kWh|https://storage.googleapis.com/vinfast-data-01/brochure/29012026/VFVN_VF%203_Brochure%20280126.pdf
VF 3|||battery|Pin & sạc|range_km|Phạm vi di chuyển|210|km|https://storage.googleapis.com/vinfast-data-01/brochure/29012026/VFVN_VF%203_Brochure%20280126.pdf
VF 3|||battery|Pin & sạc|fast_charge_capable|Tính năng sạc nhanh|Có||https://storage.googleapis.com/vinfast-data-01/brochure/29012026/VFVN_VF%203_Brochure%20280126.pdf
VF 3|||powertrain|Hệ thống truyền động|regenerative_braking|Hệ thống phanh tái sinh|Có||https://storage.googleapis.com/vinfast-data-01/brochure/29012026/VFVN_VF%203_Brochure%20280126.pdf
VF 3|||battery|Pin & sạc|normal_charge_hours|Thời gian nạp pin bình thường|5 giờ (10 - 70%)|giờ|https://storage.googleapis.com/vinfast-data-01/brochure/29012026/VFVN_VF%203_Brochure%20280126.pdf
VF 3|||battery|Pin & sạc|fast_charge_min|Thời gian nạp pin nhanh nhất|36 phút (10 - 70%)|phút|https://storage.googleapis.com/vinfast-data-01/brochure/29012026/VFVN_VF%203_Brochure%20280126.pdf
VF 3|||powertrain|Hệ thống truyền động|gear_shift_type|Cách chuyển số|Tích hợp vào cần lái||https://storage.googleapis.com/vinfast-data-01/brochure/29012026/VFVN_VF%203_Brochure%20280126.pdf
VF 3|||powertrain|Hệ thống truyền động|drivetrain|Dẫn động|RWD||https://storage.googleapis.com/vinfast-data-01/brochure/29012026/VFVN_VF%203_Brochure%20280126.pdf
VF 3|||powertrain|Hệ thống truyền động|drive_modes|Chế độ lái|Có (Eco/Normal)||https://storage.googleapis.com/vinfast-data-01/brochure/29012026/VFVN_VF%203_Brochure%20280126.pdf
VF 3|||powertrain|Hệ thống truyền động|creep_mode|Chế độ thay đổi tốc độ đến dừng|Có (Lăn/Bò)||https://storage.googleapis.com/vinfast-data-01/brochure/29012026/VFVN_VF%203_Brochure%20280126.pdf
VF 3|||chassis|Khung gầm & hệ thống treo|front_suspension_type|Hệ thống treo trước|Độc lập, MacPherson||https://storage.googleapis.com/vinfast-data-01/brochure/29012026/VFVN_VF%203_Brochure%20280126.pdf
VF 3|||chassis|Khung gầm & hệ thống treo|rear_suspension_type|Hệ thống treo sau|Phụ thuộc, trục cứng với thanh xoắn Panhard||https://storage.googleapis.com/vinfast-data-01/brochure/29012026/VFVN_VF%203_Brochure%20280126.pdf
VF 3|||chassis|Khung gầm & hệ thống treo|front_brake_type|Phanh trước|Phanh đĩa, calip nổi||https://storage.googleapis.com/vinfast-data-01/brochure/29012026/VFVN_VF%203_Brochure%20280126.pdf
VF 3|||chassis|Khung gầm & hệ thống treo|rear_brake_type|Phanh sau|Phanh tay trống||https://storage.googleapis.com/vinfast-data-01/brochure/29012026/VFVN_VF%203_Brochure%20280126.pdf
VF 3|||exterior|Ngoại thất|tire_wheel_size|Kích thước lốp & la-zăng|175/75R16||https://storage.googleapis.com/vinfast-data-01/brochure/29012026/VFVN_VF%203_Brochure%20280126.pdf
VF 3|||chassis|Khung gầm & hệ thống treo|tire_repair_kit|Bộ vá lốp|Có||https://storage.googleapis.com/vinfast-data-01/brochure/29012026/VFVN_VF%203_Brochure%20280126.pdf
VF 3|||chassis|Khung gầm & hệ thống treo|steering_assist_type|Trợ lực lái|Có||https://storage.googleapis.com/vinfast-data-01/brochure/29012026/VFVN_VF%203_Brochure%20280126.pdf
VF 3|||chassis|Khung gầm & hệ thống treo|stabilizer_bar|Thanh cân bằng trước|Có||https://storage.googleapis.com/vinfast-data-01/brochure/29012026/VFVN_VF%203_Brochure%20280126.pdf
VF 3|||exterior|Ngoại thất|headlight_type|Đèn chiếu sáng phía trước|Halogen||https://storage.googleapis.com/vinfast-data-01/brochure/29012026/VFVN_VF%203_Brochure%20280126.pdf
VF 3|||exterior|Ngoại thất|tail_light_type|Đèn hậu|Halogen||https://storage.googleapis.com/vinfast-data-01/brochure/29012026/VFVN_VF%203_Brochure%20280126.pdf
VF 3|||exterior|Ngoại thất|position_light|Đèn định vị|Halogen||https://storage.googleapis.com/vinfast-data-01/brochure/29012026/VFVN_VF%203_Brochure%20280126.pdf
VF 3|||exterior|Ngoại thất|door_impact_beam|Thanh gia cường cửa xe|Có||https://storage.googleapis.com/vinfast-data-01/brochure/29012026/VFVN_VF%203_Brochure%20280126.pdf
VF 3|||exterior|Ngoại thất|trunk_lid_type|Điều chỉnh cốp sau|Chỉnh cơ||https://storage.googleapis.com/vinfast-data-01/brochure/29012026/VFVN_VF%203_Brochure%20280126.pdf
VF 3|||exterior|Ngoại thất|spoiler|Cánh hướng gió|Tích hợp vào cốp||https://storage.googleapis.com/vinfast-data-01/brochure/29012026/VFVN_VF%203_Brochure%20280126.pdf
VF 3|||exterior|Ngoại thất|charge_port_door|Cơ chế đóng mở cổng sạc|Chỉnh cơ||https://storage.googleapis.com/vinfast-data-01/brochure/29012026/VFVN_VF%203_Brochure%20280126.pdf
VF 3|||interior|Nội thất|seats|Số ghế ngồi|4||https://storage.googleapis.com/vinfast-data-01/brochure/29012026/VFVN_VF%203_Brochure%20280126.pdf
VF 3|||interior|Nội thất|seat_material_type|Chất liệu bọc ghế|Nỉ||https://storage.googleapis.com/vinfast-data-01/brochure/29012026/VFVN_VF%203_Brochure%20280126.pdf
VF 3|||interior|Nội thất|driver_seat_type|Ghế lái|Chỉnh cơ 4 hướng||https://storage.googleapis.com/vinfast-data-01/brochure/29012026/VFVN_VF%203_Brochure%20280126.pdf
VF 3|||interior|Nội thất|driver_headrest|Tựa đầu ghế lái|Có - tích hợp||https://storage.googleapis.com/vinfast-data-01/brochure/29012026/VFVN_VF%203_Brochure%20280126.pdf
VF 3|||interior|Nội thất|passenger_seat_type|Ghế phụ|Chỉnh cơ 4 hướng||https://storage.googleapis.com/vinfast-data-01/brochure/29012026/VFVN_VF%203_Brochure%20280126.pdf
VF 3|||interior|Nội thất|passenger_headrest|Tựa đầu ghế phụ|Có - tích hợp||https://storage.googleapis.com/vinfast-data-01/brochure/29012026/VFVN_VF%203_Brochure%20280126.pdf
VF 3|||interior|Nội thất|easy_access|Lên xuống dễ dàng|Có||https://storage.googleapis.com/vinfast-data-01/brochure/29012026/VFVN_VF%203_Brochure%20280126.pdf
VF 3|||interior|Nội thất|second_row_fold|Hàng ghế thứ 2 gập tỷ lệ|Gập hoàn toàn||https://storage.googleapis.com/vinfast-data-01/brochure/29012026/VFVN_VF%203_Brochure%20280126.pdf
VF 3|||interior|Nội thất|row2_headrest|Tựa đầu ghế hàng 2|Có - cố định||https://storage.googleapis.com/vinfast-data-01/brochure/29012026/VFVN_VF%203_Brochure%20280126.pdf
VF 3|||interior|Nội thất|ac_type|Hệ thống điều hòa|Chỉnh cơ, 1 vùng||https://storage.googleapis.com/vinfast-data-01/brochure/29012026/VFVN_VF%203_Brochure%20280126.pdf
VF 3|||interior|Nội thất|cabin_air_filter|Lọc không khí Cabin|Lọc bụi||https://storage.googleapis.com/vinfast-data-01/brochure/29012026/VFVN_VF%203_Brochure%20280126.pdf
VF 3|||interior|Nội thất|defroster|Chức năng làm tan sương/tan băng|Có||https://storage.googleapis.com/vinfast-data-01/brochure/29012026/VFVN_VF%203_Brochure%20280126.pdf
VF 3|||interior|Nội thất|display_inch|Màn hình giải trí cảm ứng|10 inch|inch|https://storage.googleapis.com/vinfast-data-01/brochure/29012026/VFVN_VF%203_Brochure%20280126.pdf
VF 3|||interior|Nội thất|usb_a_row2|Cổng USB loại A hàng ghế thứ 2|Có, 1 cổng 1,5 A||https://storage.googleapis.com/vinfast-data-01/brochure/29012026/VFVN_VF%203_Brochure%20280126.pdf
VF 3|||interior|Nội thất|wifi_connectivity|Kết nối Wifi|Có (Chỉ dùng cập nhật phần mềm từ xa)||https://storage.googleapis.com/vinfast-data-01/brochure/29012026/VFVN_VF%203_Brochure%20280126.pdf
VF 3|||interior|Nội thất|bluetooth_connectivity|Kết nối Bluetooth|Có||https://storage.googleapis.com/vinfast-data-01/brochure/29012026/VFVN_VF%203_Brochure%20280126.pdf
VF 3|||powertrain|Hệ thống truyền động|brake_pedal_start|Khởi động bằng bàn đạp phanh|Có||https://storage.googleapis.com/vinfast-data-01/brochure/29012026/VFVN_VF%203_Brochure%20280126.pdf
VF 3|||interior|Nội thất|supported_languages|Các ngôn ngữ hỗ trợ|Tiếng Việt/Tiếng Anh||https://storage.googleapis.com/vinfast-data-01/brochure/29012026/VFVN_VF%203_Brochure%20280126.pdf
VF 3|||interior|Nội thất|speakers|Hệ thống loa|2|số lượng|https://storage.googleapis.com/vinfast-data-01/brochure/29012026/VFVN_VF%203_Brochure%20280126.pdf
VF 3|||interior|Nội thất|dome_light|Đèn trần phía trước|Dạng bóng||https://storage.googleapis.com/vinfast-data-01/brochure/29012026/VFVN_VF%203_Brochure%20280126.pdf
VF 3|||interior|Nội thất|sun_visor_mirror|Tấm che nắng, có gương|Có (Loại không gương)||https://storage.googleapis.com/vinfast-data-01/brochure/29012026/VFVN_VF%203_Brochure%20280126.pdf
VF 3|||interior|Nội thất|cupholders|Hộc đựng cốc|2||https://storage.googleapis.com/vinfast-data-01/brochure/29012026/VFVN_VF%203_Brochure%20280126.pdf
VF 3|||interior|Nội thất|parking_brake|Phanh tay|Kích hoạt phanh tay bằng nút P ở cần gạt vô lăng||https://storage.googleapis.com/vinfast-data-01/brochure/29012026/VFVN_VF%203_Brochure%20280126.pdf
VF 3|||interior|Nội thất|tool_kit|Khay đựng dụng cụ sửa xe|Có (Túi vải)||https://storage.googleapis.com/vinfast-data-01/brochure/29012026/VFVN_VF%203_Brochure%20280126.pdf
VF 3|||interior|Nội thất|tow_hook|Móc kéo tời|Có (Có thể tách rời)||https://storage.googleapis.com/vinfast-data-01/brochure/29012026/VFVN_VF%203_Brochure%20280126.pdf
VF 3|||interior|Nội thất|interior_mirror_type|Gương chiếu hậu trong xe|Ngày và đêm (loại thường)||https://storage.googleapis.com/vinfast-data-01/brochure/29012026/VFVN_VF%203_Brochure%20280126.pdf
VF 3|||safety|An toàn|abs|Chống bó cứng phanh (ABS)|Có||https://storage.googleapis.com/vinfast-data-01/brochure/29012026/VFVN_VF%203_Brochure%20280126.pdf
VF 3|||safety|An toàn|brake_assist|Hỗ trợ phanh khẩn cấp (BA)|Có||https://storage.googleapis.com/vinfast-data-01/brochure/29012026/VFVN_VF%203_Brochure%20280126.pdf
VF 3|||safety|An toàn|tcs|Kiểm soát lực kéo (TCS)|Có||https://storage.googleapis.com/vinfast-data-01/brochure/29012026/VFVN_VF%203_Brochure%20280126.pdf
VF 3|||safety|An toàn|hsa|Hỗ trợ khởi hành ngang dốc (HSA)|Có||https://storage.googleapis.com/vinfast-data-01/brochure/29012026/VFVN_VF%203_Brochure%20280126.pdf
VF 3|||safety|An toàn|auto_door_lock|Khóa cửa xe tự động khi xe di chuyển|Có (5 km/h)||https://storage.googleapis.com/vinfast-data-01/brochure/29012026/VFVN_VF%203_Brochure%20280126.pdf
VF 3|||safety|An toàn|pretensioner_seatbelt|Căng đai khẩn cấp|Có||https://storage.googleapis.com/vinfast-data-01/brochure/29012026/VFVN_VF%203_Brochure%20280126.pdf
VF 3|||safety|An toàn|seatbelt_warning|Cảnh báo dây an toàn|Ghế phụ trước||https://storage.googleapis.com/vinfast-data-01/brochure/29012026/VFVN_VF%203_Brochure%20280126.pdf
VF 3|||safety|An toàn|airbags|Túi khí|1||https://storage.googleapis.com/vinfast-data-01/brochure/29012026/VFVN_VF%203_Brochure%20280126.pdf
VF 3|||safety|An toàn|front_airbags|Túi khí trước|Túi khí trước lái||https://storage.googleapis.com/vinfast-data-01/brochure/29012026/VFVN_VF%203_Brochure%20280126.pdf
VF 3|||security|An ninh|immobilizer|Khoá động cơ khi có trộm|Có||https://storage.googleapis.com/vinfast-data-01/brochure/29012026/VFVN_VF%203_Brochure%20280126.pdf
VF 3|||adas|Hỗ trợ lái nâng cao (ADAS)|rear_parking_assist|Hỗ trợ đỗ xe phía sau|Có||https://storage.googleapis.com/vinfast-data-01/brochure/29012026/VFVN_VF%203_Brochure%20280126.pdf
VF 3|||adas|Hỗ trợ lái nâng cao (ADAS)|rearview_camera|Camera lùi|AFS||https://storage.googleapis.com/vinfast-data-01/brochure/29012026/VFVN_VF%203_Brochure%20280126.pdf
VF 3|||infotainment|Giải trí & kết nối|vehicle_control|Điều khiển chức năng trên xe|Có (Trên màn hình)||https://storage.googleapis.com/vinfast-data-01/brochure/29012026/VFVN_VF%203_Brochure%20280126.pdf
VF 3|||infotainment|Giải trí & kết nối|camping_mode|Chế độ cắm trại|Có||https://storage.googleapis.com/vinfast-data-01/brochure/29012026/VFVN_VF%203_Brochure%20280126.pdf
VF 3|||connected|Kết nối thông minh|account_sync|Đồng bộ tài khoản / ứng dụng / phân quyền|Có (Màn hình và ứng dụng VinFast)||https://storage.googleapis.com/vinfast-data-01/brochure/29012026/VFVN_VF%203_Brochure%20280126.pdf
VF 3|||infotainment|Giải trí & kết nối|navigation|Điều hướng & dẫn đường|Có (Android Auto/Apple Carplay) *Sẽ được cập nhật phần mềm sau||https://storage.googleapis.com/vinfast-data-01/brochure/29012026/VFVN_VF%203_Brochure%20280126.pdf
VF 3|||connected|Kết nối thông minh|gps_tracking|Định vị xe từ xa|Có (Ứng dụng VinFast)||https://storage.googleapis.com/vinfast-data-01/brochure/29012026/VFVN_VF%203_Brochure%20280126.pdf
VF 3|||infotainment|Giải trí & kết nối|maintenance_reminder|Đề xuất lịch bảo trì/bảo dưỡng tự động|Có (Ứng dụng VinFast)||https://storage.googleapis.com/vinfast-data-01/brochure/29012026/VFVN_VF%203_Brochure%20280126.pdf
VF 3|||connected|Kết nối thông minh|vehicle_status_notification|Thông báo trạng thái xe (pin, hiệu suất, bảo dưỡng)|Có (Ứng dụng VinFast)||https://storage.googleapis.com/vinfast-data-01/brochure/29012026/VFVN_VF%203_Brochure%20280126.pdf
VF 3|||infotainment|Giải trí & kết nối|phone_media|Giải trí thông qua đồng bộ điện thoại|Có (Android Auto/Apple Carplay) *Sẽ được cập nhật phần mềm sau||https://storage.googleapis.com/vinfast-data-01/brochure/29012026/VFVN_VF%203_Brochure%20280126.pdf
VF 3|||infotainment|Giải trí & kết nối|audio_entertainment|Giải trí âm thanh|Có (Trên màn hình)||https://storage.googleapis.com/vinfast-data-01/brochure/29012026/VFVN_VF%203_Brochure%20280126.pdf
VF 3|||infotainment|Giải trí & kết nối|internet_access|Tra cứu & truy cập Internet|Có||https://storage.googleapis.com/vinfast-data-01/brochure/29012026/VFVN_VF%203_Brochure%20280126.pdf
VF 3|||infotainment|Giải trí & kết nối|calendar_contact_sync|Đồng bộ lịch và danh bạ điện thoại|Có (Màn hình và ứng dụng VinFast)||https://storage.googleapis.com/vinfast-data-01/brochure/29012026/VFVN_VF%203_Brochure%20280126.pdf
VF 3|||infotainment|Giải trí & kết nối|contact_sync|Đồng bộ danh bạ điện thoại|Có (Bluetooth và kết nối dây)||https://storage.googleapis.com/vinfast-data-01/brochure/29012026/VFVN_VF%203_Brochure%20280126.pdf
VF 3|||infotainment|Giải trí & kết nối|fota_update|Cập nhật phần mềm miễn phí FOTA|Có (Chỉ màn hình)||https://storage.googleapis.com/vinfast-data-01/brochure/29012026/VFVN_VF%203_Brochure%20280126.pdf
VF 3|||infotainment|Giải trí & kết nối|sota_update|Cập nhật phần mềm thu phí SOTA|Có (Chỉ màn hình)||https://storage.googleapis.com/vinfast-data-01/brochure/29012026/VFVN_VF%203_Brochure%20280126.pdf
VF 3|||connected|Kết nối thông minh|service_booking|Dịch vụ hậu mãi: đặt lịch sửa chữa, lái thử|Có (Ứng dụng VinFast)||https://storage.googleapis.com/vinfast-data-01/brochure/29012026/VFVN_VF%203_Brochure%20280126.pdf
VF 3|||connected|Kết nối thông minh|battery_lease_management|Quản lý gói cước thuê pin trực tuyến|Có (Ứng dụng VinFast)||https://storage.googleapis.com/vinfast-data-01/brochure/29012026/VFVN_VF%203_Brochure%20280126.pdf
VF 5|Plus||dimension|Kích thước & trọng lượng|wheelbase_mm|Chiều dài cơ sở|2.514|mm|https://storage.googleapis.com/vinfast-data-01/brochure/09042026/VFVN_VF%205_Brochure%20B%E1%BA%A3n%20s%E1%BB%ADa%20290126_1333PM.pdf
VF 5|Plus||dimension|Kích thước & trọng lượng|length_mm|Chiều dài tổng thể|3967|mm|https://storage.googleapis.com/vinfast-data-01/brochure/09042026/VFVN_VF%205_Brochure%20B%E1%BA%A3n%20s%E1%BB%ADa%20290126_1333PM.pdf
VF 5|Plus||dimension|Kích thước & trọng lượng|width_mm|Chiều rộng tổng thể|1723|mm|https://storage.googleapis.com/vinfast-data-01/brochure/09042026/VFVN_VF%205_Brochure%20B%E1%BA%A3n%20s%E1%BB%ADa%20290126_1333PM.pdf
VF 5|Plus||dimension|Kích thước & trọng lượng|height_mm|Chiều cao tổng thể|1579|mm|https://storage.googleapis.com/vinfast-data-01/brochure/09042026/VFVN_VF%205_Brochure%20B%E1%BA%A3n%20s%E1%BB%ADa%20290126_1333PM.pdf
VF 5|Plus||dimension|Kích thước & trọng lượng|ground_clearance_mm|Khoảng sáng gầm xe|160|mm|https://storage.googleapis.com/vinfast-data-01/brochure/09042026/VFVN_VF%205_Brochure%20B%E1%BA%A3n%20s%E1%BB%ADa%20290126_1333PM.pdf
VF 5|Plus||dimension|Kích thước & trọng lượng|trunk_capacity|Dung tích khoang hành lý|331/1015|L|https://storage.googleapis.com/vinfast-data-01/brochure/09042026/VFVN_VF%205_Brochure%20B%E1%BA%A3n%20s%E1%BB%ADa%20290126_1333PM.pdf
VF 5|Plus||dimension|Kích thước & trọng lượng|curb_weight_kg|Trọng lượng không tải|1.34|kg|https://storage.googleapis.com/vinfast-data-01/brochure/09042026/VFVN_VF%205_Brochure%20B%E1%BA%A3n%20s%E1%BB%ADa%20290126_1333PM.pdf
VF 5|Plus||dimension|Kích thước & trọng lượng|payload_kg|Tải trọng / Sức chứa|325|kg|https://storage.googleapis.com/vinfast-data-01/brochure/09042026/VFVN_VF%205_Brochure%20B%E1%BA%A3n%20s%E1%BB%ADa%20290126_1333PM.pdf
VF 5|Plus||chassis|Khung gầm & hệ thống treo|front_suspension_type|Hệ thống treo trước|Độc lập, MacPherson||https://storage.googleapis.com/vinfast-data-01/brochure/09042026/VFVN_VF%205_Brochure%20B%E1%BA%A3n%20s%E1%BB%ADa%20290126_1333PM.pdf
VF 5|Plus||chassis|Khung gầm & hệ thống treo|rear_suspension_type|Hệ thống treo sau|Dầm xoắn||https://storage.googleapis.com/vinfast-data-01/brochure/09042026/VFVN_VF%205_Brochure%20B%E1%BA%A3n%20s%E1%BB%ADa%20290126_1333PM.pdf
VF 5|Plus||chassis|Khung gầm & hệ thống treo|brake_type|Hệ thống phanh trước/sau|Đĩa thông gió/đĩa||https://storage.googleapis.com/vinfast-data-01/brochure/09042026/VFVN_VF%205_Brochure%20B%E1%BA%A3n%20s%E1%BB%ADa%20290126_1333PM.pdf
VF 5|Plus||exterior|Ngoại thất|wheel_type|Loại la-zăng|Hợp kim 17 inch||https://storage.googleapis.com/vinfast-data-01/brochure/09042026/VFVN_VF%205_Brochure%20B%E1%BA%A3n%20s%E1%BB%ADa%20290126_1333PM.pdf
VF 5|Plus||chassis|Khung gầm & hệ thống treo|steering_assist_type|Trợ lực lái|EPS/Trợ lực điện||https://storage.googleapis.com/vinfast-data-01/brochure/09042026/VFVN_VF%205_Brochure%20B%E1%BA%A3n%20s%E1%BB%ADa%20290126_1333PM.pdf
VF 5|Plus||exterior|Ngoại thất|headlight_type|Đèn chiếu sáng phía trước|Halogen Tự động bật/tắt||https://storage.googleapis.com/vinfast-data-01/brochure/09042026/VFVN_VF%205_Brochure%20B%E1%BA%A3n%20s%E1%BB%ADa%20290126_1333PM.pdf
VF 5|Plus||exterior|Ngoại thất|tail_light_type|Đèn hậu|Halogen||https://storage.googleapis.com/vinfast-data-01/brochure/09042026/VFVN_VF%205_Brochure%20B%E1%BA%A3n%20s%E1%BB%ADa%20290126_1333PM.pdf
VF 5|Plus||exterior|Ngoại thất|rearview_mirror_type|Gương chiếu hậu|Chỉnh điện tích hợp báo rẽ||https://storage.googleapis.com/vinfast-data-01/brochure/09042026/VFVN_VF%205_Brochure%20B%E1%BA%A3n%20s%E1%BB%ADa%20290126_1333PM.pdf
VF 5|Plus||exterior|Ngoại thất|power_windows|Kính cửa sổ điện|Có||https://storage.googleapis.com/vinfast-data-01/brochure/09042026/VFVN_VF%205_Brochure%20B%E1%BA%A3n%20s%E1%BB%ADa%20290126_1333PM.pdf
VF 5|Plus||exterior|Ngoại thất|windshield_type|Kính chắn gió|Chống tia UV||https://storage.googleapis.com/vinfast-data-01/brochure/09042026/VFVN_VF%205_Brochure%20B%E1%BA%A3n%20s%E1%BB%ADa%20290126_1333PM.pdf
VF 5|Plus||exterior|Ngoại thất|underbody_protection|Tấm bảo vệ dưới thân xe|Có||https://storage.googleapis.com/vinfast-data-01/brochure/09042026/VFVN_VF%205_Brochure%20B%E1%BA%A3n%20s%E1%BB%ADa%20290126_1333PM.pdf
VF 5|Plus||powertrain|Hệ thống truyền động|motor_configuration|Cấu hình động cơ|1 Motor điện||https://storage.googleapis.com/vinfast-data-01/brochure/09042026/VFVN_VF%205_Brochure%20B%E1%BA%A3n%20s%E1%BB%ADa%20290126_1333PM.pdf
VF 5|Plus||powertrain|Hệ thống truyền động|power_kw|Công suất tối đa|100/134|kW|https://storage.googleapis.com/vinfast-data-01/brochure/09042026/VFVN_VF%205_Brochure%20B%E1%BA%A3n%20s%E1%BB%ADa%20290126_1333PM.pdf
VF 5|Plus||powertrain|Hệ thống truyền động|torque_nm|Mô-men xoắn cực đại|135|Nm|https://storage.googleapis.com/vinfast-data-01/brochure/09042026/VFVN_VF%205_Brochure%20B%E1%BA%A3n%20s%E1%BB%ADa%20290126_1333PM.pdf
VF 5|Plus||powertrain|Hệ thống truyền động|acceleration_0_100_s|Tăng tốc 0-100 km/h|12|s|https://storage.googleapis.com/vinfast-data-01/brochure/09042026/VFVN_VF%205_Brochure%20B%E1%BA%A3n%20s%E1%BB%ADa%20290126_1333PM.pdf
VF 5|Plus||powertrain|Hệ thống truyền động|drivetrain|Dẫn động|FWD/Cầu trước||https://storage.googleapis.com/vinfast-data-01/brochure/09042026/VFVN_VF%205_Brochure%20B%E1%BA%A3n%20s%E1%BB%ADa%20290126_1333PM.pdf
VF 5|Plus||powertrain|Hệ thống truyền động|drive_modes|Chế độ lái|Eco/Sport||https://storage.googleapis.com/vinfast-data-01/brochure/09042026/VFVN_VF%205_Brochure%20B%E1%BA%A3n%20s%E1%BB%ADa%20290126_1333PM.pdf
VF 5|Plus||battery|Pin & sạc|battery_type|Loại pin|LFP||https://storage.googleapis.com/vinfast-data-01/brochure/09042026/VFVN_VF%205_Brochure%20B%E1%BA%A3n%20s%E1%BB%ADa%20290126_1333PM.pdf
VF 5|Plus||battery|Pin & sạc|battery_kwh|Dung lượng pin khả dụng|37,23|kWh|https://storage.googleapis.com/vinfast-data-01/brochure/09042026/VFVN_VF%205_Brochure%20B%E1%BA%A3n%20s%E1%BB%ADa%20290126_1333PM.pdf
VF 5|Plus||battery|Pin & sạc|range_km|Phạm vi di chuyển|326|km|https://storage.googleapis.com/vinfast-data-01/brochure/09042026/VFVN_VF%205_Brochure%20B%E1%BA%A3n%20s%E1%BB%ADa%20290126_1333PM.pdf
VF 5|Plus||battery|Pin & sạc|fast_charge_min|Thời gian nạp pin nhanh nhất|33|phút|https://storage.googleapis.com/vinfast-data-01/brochure/09042026/VFVN_VF%205_Brochure%20B%E1%BA%A3n%20s%E1%BB%ADa%20290126_1333PM.pdf
VF 5|Plus||interior|Nội thất|seats|Số ghế ngồi|5||https://storage.googleapis.com/vinfast-data-01/brochure/09042026/VFVN_VF%205_Brochure%20B%E1%BA%A3n%20s%E1%BB%ADa%20290126_1333PM.pdf
VF 5|Plus||interior|Nội thất|seat_material_type|Chất liệu bọc ghế|Giả da||https://storage.googleapis.com/vinfast-data-01/brochure/09042026/VFVN_VF%205_Brochure%20B%E1%BA%A3n%20s%E1%BB%ADa%20290126_1333PM.pdf
VF 5|Plus||interior|Nội thất|driver_seat_type|Ghế lái|Chỉnh cơ 6 hướng||https://storage.googleapis.com/vinfast-data-01/brochure/09042026/VFVN_VF%205_Brochure%20B%E1%BA%A3n%20s%E1%BB%ADa%20290126_1333PM.pdf
VF 5|Plus||interior|Nội thất|passenger_seat_type|Ghế phụ|Chỉnh cơ 4 hướng||https://storage.googleapis.com/vinfast-data-01/brochure/09042026/VFVN_VF%205_Brochure%20B%E1%BA%A3n%20s%E1%BB%ADa%20290126_1333PM.pdf
VF 5|Plus||interior|Nội thất|second_row_seat_type|Hàng ghế thứ hai|Có thể gập theo tỷ lệ 60:40||https://storage.googleapis.com/vinfast-data-01/brochure/09042026/VFVN_VF%205_Brochure%20B%E1%BA%A3n%20s%E1%BB%ADa%20290126_1333PM.pdf
VF 5|Plus||interior|Nội thất|ac_type|Hệ thống điều hòa|1 vùng||https://storage.googleapis.com/vinfast-data-01/brochure/09042026/VFVN_VF%205_Brochure%20B%E1%BA%A3n%20s%E1%BB%ADa%20290126_1333PM.pdf
VF 5|Plus||interior|Nội thất|cabin_air_filter|Lọc không khí Cabin|PM2.5||https://storage.googleapis.com/vinfast-data-01/brochure/09042026/VFVN_VF%205_Brochure%20B%E1%BA%A3n%20s%E1%BB%ADa%20290126_1333PM.pdf
VF 5|Plus||interior|Nội thất|defroster|Chức năng làm tan sương/tan băng|Có||https://storage.googleapis.com/vinfast-data-01/brochure/09042026/VFVN_VF%205_Brochure%20B%E1%BA%A3n%20s%E1%BB%ADa%20290126_1333PM.pdf
VF 5|Plus||interior|Nội thất|display_inch|Màn hình giải trí cảm ứng|8-inch|inch|https://storage.googleapis.com/vinfast-data-01/brochure/09042026/VFVN_VF%205_Brochure%20B%E1%BA%A3n%20s%E1%BB%ADa%20290126_1333PM.pdf
VF 5|Plus||interior|Nội thất|driver_display_inch|Màn hình thông tin lái|7-inch|inch|https://storage.googleapis.com/vinfast-data-01/brochure/09042026/VFVN_VF%205_Brochure%20B%E1%BA%A3n%20s%E1%BB%ADa%20290126_1333PM.pdf
VF 5|Plus||interior|Nội thất|usb_ports|Cổng kết nối USB|Hàng ghế trước: 1 (Cổng dữ liệu và sạc 7,5W) Hàng ghế thứ hai: 1 (Cổng sạc 18W)||https://storage.googleapis.com/vinfast-data-01/brochure/09042026/VFVN_VF%205_Brochure%20B%E1%BA%A3n%20s%E1%BB%ADa%20290126_1333PM.pdf
VF 5|Plus||connected|Kết nối thông minh|wifi_management|Quản lý WiFi|Có||https://storage.googleapis.com/vinfast-data-01/brochure/09042026/VFVN_VF%205_Brochure%20B%E1%BA%A3n%20s%E1%BB%ADa%20290126_1333PM.pdf
VF 5|Plus||connected|Kết nối thông minh|bluetooth_management|Quản lý thiết bị Bluetooth|Có||https://storage.googleapis.com/vinfast-data-01/brochure/09042026/VFVN_VF%205_Brochure%20B%E1%BA%A3n%20s%E1%BB%ADa%20290126_1333PM.pdf
VF 5|Plus||safety|An toàn|key_type|Loại chìa khóa|Chìa khóa từ xa||https://storage.googleapis.com/vinfast-data-01/brochure/09042026/VFVN_VF%205_Brochure%20B%E1%BA%A3n%20s%E1%BB%ADa%20290126_1333PM.pdf
VF 5|Plus||interior|Nội thất|speakers|Hệ thống loa|4|số lượng|https://storage.googleapis.com/vinfast-data-01/brochure/09042026/VFVN_VF%205_Brochure%20B%E1%BA%A3n%20s%E1%BB%ADa%20290126_1333PM.pdf
VF 5|Plus||safety|An toàn|abs|Chống bó cứng phanh (ABS)|Có||https://storage.googleapis.com/vinfast-data-01/brochure/09042026/VFVN_VF%205_Brochure%20B%E1%BA%A3n%20s%E1%BB%ADa%20290126_1333PM.pdf
VF 5|Plus||safety|An toàn|ebd|Phân phối lực phanh điện tử (EBD)|Có||https://storage.googleapis.com/vinfast-data-01/brochure/09042026/VFVN_VF%205_Brochure%20B%E1%BA%A3n%20s%E1%BB%ADa%20290126_1333PM.pdf
VF 5|Plus||safety|An toàn|brake_assist|Hỗ trợ phanh khẩn cấp (BA)|Có||https://storage.googleapis.com/vinfast-data-01/brochure/09042026/VFVN_VF%205_Brochure%20B%E1%BA%A3n%20s%E1%BB%ADa%20290126_1333PM.pdf
VF 5|Plus||safety|An toàn|esc|Cân bằng điện tử (ESC)|Có||https://storage.googleapis.com/vinfast-data-01/brochure/09042026/VFVN_VF%205_Brochure%20B%E1%BA%A3n%20s%E1%BB%ADa%20290126_1333PM.pdf
VF 5|Plus||safety|An toàn|tcs|Kiểm soát lực kéo (TCS)|Có||https://storage.googleapis.com/vinfast-data-01/brochure/09042026/VFVN_VF%205_Brochure%20B%E1%BA%A3n%20s%E1%BB%ADa%20290126_1333PM.pdf
VF 5|Plus||safety|An toàn|hsa|Hỗ trợ khởi hành ngang dốc (HSA)|Có||https://storage.googleapis.com/vinfast-data-01/brochure/09042026/VFVN_VF%205_Brochure%20B%E1%BA%A3n%20s%E1%BB%ADa%20290126_1333PM.pdf
VF 5|Plus||safety|An toàn|emergency_stop_signal|Đèn báo phanh khẩn cấp ESS|Có||https://storage.googleapis.com/vinfast-data-01/brochure/09042026/VFVN_VF%205_Brochure%20B%E1%BA%A3n%20s%E1%BB%ADa%20290126_1333PM.pdf
VF 5|Plus||safety|An toàn|tpms|Giám sát áp suất lốp|ITPMS||https://storage.googleapis.com/vinfast-data-01/brochure/09042026/VFVN_VF%205_Brochure%20B%E1%BA%A3n%20s%E1%BB%ADa%20290126_1333PM.pdf
VF 5|Plus||safety|An toàn|auto_door_lock|Khóa cửa xe tự động khi xe di chuyển|Có||https://storage.googleapis.com/vinfast-data-01/brochure/09042026/VFVN_VF%205_Brochure%20B%E1%BA%A3n%20s%E1%BB%ADa%20290126_1333PM.pdf
VF 5|Plus||safety|An toàn|pretensioner_seatbelt|Căng đai khẩn cấp|Có||https://storage.googleapis.com/vinfast-data-01/brochure/09042026/VFVN_VF%205_Brochure%20B%E1%BA%A3n%20s%E1%BB%ADa%20290126_1333PM.pdf
VF 5|Plus||safety|An toàn|isofix|Móc cố định ghế trẻ em ISOFIX|Có||https://storage.googleapis.com/vinfast-data-01/brochure/09042026/VFVN_VF%205_Brochure%20B%E1%BA%A3n%20s%E1%BB%ADa%20290126_1333PM.pdf
VF 5|Plus||safety|An toàn|seatbelt_warning|Cảnh báo dây an toàn|Có||https://storage.googleapis.com/vinfast-data-01/brochure/09042026/VFVN_VF%205_Brochure%20B%E1%BA%A3n%20s%E1%BB%ADa%20290126_1333PM.pdf
VF 5|Plus||security|An ninh|anti_theft_alarm|Cảnh báo chống trộm|Có||https://storage.googleapis.com/vinfast-data-01/brochure/09042026/VFVN_VF%205_Brochure%20B%E1%BA%A3n%20s%E1%BB%ADa%20290126_1333PM.pdf
VF 5|Plus||security|An ninh|immobilizer|Khoá động cơ khi có trộm|Có||https://storage.googleapis.com/vinfast-data-01/brochure/09042026/VFVN_VF%205_Brochure%20B%E1%BA%A3n%20s%E1%BB%ADa%20290126_1333PM.pdf
VF 5|Plus||safety|An toàn|airbags|Túi khí|6||https://storage.googleapis.com/vinfast-data-01/brochure/09042026/VFVN_VF%205_Brochure%20B%E1%BA%A3n%20s%E1%BB%ADa%20290126_1333PM.pdf
VF 5|Plus||safety|An toàn|front_airbags|Túi khí trước|2||https://storage.googleapis.com/vinfast-data-01/brochure/09042026/VFVN_VF%205_Brochure%20B%E1%BA%A3n%20s%E1%BB%ADa%20290126_1333PM.pdf
VF 5|Plus||safety|An toàn|curtain_airbags|Túi khí rèm|2||https://storage.googleapis.com/vinfast-data-01/brochure/09042026/VFVN_VF%205_Brochure%20B%E1%BA%A3n%20s%E1%BB%ADa%20290126_1333PM.pdf
VF 5|Plus||safety|An toàn|side_airbags_front|Túi khí bên hông ghế trước|2||https://storage.googleapis.com/vinfast-data-01/brochure/09042026/VFVN_VF%205_Brochure%20B%E1%BA%A3n%20s%E1%BB%ADa%20290126_1333PM.pdf
VF 5|Plus||adas|Hỗ trợ lái nâng cao (ADAS)|cruise_control_type|Kiểm soát hành trình|Có||https://storage.googleapis.com/vinfast-data-01/brochure/09042026/VFVN_VF%205_Brochure%20B%E1%BA%A3n%20s%E1%BB%ADa%20290126_1333PM.pdf
VF 5|Plus||adas|Hỗ trợ lái nâng cao (ADAS)|rear_cross_traffic_alert|Cảnh báo phương tiện cắt ngang phía sau|Có||https://storage.googleapis.com/vinfast-data-01/brochure/09042026/VFVN_VF%205_Brochure%20B%E1%BA%A3n%20s%E1%BB%ADa%20290126_1333PM.pdf
VF 5|Plus||adas|Hỗ trợ lái nâng cao (ADAS)|blind_spot_warning|Cảnh báo điểm mù|Có||https://storage.googleapis.com/vinfast-data-01/brochure/09042026/VFVN_VF%205_Brochure%20B%E1%BA%A3n%20s%E1%BB%ADa%20290126_1333PM.pdf
VF 5|Plus||adas|Hỗ trợ lái nâng cao (ADAS)|door_open_warning|Cảnh báo mở cửa|Có||https://storage.googleapis.com/vinfast-data-01/brochure/09042026/VFVN_VF%205_Brochure%20B%E1%BA%A3n%20s%E1%BB%ADa%20290126_1333PM.pdf
VF 5|Plus||adas|Hỗ trợ lái nâng cao (ADAS)|rearview_camera|Camera lùi|Có||https://storage.googleapis.com/vinfast-data-01/brochure/09042026/VFVN_VF%205_Brochure%20B%E1%BA%A3n%20s%E1%BB%ADa%20290126_1333PM.pdf
VF 5|Plus||adas|Hỗ trợ lái nâng cao (ADAS)|rear_parking_assist|Hỗ trợ đỗ xe phía sau|Có||https://storage.googleapis.com/vinfast-data-01/brochure/09042026/VFVN_VF%205_Brochure%20B%E1%BA%A3n%20s%E1%BB%ADa%20290126_1333PM.pdf
VF 5|Plus||infotainment|Giải trí & kết nối|self_diagnosis|Tự chẩn đoán lỗi|Có||https://storage.googleapis.com/vinfast-data-01/brochure/09042026/VFVN_VF%205_Brochure%20B%E1%BA%A3n%20s%E1%BB%ADa%20290126_1333PM.pdf
VF 5|Plus||connected|Kết nối thông minh|account_sync|Đồng bộ tài khoản / ứng dụng / phân quyền|Có||https://storage.googleapis.com/vinfast-data-01/brochure/09042026/VFVN_VF%205_Brochure%20B%E1%BA%A3n%20s%E1%BB%ADa%20290126_1333PM.pdf
VF 5|Plus||infotainment|Giải trí & kết nối|audio_entertainment|Giải trí âm thanh|FM Radio, USB, Bluetooth||https://storage.googleapis.com/vinfast-data-01/brochure/09042026/VFVN_VF%205_Brochure%20B%E1%BA%A3n%20s%E1%BB%ADa%20290126_1333PM.pdf
VF 5|Plus||infotainment|Giải trí & kết nối|smartphone_integration|Kết nối Android Auto / Apple CarPlay|Có||https://storage.googleapis.com/vinfast-data-01/brochure/09042026/VFVN_VF%205_Brochure%20B%E1%BA%A3n%20s%E1%BB%ADa%20290126_1333PM.pdf
VF 5|Plus||infotainment|Giải trí & kết nối|voice_control|Điều khiển chức năng xe bằng giọng nói|Có||https://storage.googleapis.com/vinfast-data-01/brochure/09042026/VFVN_VF%205_Brochure%20B%E1%BA%A3n%20s%E1%BB%ADa%20290126_1333PM.pdf
VF 5|Plus||infotainment|Giải trí & kết nối|voice_search|Hỏi đáp & tìm kiếm thông tin cơ bản|Có||https://storage.googleapis.com/vinfast-data-01/brochure/09042026/VFVN_VF%205_Brochure%20B%E1%BA%A3n%20s%E1%BB%ADa%20290126_1333PM.pdf
VF 5|Plus||connected|Kết nối thông minh|vehicle_monitoring|Giám sát xe từ xa|Có||https://storage.googleapis.com/vinfast-data-01/brochure/09042026/VFVN_VF%205_Brochure%20B%E1%BA%A3n%20s%E1%BB%ADa%20290126_1333PM.pdf
VF 5|Plus||connected|Kết nối thông minh|charger_map|Bản đồ trạm sạc|Có||https://storage.googleapis.com/vinfast-data-01/brochure/09042026/VFVN_VF%205_Brochure%20B%E1%BA%A3n%20s%E1%BB%ADa%20290126_1333PM.pdf
VF 5|Plus||connected|Kết nối thông minh|charge_payment|Thanh toán phí sạc|Có||https://storage.googleapis.com/vinfast-data-01/brochure/09042026/VFVN_VF%205_Brochure%20B%E1%BA%A3n%20s%E1%BB%ADa%20290126_1333PM.pdf
VF 5|Plus||connected|Kết nối thông minh|service_booking|Dịch vụ hậu mãi: đặt lịch sửa chữa, lái thử|Có||https://storage.googleapis.com/vinfast-data-01/brochure/09042026/VFVN_VF%205_Brochure%20B%E1%BA%A3n%20s%E1%BB%ADa%20290126_1333PM.pdf
VF 5|Plus||connected|Kết nối thông minh|promo_info|Thông tin khuyến mại & phụ kiện|Có||https://storage.googleapis.com/vinfast-data-01/brochure/09042026/VFVN_VF%205_Brochure%20B%E1%BA%A3n%20s%E1%BB%ADa%20290126_1333PM.pdf
VF 6|Eco||dimension|Kích thước & trọng lượng|length_mm|Chiều dài tổng thể|4241|mm|https://storage.googleapis.com/vinfast-data-01/brochure/14052026/VF%206_Brochure_Final_130526%20(12AM)_compressed.pdf
VF 6|Eco||dimension|Kích thước & trọng lượng|width_mm|Chiều rộng tổng thể|1834|mm|https://storage.googleapis.com/vinfast-data-01/brochure/14052026/VF%206_Brochure_Final_130526%20(12AM)_compressed.pdf
VF 6|Eco||dimension|Kích thước & trọng lượng|height_mm|Chiều cao tổng thể|1580|mm|https://storage.googleapis.com/vinfast-data-01/brochure/14052026/VF%206_Brochure_Final_130526%20(12AM)_compressed.pdf
VF 6|Eco||dimension|Kích thước & trọng lượng|wheelbase_mm|Chiều dài cơ sở|2.730|mm|https://storage.googleapis.com/vinfast-data-01/brochure/14052026/VF%206_Brochure_Final_130526%20(12AM)_compressed.pdf
VF 6|Eco||dimension|Kích thước & trọng lượng|ground_clearance_mm|Khoảng sáng gầm xe|170|mm|https://storage.googleapis.com/vinfast-data-01/brochure/14052026/VF%206_Brochure_Final_130526%20(12AM)_compressed.pdf
VF 6|Eco||powertrain|Hệ thống truyền động|power_kw|Công suất tối đa|130|kW|https://storage.googleapis.com/vinfast-data-01/brochure/14052026/VF%206_Brochure_Final_130526%20(12AM)_compressed.pdf
VF 6|Eco||powertrain|Hệ thống truyền động|torque_nm|Mô-men xoắn cực đại|250|Nm|https://storage.googleapis.com/vinfast-data-01/brochure/14052026/VF%206_Brochure_Final_130526%20(12AM)_compressed.pdf
VF 6|Eco||battery|Pin & sạc|range_km|Phạm vi di chuyển|485|km|https://storage.googleapis.com/vinfast-data-01/brochure/14052026/VF%206_Brochure_Final_130526%20(12AM)_compressed.pdf
VF 6|Eco||battery|Pin & sạc|battery_kwh|Dung lượng pin khả dụng|59,6|kWh|https://storage.googleapis.com/vinfast-data-01/brochure/14052026/VF%206_Brochure_Final_130526%20(12AM)_compressed.pdf
VF 6|Eco||powertrain|Hệ thống truyền động|mobile_charger_type|Dây sạc di động|Phụ kiện (AFS 3,5kW)||https://storage.googleapis.com/vinfast-data-01/brochure/14052026/VF%206_Brochure_Final_130526%20(12AM)_compressed.pdf
VF 6|Eco||powertrain|Hệ thống truyền động|home_charger_type|Bộ sạc tại nhà|Phụ kiện (AFS 7,4kW)||https://storage.googleapis.com/vinfast-data-01/brochure/14052026/VF%206_Brochure_Final_130526%20(12AM)_compressed.pdf
VF 6|Eco||battery|Pin & sạc|fast_charge_min|Thời gian nạp pin nhanh nhất|25 phút (từ 10% - 70%)|phút|https://storage.googleapis.com/vinfast-data-01/brochure/14052026/VF%206_Brochure_Final_130526%20(12AM)_compressed.pdf
VF 6|Eco||powertrain|Hệ thống truyền động|drivetrain|Dẫn động|Cầu trước (FWD)||https://storage.googleapis.com/vinfast-data-01/brochure/14052026/VF%206_Brochure_Final_130526%20(12AM)_compressed.pdf
VF 6|Eco||powertrain|Hệ thống truyền động|drive_modes|Chế độ lái|Eco/ Normal/ Sport||https://storage.googleapis.com/vinfast-data-01/brochure/14052026/VF%206_Brochure_Final_130526%20(12AM)_compressed.pdf
VF 6|Eco||exterior|Ngoại thất|wheel_size_inch|Kích thước la-zăng|17 inch|inch|https://storage.googleapis.com/vinfast-data-01/brochure/14052026/VF%206_Brochure_Final_130526%20(12AM)_compressed.pdf
VF 6|Eco||chassis|Khung gầm & hệ thống treo|front_suspension_type|Hệ thống treo trước|Độc lập, MacPherson||https://storage.googleapis.com/vinfast-data-01/brochure/14052026/VF%206_Brochure_Final_130526%20(12AM)_compressed.pdf
VF 6|Eco||chassis|Khung gầm & hệ thống treo|rear_suspension_type|Hệ thống treo sau|Thanh điều hướng đa điểm||https://storage.googleapis.com/vinfast-data-01/brochure/14052026/VF%206_Brochure_Final_130526%20(12AM)_compressed.pdf
VF 6|Eco||exterior|Ngoại thất|headlight_type|Đèn chiếu sáng phía trước|LED||https://storage.googleapis.com/vinfast-data-01/brochure/14052026/VF%206_Brochure_Final_130526%20(12AM)_compressed.pdf
VF 6|Eco||exterior|Ngoại thất|auto_headlights|Đèn pha tự động|Không||https://storage.googleapis.com/vinfast-data-01/brochure/14052026/VF%206_Brochure_Final_130526%20(12AM)_compressed.pdf
VF 6|Eco||exterior|Ngoại thất|drl_type|Đèn chiếu sáng ban ngày|LED||https://storage.googleapis.com/vinfast-data-01/brochure/14052026/VF%206_Brochure_Final_130526%20(12AM)_compressed.pdf
VF 6|Eco||exterior|Ngoại thất|auto_high_beam|Tự động bật/tắt chế độ chiếu xa|Không||https://storage.googleapis.com/vinfast-data-01/brochure/14052026/VF%206_Brochure_Final_130526%20(12AM)_compressed.pdf
VF 6|Eco||exterior|Ngoại thất|tail_light_type|Đèn hậu|LED||https://storage.googleapis.com/vinfast-data-01/brochure/14052026/VF%206_Brochure_Final_130526%20(12AM)_compressed.pdf
VF 6|Eco||exterior|Ngoại thất|front_brand_light|Đèn nhận diện thương hiệu trước|Có||https://storage.googleapis.com/vinfast-data-01/brochure/14052026/VF%206_Brochure_Final_130526%20(12AM)_compressed.pdf
VF 6|Eco||exterior|Ngoại thất|rear_brand_light|Đèn nhận diện thương hiệu sau|Không||https://storage.googleapis.com/vinfast-data-01/brochure/14052026/VF%206_Brochure_Final_130526%20(12AM)_compressed.pdf
VF 6|Eco||exterior|Ngoại thất|power_folding_mirrors|Gương chiếu hậu chỉnh điện / gập điện|Có||https://storage.googleapis.com/vinfast-data-01/brochure/14052026/VF%206_Brochure_Final_130526%20(12AM)_compressed.pdf
VF 6|Eco||exterior|Ngoại thất|rearview_mirror_type|Gương chiếu hậu|Không||https://storage.googleapis.com/vinfast-data-01/brochure/14052026/VF%206_Brochure_Final_130526%20(12AM)_compressed.pdf
VF 6|Eco||exterior|Ngoại thất|auto_wiper|Gạt mưa trước tự động|Không||https://storage.googleapis.com/vinfast-data-01/brochure/14052026/VF%206_Brochure_Final_130526%20(12AM)_compressed.pdf
VF 6|Eco||exterior|Ngoại thất|smart_key|Chìa khóa thông minh|Có||https://storage.googleapis.com/vinfast-data-01/brochure/14052026/VF%206_Brochure_Final_130526%20(12AM)_compressed.pdf
VF 6|Eco||interior|Nội thất|ac_type|Hệ thống điều hòa|Tự động 1 vùng||https://storage.googleapis.com/vinfast-data-01/brochure/14052026/VF%206_Brochure_Final_130526%20(12AM)_compressed.pdf
VF 6|Eco||interior|Nội thất|cabin_air_filter|Lọc không khí Cabin|Không||https://storage.googleapis.com/vinfast-data-01/brochure/14052026/VF%206_Brochure_Final_130526%20(12AM)_compressed.pdf
VF 6|Eco||interior|Nội thất|air_quality_control|Kiểm soát chất lượng không khí|Không||https://storage.googleapis.com/vinfast-data-01/brochure/14052026/VF%206_Brochure_Final_130526%20(12AM)_compressed.pdf
VF 6|Eco||interior|Nội thất|air_ionizer|Ion hóa không khí|Không||https://storage.googleapis.com/vinfast-data-01/brochure/14052026/VF%206_Brochure_Final_130526%20(12AM)_compressed.pdf
VF 6|Eco||interior|Nội thất|head_up_display|Màn hình hiển thị HUD|Không||https://storage.googleapis.com/vinfast-data-01/brochure/14052026/VF%206_Brochure_Final_130526%20(12AM)_compressed.pdf
VF 6|Eco||interior|Nội thất|display_inch|Màn hình giải trí cảm ứng|12,9 inch|inch|https://storage.googleapis.com/vinfast-data-01/brochure/14052026/VF%206_Brochure_Final_130526%20(12AM)_compressed.pdf
VF 6|Eco||infotainment|Giải trí & kết nối|smartphone_integration|Kết nối Android Auto / Apple CarPlay|Có||https://storage.googleapis.com/vinfast-data-01/brochure/14052026/VF%206_Brochure_Final_130526%20(12AM)_compressed.pdf
VF 6|Eco||interior|Nội thất|speakers|Hệ thống loa|6|số lượng|https://storage.googleapis.com/vinfast-data-01/brochure/14052026/VF%206_Brochure_Final_130526%20(12AM)_compressed.pdf
VF 6|Eco||interior|Nội thất|driver_seat_type|Ghế lái|Chỉnh cơ 6 hướng||https://storage.googleapis.com/vinfast-data-01/brochure/14052026/VF%206_Brochure_Final_130526%20(12AM)_compressed.pdf
VF 6|Eco||interior|Nội thất|leatherette_seats|Ghế bọc da nhân tạo|Có||https://storage.googleapis.com/vinfast-data-01/brochure/14052026/VF%206_Brochure_Final_130526%20(12AM)_compressed.pdf
VF 6|Eco||exterior|Ngoại thất|one_touch_windows|Kính cửa sổ chỉnh điện 1 chạm|Có, lên/xuống một chạm tất cả các vị trí||https://storage.googleapis.com/vinfast-data-01/brochure/14052026/VF%206_Brochure_Final_130526%20(12AM)_compressed.pdf
VF 6|Eco||convenience|Tiện nghi|epb_auto_hold|Phanh đỗ điện tử & giữ phanh tự động|Có||https://storage.googleapis.com/vinfast-data-01/brochure/14052026/VF%206_Brochure_Final_130526%20(12AM)_compressed.pdf
VF 6|Eco||safety|An toàn|airbags|Túi khí|4||https://storage.googleapis.com/vinfast-data-01/brochure/14052026/VF%206_Brochure_Final_130526%20(12AM)_compressed.pdf
VF 6|Eco||safety|An toàn|abs|Chống bó cứng phanh (ABS)|Có||https://storage.googleapis.com/vinfast-data-01/brochure/14052026/VF%206_Brochure_Final_130526%20(12AM)_compressed.pdf
VF 6|Eco||safety|An toàn|ebd|Phân phối lực phanh điện tử (EBD)|Có||https://storage.googleapis.com/vinfast-data-01/brochure/14052026/VF%206_Brochure_Final_130526%20(12AM)_compressed.pdf
VF 6|Eco||safety|An toàn|brake_assist|Hỗ trợ phanh khẩn cấp (BA)|Có||https://storage.googleapis.com/vinfast-data-01/brochure/14052026/VF%206_Brochure_Final_130526%20(12AM)_compressed.pdf
VF 6|Eco||safety|An toàn|esc|Cân bằng điện tử (ESC)|Có||https://storage.googleapis.com/vinfast-data-01/brochure/14052026/VF%206_Brochure_Final_130526%20(12AM)_compressed.pdf
VF 6|Eco||safety|An toàn|tcs|Kiểm soát lực kéo (TCS)|Có||https://storage.googleapis.com/vinfast-data-01/brochure/14052026/VF%206_Brochure_Final_130526%20(12AM)_compressed.pdf
VF 6|Eco||safety|An toàn|hsa|Hỗ trợ khởi hành ngang dốc (HSA)|Có||https://storage.googleapis.com/vinfast-data-01/brochure/14052026/VF%206_Brochure_Final_130526%20(12AM)_compressed.pdf
VF 6|Eco||safety|An toàn|tpms|Giám sát áp suất lốp|Có||https://storage.googleapis.com/vinfast-data-01/brochure/14052026/VF%206_Brochure_Final_130526%20(12AM)_compressed.pdf
VF 6|Eco||adas|Hỗ trợ lái nâng cao (ADAS)|highway_driving_assist|Trợ lái trên cao tốc / di chuyển khi tắc đường|Không||https://storage.googleapis.com/vinfast-data-01/brochure/14052026/VF%206_Brochure_Final_130526%20(12AM)_compressed.pdf
VF 6|Eco||adas|Hỗ trợ lái nâng cao (ADAS)|auto_lane_change|Hỗ trợ tự động chuyển làn|Không||https://storage.googleapis.com/vinfast-data-01/brochure/14052026/VF%206_Brochure_Final_130526%20(12AM)_compressed.pdf
VF 6|Eco||adas|Hỗ trợ lái nâng cao (ADAS)|cruise_control_type|Kiểm soát hành trình|Tiêu chuẩn||https://storage.googleapis.com/vinfast-data-01/brochure/14052026/VF%206_Brochure_Final_130526%20(12AM)_compressed.pdf
VF 6|Eco||adas|Hỗ trợ lái nâng cao (ADAS)|traffic_sign_recognition|Nhận biết biển báo giao thông|Không||https://storage.googleapis.com/vinfast-data-01/brochure/14052026/VF%206_Brochure_Final_130526%20(12AM)_compressed.pdf
VF 6|Eco||adas|Hỗ trợ lái nâng cao (ADAS)|adaptive_cruise_control|Điều chỉnh tốc độ thông minh|Không||https://storage.googleapis.com/vinfast-data-01/brochure/14052026/VF%206_Brochure_Final_130526%20(12AM)_compressed.pdf
VF 6|Eco||adas|Hỗ trợ lái nâng cao (ADAS)|lane_departure_warning|Cảnh báo chệch làn|Không||https://storage.googleapis.com/vinfast-data-01/brochure/14052026/VF%206_Brochure_Final_130526%20(12AM)_compressed.pdf
VF 6|Eco||adas|Hỗ trợ lái nâng cao (ADAS)|lane_keep_assist|Hỗ trợ giữ làn|Không||https://storage.googleapis.com/vinfast-data-01/brochure/14052026/VF%206_Brochure_Final_130526%20(12AM)_compressed.pdf
VF 6|Eco||adas|Hỗ trợ lái nâng cao (ADAS)|emergency_lane_keep|Hỗ trợ giữ làn khẩn cấp|Không||https://storage.googleapis.com/vinfast-data-01/brochure/14052026/VF%206_Brochure_Final_130526%20(12AM)_compressed.pdf
VF 6|Eco||adas|Hỗ trợ lái nâng cao (ADAS)|aeb_front_rear|Phanh tự động khẩn cấp trước/sau|Không||https://storage.googleapis.com/vinfast-data-01/brochure/14052026/VF%206_Brochure_Final_130526%20(12AM)_compressed.pdf
VF 6|Eco||adas|Hỗ trợ lái nâng cao (ADAS)|forward_collision_warning|Cảnh báo va chạm phía trước|Không||https://storage.googleapis.com/vinfast-data-01/brochure/14052026/VF%206_Brochure_Final_130526%20(12AM)_compressed.pdf
VF 6|Eco||adas|Hỗ trợ lái nâng cao (ADAS)|blind_spot_warning|Cảnh báo điểm mù|Có||https://storage.googleapis.com/vinfast-data-01/brochure/14052026/VF%206_Brochure_Final_130526%20(12AM)_compressed.pdf
VF 6|Eco||adas|Hỗ trợ lái nâng cao (ADAS)|rear_cross_traffic_alert|Cảnh báo phương tiện cắt ngang phía sau|Không||https://storage.googleapis.com/vinfast-data-01/brochure/14052026/VF%206_Brochure_Final_130526%20(12AM)_compressed.pdf
VF 6|Eco||adas|Hỗ trợ lái nâng cao (ADAS)|door_open_warning|Cảnh báo mở cửa|Không||https://storage.googleapis.com/vinfast-data-01/brochure/14052026/VF%206_Brochure_Final_130526%20(12AM)_compressed.pdf
VF 6|Eco||adas|Hỗ trợ lái nâng cao (ADAS)|rear_parking_assist|Hỗ trợ đỗ xe phía sau|Có||https://storage.googleapis.com/vinfast-data-01/brochure/14052026/VF%206_Brochure_Final_130526%20(12AM)_compressed.pdf
VF 6|Eco||adas|Hỗ trợ lái nâng cao (ADAS)|rearview_camera|Camera lùi|Có||https://storage.googleapis.com/vinfast-data-01/brochure/14052026/VF%206_Brochure_Final_130526%20(12AM)_compressed.pdf
VF 6|Eco||adas|Hỗ trợ lái nâng cao (ADAS)|surround_view_camera|Camera 360° / giám sát xung quanh|Không||https://storage.googleapis.com/vinfast-data-01/brochure/14052026/VF%206_Brochure_Final_130526%20(12AM)_compressed.pdf
VF 6|Eco||adas|Hỗ trợ lái nâng cao (ADAS)|driver_monitoring|Cảnh báo tài xế buồn ngủ & mất tập trung|Không||https://storage.googleapis.com/vinfast-data-01/brochure/14052026/VF%206_Brochure_Final_130526%20(12AM)_compressed.pdf
VF 6|Eco||security|An ninh|anti_theft_alarm|Cảnh báo chống trộm|Có||https://storage.googleapis.com/vinfast-data-01/brochure/14052026/VF%206_Brochure_Final_130526%20(12AM)_compressed.pdf
VF 6|Eco||security|An ninh|immobilizer|Khoá động cơ khi có trộm|Có||https://storage.googleapis.com/vinfast-data-01/brochure/14052026/VF%206_Brochure_Final_130526%20(12AM)_compressed.pdf
VF 6|Eco||infotainment|Giải trí & kết nối|special_operation_modes|Chế độ vận hành đặc biệt|Có||https://storage.googleapis.com/vinfast-data-01/brochure/14052026/VF%206_Brochure_Final_130526%20(12AM)_compressed.pdf
VF 6|Eco||infotainment|Giải trí & kết nối|online_entertainment|Giải trí trực tuyến|Có||https://storage.googleapis.com/vinfast-data-01/brochure/14052026/VF%206_Brochure_Final_130526%20(12AM)_compressed.pdf
VF 6|Eco||infotainment|Giải trí & kết nối|navigation|Điều hướng & dẫn đường|Có||https://storage.googleapis.com/vinfast-data-01/brochure/14052026/VF%206_Brochure_Final_130526%20(12AM)_compressed.pdf
VF 6|Eco||infotainment|Giải trí & kết nối|gaming|Trò chơi|Có||https://storage.googleapis.com/vinfast-data-01/brochure/14052026/VF%206_Brochure_Final_130526%20(12AM)_compressed.pdf
VF 6|Eco||infotainment|Giải trí & kết nối|web_browser|Trình duyệt web|Có||https://storage.googleapis.com/vinfast-data-01/brochure/14052026/VF%206_Brochure_Final_130526%20(12AM)_compressed.pdf
VF 6|Eco||infotainment|Giải trí & kết nối|self_diagnosis|Tự chẩn đoán lỗi|Có||https://storage.googleapis.com/vinfast-data-01/brochure/14052026/VF%206_Brochure_Final_130526%20(12AM)_compressed.pdf
VF 6|Eco||infotainment|Giải trí & kết nối|ota_update|Cập nhật phần mềm từ xa|Có||https://storage.googleapis.com/vinfast-data-01/brochure/14052026/VF%206_Brochure_Final_130526%20(12AM)_compressed.pdf
VF 6|Eco||infotainment|Giải trí & kết nối|virtual_assistant|Trợ lý ảo|Có||https://storage.googleapis.com/vinfast-data-01/brochure/14052026/VF%206_Brochure_Final_130526%20(12AM)_compressed.pdf
VF 6|Eco||infotainment|Giải trí & kết nối|phone_app|Ứng dụng điện thoại|Có||https://storage.googleapis.com/vinfast-data-01/brochure/14052026/VF%206_Brochure_Final_130526%20(12AM)_compressed.pdf
VF 6|Plus||dimension|Kích thước & trọng lượng|length_mm|Chiều dài tổng thể|4241|mm|https://storage.googleapis.com/vinfast-data-01/brochure/14052026/VF%206_Brochure_Final_130526%20(12AM)_compressed.pdf
VF 6|Plus||dimension|Kích thước & trọng lượng|width_mm|Chiều rộng tổng thể|1834|mm|https://storage.googleapis.com/vinfast-data-01/brochure/14052026/VF%206_Brochure_Final_130526%20(12AM)_compressed.pdf
VF 6|Plus||dimension|Kích thước & trọng lượng|height_mm|Chiều cao tổng thể|1580|mm|https://storage.googleapis.com/vinfast-data-01/brochure/14052026/VF%206_Brochure_Final_130526%20(12AM)_compressed.pdf
VF 6|Plus||dimension|Kích thước & trọng lượng|wheelbase_mm|Chiều dài cơ sở|2.730|mm|https://storage.googleapis.com/vinfast-data-01/brochure/14052026/VF%206_Brochure_Final_130526%20(12AM)_compressed.pdf
VF 6|Plus||dimension|Kích thước & trọng lượng|ground_clearance_mm|Khoảng sáng gầm xe|170|mm|https://storage.googleapis.com/vinfast-data-01/brochure/14052026/VF%206_Brochure_Final_130526%20(12AM)_compressed.pdf
VF 6|Plus||powertrain|Hệ thống truyền động|power_kw|Công suất tối đa|150|kW|https://storage.googleapis.com/vinfast-data-01/brochure/14052026/VF%206_Brochure_Final_130526%20(12AM)_compressed.pdf
VF 6|Plus||powertrain|Hệ thống truyền động|torque_nm|Mô-men xoắn cực đại|310|Nm|https://storage.googleapis.com/vinfast-data-01/brochure/14052026/VF%206_Brochure_Final_130526%20(12AM)_compressed.pdf
VF 6|Plus||battery|Pin & sạc|range_km|Phạm vi di chuyển|460|km|https://storage.googleapis.com/vinfast-data-01/brochure/14052026/VF%206_Brochure_Final_130526%20(12AM)_compressed.pdf
VF 6|Plus||battery|Pin & sạc|battery_kwh|Dung lượng pin khả dụng|59,6|kWh|https://storage.googleapis.com/vinfast-data-01/brochure/14052026/VF%206_Brochure_Final_130526%20(12AM)_compressed.pdf
VF 6|Plus||powertrain|Hệ thống truyền động|mobile_charger_type|Dây sạc di động|Phụ kiện (AFS 3,5kW)||https://storage.googleapis.com/vinfast-data-01/brochure/14052026/VF%206_Brochure_Final_130526%20(12AM)_compressed.pdf
VF 6|Plus||powertrain|Hệ thống truyền động|home_charger_type|Bộ sạc tại nhà|Phụ kiện (AFS 7,4kW)||https://storage.googleapis.com/vinfast-data-01/brochure/14052026/VF%206_Brochure_Final_130526%20(12AM)_compressed.pdf
VF 6|Plus||battery|Pin & sạc|fast_charge_min|Thời gian nạp pin nhanh nhất|25 phút (từ 10% - 70%)|phút|https://storage.googleapis.com/vinfast-data-01/brochure/14052026/VF%206_Brochure_Final_130526%20(12AM)_compressed.pdf
VF 6|Plus||powertrain|Hệ thống truyền động|drivetrain|Dẫn động|Cầu trước (FWD)||https://storage.googleapis.com/vinfast-data-01/brochure/14052026/VF%206_Brochure_Final_130526%20(12AM)_compressed.pdf
VF 6|Plus||powertrain|Hệ thống truyền động|drive_modes|Chế độ lái|Eco/ Normal/ Sport||https://storage.googleapis.com/vinfast-data-01/brochure/14052026/VF%206_Brochure_Final_130526%20(12AM)_compressed.pdf
VF 6|Plus||exterior|Ngoại thất|wheel_size_inch|Kích thước la-zăng|18 inch|inch|https://storage.googleapis.com/vinfast-data-01/brochure/14052026/VF%206_Brochure_Final_130526%20(12AM)_compressed.pdf
VF 6|Plus||chassis|Khung gầm & hệ thống treo|front_suspension_type|Hệ thống treo trước|Độc lập, MacPherson||https://storage.googleapis.com/vinfast-data-01/brochure/14052026/VF%206_Brochure_Final_130526%20(12AM)_compressed.pdf
VF 6|Plus||chassis|Khung gầm & hệ thống treo|rear_suspension_type|Hệ thống treo sau|Thanh điều hướng đa điểm||https://storage.googleapis.com/vinfast-data-01/brochure/14052026/VF%206_Brochure_Final_130526%20(12AM)_compressed.pdf
VF 6|Plus||exterior|Ngoại thất|headlight_type|Đèn chiếu sáng phía trước|LED||https://storage.googleapis.com/vinfast-data-01/brochure/14052026/VF%206_Brochure_Final_130526%20(12AM)_compressed.pdf
VF 6|Plus||exterior|Ngoại thất|auto_headlights|Đèn pha tự động|Có||https://storage.googleapis.com/vinfast-data-01/brochure/14052026/VF%206_Brochure_Final_130526%20(12AM)_compressed.pdf
VF 6|Plus||exterior|Ngoại thất|drl_type|Đèn chiếu sáng ban ngày|LED||https://storage.googleapis.com/vinfast-data-01/brochure/14052026/VF%206_Brochure_Final_130526%20(12AM)_compressed.pdf
VF 6|Plus||exterior|Ngoại thất|auto_high_beam|Tự động bật/tắt chế độ chiếu xa|Có||https://storage.googleapis.com/vinfast-data-01/brochure/14052026/VF%206_Brochure_Final_130526%20(12AM)_compressed.pdf
VF 6|Plus||exterior|Ngoại thất|tail_light_type|Đèn hậu|LED||https://storage.googleapis.com/vinfast-data-01/brochure/14052026/VF%206_Brochure_Final_130526%20(12AM)_compressed.pdf
VF 6|Plus||exterior|Ngoại thất|front_brand_light|Đèn nhận diện thương hiệu trước|Có||https://storage.googleapis.com/vinfast-data-01/brochure/14052026/VF%206_Brochure_Final_130526%20(12AM)_compressed.pdf
VF 6|Plus||exterior|Ngoại thất|rear_brand_light|Đèn nhận diện thương hiệu sau|Có||https://storage.googleapis.com/vinfast-data-01/brochure/14052026/VF%206_Brochure_Final_130526%20(12AM)_compressed.pdf
VF 6|Plus||exterior|Ngoại thất|power_folding_mirrors|Gương chiếu hậu chỉnh điện / gập điện|Có||https://storage.googleapis.com/vinfast-data-01/brochure/14052026/VF%206_Brochure_Final_130526%20(12AM)_compressed.pdf
VF 6|Plus||exterior|Ngoại thất|rearview_mirror_type|Gương chiếu hậu|Có||https://storage.googleapis.com/vinfast-data-01/brochure/14052026/VF%206_Brochure_Final_130526%20(12AM)_compressed.pdf
VF 6|Plus||exterior|Ngoại thất|auto_wiper|Gạt mưa trước tự động|Có||https://storage.googleapis.com/vinfast-data-01/brochure/14052026/VF%206_Brochure_Final_130526%20(12AM)_compressed.pdf
VF 6|Plus||exterior|Ngoại thất|smart_key|Chìa khóa thông minh|Có||https://storage.googleapis.com/vinfast-data-01/brochure/14052026/VF%206_Brochure_Final_130526%20(12AM)_compressed.pdf
VF 6|Plus||interior|Nội thất|ac_type|Hệ thống điều hòa|Tự động, 2 vùng||https://storage.googleapis.com/vinfast-data-01/brochure/14052026/VF%206_Brochure_Final_130526%20(12AM)_compressed.pdf
VF 6|Plus||interior|Nội thất|cabin_air_filter|Lọc không khí Cabin|Có||https://storage.googleapis.com/vinfast-data-01/brochure/14052026/VF%206_Brochure_Final_130526%20(12AM)_compressed.pdf
VF 6|Plus||interior|Nội thất|air_quality_control|Kiểm soát chất lượng không khí|Có||https://storage.googleapis.com/vinfast-data-01/brochure/14052026/VF%206_Brochure_Final_130526%20(12AM)_compressed.pdf
VF 6|Plus||interior|Nội thất|air_ionizer|Ion hóa không khí|Có||https://storage.googleapis.com/vinfast-data-01/brochure/14052026/VF%206_Brochure_Final_130526%20(12AM)_compressed.pdf
VF 6|Plus||interior|Nội thất|head_up_display|Màn hình hiển thị HUD|Có||https://storage.googleapis.com/vinfast-data-01/brochure/14052026/VF%206_Brochure_Final_130526%20(12AM)_compressed.pdf
VF 6|Plus||interior|Nội thất|display_inch|Màn hình giải trí cảm ứng|12,9 inch|inch|https://storage.googleapis.com/vinfast-data-01/brochure/14052026/VF%206_Brochure_Final_130526%20(12AM)_compressed.pdf
VF 6|Plus||infotainment|Giải trí & kết nối|smartphone_integration|Kết nối Android Auto / Apple CarPlay|Có||https://storage.googleapis.com/vinfast-data-01/brochure/14052026/VF%206_Brochure_Final_130526%20(12AM)_compressed.pdf
VF 6|Plus||interior|Nội thất|speakers|Hệ thống loa|6|số lượng|https://storage.googleapis.com/vinfast-data-01/brochure/14052026/VF%206_Brochure_Final_130526%20(12AM)_compressed.pdf
VF 6|Plus||interior|Nội thất|driver_seat_type|Ghế lái|Chỉnh điện 8 hướng||https://storage.googleapis.com/vinfast-data-01/brochure/14052026/VF%206_Brochure_Final_130526%20(12AM)_compressed.pdf
VF 6|Plus||interior|Nội thất|leatherette_seats|Ghế bọc da nhân tạo|Có||https://storage.googleapis.com/vinfast-data-01/brochure/14052026/VF%206_Brochure_Final_130526%20(12AM)_compressed.pdf
VF 6|Plus||exterior|Ngoại thất|one_touch_windows|Kính cửa sổ chỉnh điện 1 chạm|Có, lên/xuống một chạm tất cả các vị trí||https://storage.googleapis.com/vinfast-data-01/brochure/14052026/VF%206_Brochure_Final_130526%20(12AM)_compressed.pdf
VF 6|Plus||convenience|Tiện nghi|epb_auto_hold|Phanh đỗ điện tử & giữ phanh tự động|Có||https://storage.googleapis.com/vinfast-data-01/brochure/14052026/VF%206_Brochure_Final_130526%20(12AM)_compressed.pdf
VF 6|Plus||safety|An toàn|airbags|Túi khí|7||https://storage.googleapis.com/vinfast-data-01/brochure/14052026/VF%206_Brochure_Final_130526%20(12AM)_compressed.pdf
VF 6|Plus||safety|An toàn|abs|Chống bó cứng phanh (ABS)|Có||https://storage.googleapis.com/vinfast-data-01/brochure/14052026/VF%206_Brochure_Final_130526%20(12AM)_compressed.pdf
VF 6|Plus||safety|An toàn|ebd|Phân phối lực phanh điện tử (EBD)|Có||https://storage.googleapis.com/vinfast-data-01/brochure/14052026/VF%206_Brochure_Final_130526%20(12AM)_compressed.pdf
VF 6|Plus||safety|An toàn|brake_assist|Hỗ trợ phanh khẩn cấp (BA)|Có||https://storage.googleapis.com/vinfast-data-01/brochure/14052026/VF%206_Brochure_Final_130526%20(12AM)_compressed.pdf
VF 6|Plus||safety|An toàn|esc|Cân bằng điện tử (ESC)|Có||https://storage.googleapis.com/vinfast-data-01/brochure/14052026/VF%206_Brochure_Final_130526%20(12AM)_compressed.pdf
VF 6|Plus||safety|An toàn|tcs|Kiểm soát lực kéo (TCS)|Có||https://storage.googleapis.com/vinfast-data-01/brochure/14052026/VF%206_Brochure_Final_130526%20(12AM)_compressed.pdf
VF 6|Plus||safety|An toàn|hsa|Hỗ trợ khởi hành ngang dốc (HSA)|Có||https://storage.googleapis.com/vinfast-data-01/brochure/14052026/VF%206_Brochure_Final_130526%20(12AM)_compressed.pdf
VF 6|Plus||safety|An toàn|tpms|Giám sát áp suất lốp|Có||https://storage.googleapis.com/vinfast-data-01/brochure/14052026/VF%206_Brochure_Final_130526%20(12AM)_compressed.pdf
VF 6|Plus||adas|Hỗ trợ lái nâng cao (ADAS)|highway_driving_assist|Trợ lái trên cao tốc / di chuyển khi tắc đường|Có||https://storage.googleapis.com/vinfast-data-01/brochure/14052026/VF%206_Brochure_Final_130526%20(12AM)_compressed.pdf
VF 6|Plus||adas|Hỗ trợ lái nâng cao (ADAS)|auto_lane_change|Hỗ trợ tự động chuyển làn|Có||https://storage.googleapis.com/vinfast-data-01/brochure/14052026/VF%206_Brochure_Final_130526%20(12AM)_compressed.pdf
VF 6|Plus||adas|Hỗ trợ lái nâng cao (ADAS)|cruise_control_type|Kiểm soát hành trình|Thích ứng||https://storage.googleapis.com/vinfast-data-01/brochure/14052026/VF%206_Brochure_Final_130526%20(12AM)_compressed.pdf
VF 6|Plus||adas|Hỗ trợ lái nâng cao (ADAS)|traffic_sign_recognition|Nhận biết biển báo giao thông|Có||https://storage.googleapis.com/vinfast-data-01/brochure/14052026/VF%206_Brochure_Final_130526%20(12AM)_compressed.pdf
VF 6|Plus||adas|Hỗ trợ lái nâng cao (ADAS)|adaptive_cruise_control|Điều chỉnh tốc độ thông minh|Có||https://storage.googleapis.com/vinfast-data-01/brochure/14052026/VF%206_Brochure_Final_130526%20(12AM)_compressed.pdf
VF 6|Plus||adas|Hỗ trợ lái nâng cao (ADAS)|lane_departure_warning|Cảnh báo chệch làn|Có||https://storage.googleapis.com/vinfast-data-01/brochure/14052026/VF%206_Brochure_Final_130526%20(12AM)_compressed.pdf
VF 6|Plus||adas|Hỗ trợ lái nâng cao (ADAS)|lane_keep_assist|Hỗ trợ giữ làn|Có||https://storage.googleapis.com/vinfast-data-01/brochure/14052026/VF%206_Brochure_Final_130526%20(12AM)_compressed.pdf
VF 6|Plus||adas|Hỗ trợ lái nâng cao (ADAS)|emergency_lane_keep|Hỗ trợ giữ làn khẩn cấp|Có||https://storage.googleapis.com/vinfast-data-01/brochure/14052026/VF%206_Brochure_Final_130526%20(12AM)_compressed.pdf
VF 6|Plus||adas|Hỗ trợ lái nâng cao (ADAS)|aeb_front_rear|Phanh tự động khẩn cấp trước/sau|Có||https://storage.googleapis.com/vinfast-data-01/brochure/14052026/VF%206_Brochure_Final_130526%20(12AM)_compressed.pdf
VF 6|Plus||adas|Hỗ trợ lái nâng cao (ADAS)|forward_collision_warning|Cảnh báo va chạm phía trước|Có||https://storage.googleapis.com/vinfast-data-01/brochure/14052026/VF%206_Brochure_Final_130526%20(12AM)_compressed.pdf
VF 6|Plus||adas|Hỗ trợ lái nâng cao (ADAS)|blind_spot_warning|Cảnh báo điểm mù|Có||https://storage.googleapis.com/vinfast-data-01/brochure/14052026/VF%206_Brochure_Final_130526%20(12AM)_compressed.pdf
VF 6|Plus||adas|Hỗ trợ lái nâng cao (ADAS)|rear_cross_traffic_alert|Cảnh báo phương tiện cắt ngang phía sau|Có||https://storage.googleapis.com/vinfast-data-01/brochure/14052026/VF%206_Brochure_Final_130526%20(12AM)_compressed.pdf
VF 6|Plus||adas|Hỗ trợ lái nâng cao (ADAS)|door_open_warning|Cảnh báo mở cửa|Có||https://storage.googleapis.com/vinfast-data-01/brochure/14052026/VF%206_Brochure_Final_130526%20(12AM)_compressed.pdf
VF 6|Plus||adas|Hỗ trợ lái nâng cao (ADAS)|rear_parking_assist|Hỗ trợ đỗ xe phía sau|Có||https://storage.googleapis.com/vinfast-data-01/brochure/14052026/VF%206_Brochure_Final_130526%20(12AM)_compressed.pdf
VF 6|Plus||adas|Hỗ trợ lái nâng cao (ADAS)|rearview_camera|Camera lùi|Có||https://storage.googleapis.com/vinfast-data-01/brochure/14052026/VF%206_Brochure_Final_130526%20(12AM)_compressed.pdf
VF 6|Plus||adas|Hỗ trợ lái nâng cao (ADAS)|surround_view_camera|Camera 360° / giám sát xung quanh|Có||https://storage.googleapis.com/vinfast-data-01/brochure/14052026/VF%206_Brochure_Final_130526%20(12AM)_compressed.pdf
VF 6|Plus||adas|Hỗ trợ lái nâng cao (ADAS)|driver_monitoring|Cảnh báo tài xế buồn ngủ & mất tập trung|Có||https://storage.googleapis.com/vinfast-data-01/brochure/14052026/VF%206_Brochure_Final_130526%20(12AM)_compressed.pdf
VF 6|Plus||security|An ninh|anti_theft_alarm|Cảnh báo chống trộm|Có||https://storage.googleapis.com/vinfast-data-01/brochure/14052026/VF%206_Brochure_Final_130526%20(12AM)_compressed.pdf
VF 6|Plus||security|An ninh|immobilizer|Khoá động cơ khi có trộm|Có||https://storage.googleapis.com/vinfast-data-01/brochure/14052026/VF%206_Brochure_Final_130526%20(12AM)_compressed.pdf
VF 6|Plus||infotainment|Giải trí & kết nối|special_operation_modes|Chế độ vận hành đặc biệt|Có||https://storage.googleapis.com/vinfast-data-01/brochure/14052026/VF%206_Brochure_Final_130526%20(12AM)_compressed.pdf
VF 6|Plus||infotainment|Giải trí & kết nối|online_entertainment|Giải trí trực tuyến|Có||https://storage.googleapis.com/vinfast-data-01/brochure/14052026/VF%206_Brochure_Final_130526%20(12AM)_compressed.pdf
VF 6|Plus||infotainment|Giải trí & kết nối|navigation|Điều hướng & dẫn đường|Có||https://storage.googleapis.com/vinfast-data-01/brochure/14052026/VF%206_Brochure_Final_130526%20(12AM)_compressed.pdf
VF 6|Plus||infotainment|Giải trí & kết nối|gaming|Trò chơi|Có||https://storage.googleapis.com/vinfast-data-01/brochure/14052026/VF%206_Brochure_Final_130526%20(12AM)_compressed.pdf
VF 6|Plus||infotainment|Giải trí & kết nối|web_browser|Trình duyệt web|Có||https://storage.googleapis.com/vinfast-data-01/brochure/14052026/VF%206_Brochure_Final_130526%20(12AM)_compressed.pdf
VF 6|Plus||infotainment|Giải trí & kết nối|self_diagnosis|Tự chẩn đoán lỗi|Có||https://storage.googleapis.com/vinfast-data-01/brochure/14052026/VF%206_Brochure_Final_130526%20(12AM)_compressed.pdf
VF 6|Plus||infotainment|Giải trí & kết nối|ota_update|Cập nhật phần mềm từ xa|Có||https://storage.googleapis.com/vinfast-data-01/brochure/14052026/VF%206_Brochure_Final_130526%20(12AM)_compressed.pdf
VF 6|Plus||infotainment|Giải trí & kết nối|virtual_assistant|Trợ lý ảo|Có||https://storage.googleapis.com/vinfast-data-01/brochure/14052026/VF%206_Brochure_Final_130526%20(12AM)_compressed.pdf
VF 6|Plus||infotainment|Giải trí & kết nối|phone_app|Ứng dụng điện thoại|Có||https://storage.googleapis.com/vinfast-data-01/brochure/14052026/VF%206_Brochure_Final_130526%20(12AM)_compressed.pdf
VF 7|Eco||dimension|Kích thước & trọng lượng|length_mm|Chiều dài tổng thể|4545|mm|https://vinfastnamtuliem.vn/wp-content/uploads/2025/02/VF7_Brochure_T062025.pdf
VF 7|Eco||dimension|Kích thước & trọng lượng|width_mm|Chiều rộng tổng thể|1890|mm|https://vinfastnamtuliem.vn/wp-content/uploads/2025/02/VF7_Brochure_T062025.pdf
VF 7|Eco||dimension|Kích thước & trọng lượng|height_mm|Chiều cao tổng thể|1635.75|mm|https://vinfastnamtuliem.vn/wp-content/uploads/2025/02/VF7_Brochure_T062025.pdf
VF 7|Eco||dimension|Kích thước & trọng lượng|wheelbase_mm|Chiều dài cơ sở|2,840|mm|https://vinfastnamtuliem.vn/wp-content/uploads/2025/02/VF7_Brochure_T062025.pdf
VF 7|Eco||dimension|Kích thước & trọng lượng|ground_clearance_mm|Khoảng sáng gầm xe|190|mm|https://vinfastnamtuliem.vn/wp-content/uploads/2025/02/VF7_Brochure_T062025.pdf
VF 7|Eco||powertrain|Hệ thống truyền động|power_kw|Công suất tối đa|130|kW|https://vinfastnamtuliem.vn/wp-content/uploads/2025/02/VF7_Brochure_T062025.pdf
VF 7|Eco||powertrain|Hệ thống truyền động|torque_nm|Mô-men xoắn cực đại|250|Nm|https://vinfastnamtuliem.vn/wp-content/uploads/2025/02/VF7_Brochure_T062025.pdf
VF 7|Eco||battery|Pin & sạc|range_km|Phạm vi di chuyển|498|km|https://vinfastnamtuliem.vn/wp-content/uploads/2025/02/VF7_Brochure_T062025.pdf
VF 7|Eco||battery|Pin & sạc|battery_kwh|Dung lượng pin khả dụng|59,6|kWh|https://vinfastnamtuliem.vn/wp-content/uploads/2025/02/VF7_Brochure_T062025.pdf
VF 7|Eco||powertrain|Hệ thống truyền động|mobile_charger_type|Dây sạc di động|Phụ kiện (AFS 3,5 kW)||https://vinfastnamtuliem.vn/wp-content/uploads/2025/02/VF7_Brochure_T062025.pdf
VF 7|Eco||powertrain|Hệ thống truyền động|home_charger_type|Bộ sạc tại nhà|Phụ kiện (AFS 7,4 kW)||https://vinfastnamtuliem.vn/wp-content/uploads/2025/02/VF7_Brochure_T062025.pdf
VF 7|Eco||battery|Pin & sạc|fast_charge_min|Thời gian nạp pin nhanh nhất|24.1 phút (từ 10% - 70%)|phút|https://vinfastnamtuliem.vn/wp-content/uploads/2025/02/VF7_Brochure_T062025.pdf
VF 7|Eco||powertrain|Hệ thống truyền động|drivetrain|Dẫn động|Cầu trước (FWD)||https://vinfastnamtuliem.vn/wp-content/uploads/2025/02/VF7_Brochure_T062025.pdf
VF 7|Eco||powertrain|Hệ thống truyền động|drive_modes|Chế độ lái|Eco/ Normal/ Sport||https://vinfastnamtuliem.vn/wp-content/uploads/2025/02/VF7_Brochure_T062025.pdf
VF 7|Eco||exterior|Ngoại thất|wheel_size_inch|Kích thước la-zăng|19 inch|inch|https://vinfastnamtuliem.vn/wp-content/uploads/2025/02/VF7_Brochure_T062025.pdf
VF 7|Eco||chassis|Khung gầm & hệ thống treo|front_suspension_type|Hệ thống treo trước|Độc lập, MacPherson||https://vinfastnamtuliem.vn/wp-content/uploads/2025/02/VF7_Brochure_T062025.pdf
VF 7|Eco||chassis|Khung gầm & hệ thống treo|rear_suspension_type|Hệ thống treo sau|Thanh điều hướng đa điểm||https://vinfastnamtuliem.vn/wp-content/uploads/2025/02/VF7_Brochure_T062025.pdf
VF 7|Eco||exterior|Ngoại thất|headlight_type|Đèn chiếu sáng phía trước|LED||https://vinfastnamtuliem.vn/wp-content/uploads/2025/02/VF7_Brochure_T062025.pdf
VF 7|Eco||exterior|Ngoại thất|auto_headlights|Đèn pha tự động|Có||https://vinfastnamtuliem.vn/wp-content/uploads/2025/02/VF7_Brochure_T062025.pdf
VF 7|Eco||exterior|Ngoại thất|drl_type|Đèn chiếu sáng ban ngày|LED||https://vinfastnamtuliem.vn/wp-content/uploads/2025/02/VF7_Brochure_T062025.pdf
VF 7|Eco||exterior|Ngoại thất|auto_high_beam|Tự động bật/tắt chế độ chiếu xa|Không||https://vinfastnamtuliem.vn/wp-content/uploads/2025/02/VF7_Brochure_T062025.pdf
VF 7|Eco||exterior|Ngoại thất|tail_light_type|Đèn hậu|LED||https://vinfastnamtuliem.vn/wp-content/uploads/2025/02/VF7_Brochure_T062025.pdf
VF 7|Eco||exterior|Ngoại thất|rearview_mirror_type|Gương chiếu hậu|Có||https://vinfastnamtuliem.vn/wp-content/uploads/2025/02/VF7_Brochure_T062025.pdf
VF 7|Eco||exterior|Ngoại thất|auto_wiper|Gạt mưa trước tự động|Có||https://vinfastnamtuliem.vn/wp-content/uploads/2025/02/VF7_Brochure_T062025.pdf
VF 7|Eco||exterior|Ngoại thất|smart_key|Chìa khóa thông minh|Có||https://vinfastnamtuliem.vn/wp-content/uploads/2025/02/VF7_Brochure_T062025.pdf
VF 7|Eco||exterior|Ngoại thất|trunk_lid_type|Điều chỉnh cốp sau|Chỉnh cơ||https://vinfastnamtuliem.vn/wp-content/uploads/2025/02/VF7_Brochure_T062025.pdf
VF 7|Eco||exterior|Ngoại thất|door_handle_type|Tay nắm cửa|Dạng ẩn||https://vinfastnamtuliem.vn/wp-content/uploads/2025/02/VF7_Brochure_T062025.pdf
VF 7|Eco||interior|Nội thất|ac_type|Hệ thống điều hòa|Tự động, 2 vùng||https://vinfastnamtuliem.vn/wp-content/uploads/2025/02/VF7_Brochure_T062025.pdf
VF 7|Eco||interior|Nội thất|cabin_air_filter|Lọc không khí Cabin|Có||https://vinfastnamtuliem.vn/wp-content/uploads/2025/02/VF7_Brochure_T062025.pdf
VF 7|Eco||interior|Nội thất|rear_ac_vents|Ống thông gió dưới chân hành khách sau|Có||https://vinfastnamtuliem.vn/wp-content/uploads/2025/02/VF7_Brochure_T062025.pdf
VF 7|Eco||interior|Nội thất|head_up_display|Màn hình hiển thị HUD|OPT||https://vinfastnamtuliem.vn/wp-content/uploads/2025/02/VF7_Brochure_T062025.pdf
VF 7|Eco||interior|Nội thất|display_inch|Màn hình giải trí cảm ứng|12,9 inch|inch|https://vinfastnamtuliem.vn/wp-content/uploads/2025/02/VF7_Brochure_T062025.pdf
VF 7|Eco||infotainment|Giải trí & kết nối|smartphone_integration|Kết nối Android Auto / Apple CarPlay|Có||https://vinfastnamtuliem.vn/wp-content/uploads/2025/02/VF7_Brochure_T062025.pdf
VF 7|Eco||interior|Nội thất|speakers|Hệ thống loa|6|số lượng|https://vinfastnamtuliem.vn/wp-content/uploads/2025/02/VF7_Brochure_T062025.pdf
VF 7|Eco||interior|Nội thất|wireless_charging|Sạc không dây|Không||https://vinfastnamtuliem.vn/wp-content/uploads/2025/02/VF7_Brochure_T062025.pdf
VF 7|Eco||interior|Nội thất|driver_seat_type|Ghế lái|Chỉnh điện 8 hướng||https://vinfastnamtuliem.vn/wp-content/uploads/2025/02/VF7_Brochure_T062025.pdf
VF 7|Eco||interior|Nội thất|seat_material_type|Chất liệu bọc ghế|Da nhân tạo||https://vinfastnamtuliem.vn/wp-content/uploads/2025/02/VF7_Brochure_T062025.pdf
VF 7|Eco||exterior|Ngoại thất|one_touch_windows|Kính cửa sổ chỉnh điện 1 chạm|Có, lên/xuống một chạm tất cả các vị trí||https://vinfastnamtuliem.vn/wp-content/uploads/2025/02/VF7_Brochure_T062025.pdf
VF 7|Eco||convenience|Tiện nghi|epb_auto_hold|Phanh đỗ điện tử & giữ phanh tự động|Có||https://vinfastnamtuliem.vn/wp-content/uploads/2025/02/VF7_Brochure_T062025.pdf
VF 7|Eco||interior|Nội thất|interior_mirror_type|Gương chiếu hậu trong xe|Chế độ ngày/đêm||https://vinfastnamtuliem.vn/wp-content/uploads/2025/02/VF7_Brochure_T062025.pdf
VF 7|Eco||safety|An toàn|airbags|Túi khí|6||https://vinfastnamtuliem.vn/wp-content/uploads/2025/02/VF7_Brochure_T062025.pdf
VF 7|Eco||safety|An toàn|abs|Chống bó cứng phanh (ABS)|Có||https://vinfastnamtuliem.vn/wp-content/uploads/2025/02/VF7_Brochure_T062025.pdf
VF 7|Eco||safety|An toàn|ebd|Phân phối lực phanh điện tử (EBD)|Có||https://vinfastnamtuliem.vn/wp-content/uploads/2025/02/VF7_Brochure_T062025.pdf
VF 7|Eco||safety|An toàn|brake_assist|Hỗ trợ phanh khẩn cấp (BA)|Có||https://vinfastnamtuliem.vn/wp-content/uploads/2025/02/VF7_Brochure_T062025.pdf
VF 7|Eco||safety|An toàn|esc|Cân bằng điện tử (ESC)|Có||https://vinfastnamtuliem.vn/wp-content/uploads/2025/02/VF7_Brochure_T062025.pdf
VF 7|Eco||safety|An toàn|tcs|Kiểm soát lực kéo (TCS)|Có||https://vinfastnamtuliem.vn/wp-content/uploads/2025/02/VF7_Brochure_T062025.pdf
VF 7|Eco||safety|An toàn|hsa|Hỗ trợ khởi hành ngang dốc (HSA)|Có||https://vinfastnamtuliem.vn/wp-content/uploads/2025/02/VF7_Brochure_T062025.pdf
VF 7|Eco||safety|An toàn|rollover_mitigation|Chức năng chống lật ROM|Có||https://vinfastnamtuliem.vn/wp-content/uploads/2025/02/VF7_Brochure_T062025.pdf
VF 7|Eco||safety|An toàn|tpms|Giám sát áp suất lốp|Có||https://vinfastnamtuliem.vn/wp-content/uploads/2025/02/VF7_Brochure_T062025.pdf
VF 7|Eco||adas|Hỗ trợ lái nâng cao (ADAS)|blind_spot_warning|Cảnh báo điểm mù|Có||https://vinfastnamtuliem.vn/wp-content/uploads/2025/02/VF7_Brochure_T062025.pdf
VF 7|Eco||adas|Hỗ trợ lái nâng cao (ADAS)|rear_cross_traffic_alert|Cảnh báo phương tiện cắt ngang phía sau|Không||https://vinfastnamtuliem.vn/wp-content/uploads/2025/02/VF7_Brochure_T062025.pdf
VF 7|Eco||adas|Hỗ trợ lái nâng cao (ADAS)|door_open_warning|Cảnh báo mở cửa|Không||https://vinfastnamtuliem.vn/wp-content/uploads/2025/02/VF7_Brochure_T062025.pdf
VF 7|Eco||adas|Hỗ trợ lái nâng cao (ADAS)|auto_lane_change|Hỗ trợ tự động chuyển làn|Không||https://vinfastnamtuliem.vn/wp-content/uploads/2025/02/VF7_Brochure_T062025.pdf
VF 7|Eco||adas|Hỗ trợ lái nâng cao (ADAS)|lane_centering|Kiểm soát đi giữa làn|Không||https://vinfastnamtuliem.vn/wp-content/uploads/2025/02/VF7_Brochure_T062025.pdf
VF 7|Eco||adas|Hỗ trợ lái nâng cao (ADAS)|lane_departure_warning|Cảnh báo chệch làn|Không||https://vinfastnamtuliem.vn/wp-content/uploads/2025/02/VF7_Brochure_T062025.pdf
VF 7|Eco||adas|Hỗ trợ lái nâng cao (ADAS)|lane_keep_assist|Hỗ trợ giữ làn|Không||https://vinfastnamtuliem.vn/wp-content/uploads/2025/02/VF7_Brochure_T062025.pdf
VF 7|Eco||adas|Hỗ trợ lái nâng cao (ADAS)|cruise_control_type|Kiểm soát hành trình|Tiêu chuẩn||https://vinfastnamtuliem.vn/wp-content/uploads/2025/02/VF7_Brochure_T062025.pdf
VF 7|Eco||adas|Hỗ trợ lái nâng cao (ADAS)|traffic_sign_recognition|Nhận biết biển báo giao thông|Không||https://vinfastnamtuliem.vn/wp-content/uploads/2025/02/VF7_Brochure_T062025.pdf
VF 7|Eco||adas|Hỗ trợ lái nâng cao (ADAS)|adaptive_cruise_control|Điều chỉnh tốc độ thông minh|Không||https://vinfastnamtuliem.vn/wp-content/uploads/2025/02/VF7_Brochure_T062025.pdf
VF 7|Eco||adas|Hỗ trợ lái nâng cao (ADAS)|aeb_front_rear|Phanh tự động khẩn cấp trước/sau|Không||https://vinfastnamtuliem.vn/wp-content/uploads/2025/02/VF7_Brochure_T062025.pdf
VF 7|Eco||adas|Hỗ trợ lái nâng cao (ADAS)|rear_parking_assist|Hỗ trợ đỗ xe phía sau|Có||https://vinfastnamtuliem.vn/wp-content/uploads/2025/02/VF7_Brochure_T062025.pdf
VF 7|Eco||adas|Hỗ trợ lái nâng cao (ADAS)|rearview_camera|Camera lùi|Có||https://vinfastnamtuliem.vn/wp-content/uploads/2025/02/VF7_Brochure_T062025.pdf
VF 7|Eco||adas|Hỗ trợ lái nâng cao (ADAS)|surround_view_camera|Camera 360° / giám sát xung quanh|Không||https://vinfastnamtuliem.vn/wp-content/uploads/2025/02/VF7_Brochure_T062025.pdf
VF 7|Eco||security|An ninh|anti_theft_alarm|Cảnh báo chống trộm|Có||https://vinfastnamtuliem.vn/wp-content/uploads/2025/02/VF7_Brochure_T062025.pdf
VF 7|Eco||security|An ninh|immobilizer|Khoá động cơ khi có trộm|Có||https://vinfastnamtuliem.vn/wp-content/uploads/2025/02/VF7_Brochure_T062025.pdf
VF 7|Eco||safety|An toàn|isofix|Móc cố định ghế trẻ em ISOFIX|Có||https://vinfastnamtuliem.vn/wp-content/uploads/2025/02/VF7_Brochure_T062025.pdf
VF 7|Eco||infotainment|Giải trí & kết nối|special_operation_modes|Chế độ vận hành đặc biệt|Có||https://vinfastnamtuliem.vn/wp-content/uploads/2025/02/VF7_Brochure_T062025.pdf
VF 7|Eco||infotainment|Giải trí & kết nối|activity_limits|Giới hạn thời gian hoạt động & khu vực hoạt động|Có||https://vinfastnamtuliem.vn/wp-content/uploads/2025/02/VF7_Brochure_T062025.pdf
VF 7|Eco||infotainment|Giải trí & kết nối|online_entertainment|Giải trí trực tuyến|Có||https://vinfastnamtuliem.vn/wp-content/uploads/2025/02/VF7_Brochure_T062025.pdf
VF 7|Eco||infotainment|Giải trí & kết nối|navigation|Điều hướng & dẫn đường|Có||https://vinfastnamtuliem.vn/wp-content/uploads/2025/02/VF7_Brochure_T062025.pdf
VF 7|Eco||infotainment|Giải trí & kết nối|gaming|Trò chơi|Có||https://vinfastnamtuliem.vn/wp-content/uploads/2025/02/VF7_Brochure_T062025.pdf
VF 7|Eco||infotainment|Giải trí & kết nối|web_browser|Trình duyệt web|Có||https://vinfastnamtuliem.vn/wp-content/uploads/2025/02/VF7_Brochure_T062025.pdf
VF 7|Eco||infotainment|Giải trí & kết nối|self_diagnosis|Tự chẩn đoán lỗi|Có||https://vinfastnamtuliem.vn/wp-content/uploads/2025/02/VF7_Brochure_T062025.pdf
VF 7|Eco||infotainment|Giải trí & kết nối|ota_update|Cập nhật phần mềm từ xa|Có||https://vinfastnamtuliem.vn/wp-content/uploads/2025/02/VF7_Brochure_T062025.pdf
VF 7|Eco||infotainment|Giải trí & kết nối|voice_control|Điều khiển chức năng xe bằng giọng nói|Có||https://vinfastnamtuliem.vn/wp-content/uploads/2025/02/VF7_Brochure_T062025.pdf
VF 7|Eco||infotainment|Giải trí & kết nối|voice_search|Hỏi đáp & tìm kiếm thông tin cơ bản|Có||https://vinfastnamtuliem.vn/wp-content/uploads/2025/02/VF7_Brochure_T062025.pdf
VF 7|Eco||infotainment|Giải trí & kết nối|phone_app|Ứng dụng điện thoại|Có||https://vinfastnamtuliem.vn/wp-content/uploads/2025/02/VF7_Brochure_T062025.pdf
VF 7|Plus_AWD||dimension|Kích thước & trọng lượng|length_mm|Chiều dài tổng thể|4545|mm|https://vinfastnamtuliem.vn/wp-content/uploads/2025/02/VF7_Brochure_T062025.pdf
VF 7|Plus_AWD||dimension|Kích thước & trọng lượng|width_mm|Chiều rộng tổng thể|1890|mm|https://vinfastnamtuliem.vn/wp-content/uploads/2025/02/VF7_Brochure_T062025.pdf
VF 7|Plus_AWD||dimension|Kích thước & trọng lượng|height_mm|Chiều cao tổng thể|1635.75|mm|https://vinfastnamtuliem.vn/wp-content/uploads/2025/02/VF7_Brochure_T062025.pdf
VF 7|Plus_AWD||dimension|Kích thước & trọng lượng|wheelbase_mm|Chiều dài cơ sở|2,840|mm|https://vinfastnamtuliem.vn/wp-content/uploads/2025/02/VF7_Brochure_T062025.pdf
VF 7|Plus_AWD||dimension|Kích thước & trọng lượng|ground_clearance_mm|Khoảng sáng gầm xe|190|mm|https://vinfastnamtuliem.vn/wp-content/uploads/2025/02/VF7_Brochure_T062025.pdf
VF 7|Plus_AWD||powertrain|Hệ thống truyền động|power_kw|Công suất tối đa|260|kW|https://vinfastnamtuliem.vn/wp-content/uploads/2025/02/VF7_Brochure_T062025.pdf
VF 7|Plus_AWD||powertrain|Hệ thống truyền động|torque_nm|Mô-men xoắn cực đại|500|Nm|https://vinfastnamtuliem.vn/wp-content/uploads/2025/02/VF7_Brochure_T062025.pdf
VF 7|Plus_AWD||battery|Pin & sạc|range_km|Phạm vi di chuyển|496|km|https://vinfastnamtuliem.vn/wp-content/uploads/2025/02/VF7_Brochure_T062025.pdf
VF 7|Plus_AWD||battery|Pin & sạc|battery_kwh|Dung lượng pin khả dụng|75,6|kWh|https://vinfastnamtuliem.vn/wp-content/uploads/2025/02/VF7_Brochure_T062025.pdf
VF 7|Plus_AWD||powertrain|Hệ thống truyền động|mobile_charger_type|Dây sạc di động|Phụ kiện (AFS 3,5 kW)||https://vinfastnamtuliem.vn/wp-content/uploads/2025/02/VF7_Brochure_T062025.pdf
VF 7|Plus_AWD||powertrain|Hệ thống truyền động|home_charger_type|Bộ sạc tại nhà|Phụ kiện (AFS 7,4 kW)||https://vinfastnamtuliem.vn/wp-content/uploads/2025/02/VF7_Brochure_T062025.pdf
VF 7|Plus_AWD||battery|Pin & sạc|fast_charge_min|Thời gian nạp pin nhanh nhất|28.15 phút (từ 10% - 70%)|phút|https://vinfastnamtuliem.vn/wp-content/uploads/2025/02/VF7_Brochure_T062025.pdf
VF 7|Plus_AWD||powertrain|Hệ thống truyền động|drivetrain|Dẫn động|Hai cầu (AWD)||https://vinfastnamtuliem.vn/wp-content/uploads/2025/02/VF7_Brochure_T062025.pdf
VF 7|Plus_AWD||powertrain|Hệ thống truyền động|drive_modes|Chế độ lái|Eco/ Normal/ Sport||https://vinfastnamtuliem.vn/wp-content/uploads/2025/02/VF7_Brochure_T062025.pdf
VF 7|Plus_AWD||exterior|Ngoại thất|wheel_size_inch|Kích thước la-zăng|20 inch|inch|https://vinfastnamtuliem.vn/wp-content/uploads/2025/02/VF7_Brochure_T062025.pdf
VF 7|Plus_AWD||chassis|Khung gầm & hệ thống treo|front_suspension_type|Hệ thống treo trước|Độc lập, MacPherson||https://vinfastnamtuliem.vn/wp-content/uploads/2025/02/VF7_Brochure_T062025.pdf
VF 7|Plus_AWD||chassis|Khung gầm & hệ thống treo|rear_suspension_type|Hệ thống treo sau|Thanh điều hướng đa điểm||https://vinfastnamtuliem.vn/wp-content/uploads/2025/02/VF7_Brochure_T062025.pdf
VF 7|Plus_AWD||exterior|Ngoại thất|headlight_type|Đèn chiếu sáng phía trước|LED||https://vinfastnamtuliem.vn/wp-content/uploads/2025/02/VF7_Brochure_T062025.pdf
VF 7|Plus_AWD||exterior|Ngoại thất|auto_headlights|Đèn pha tự động|Có||https://vinfastnamtuliem.vn/wp-content/uploads/2025/02/VF7_Brochure_T062025.pdf
VF 7|Plus_AWD||exterior|Ngoại thất|drl_type|Đèn chiếu sáng ban ngày|LED||https://vinfastnamtuliem.vn/wp-content/uploads/2025/02/VF7_Brochure_T062025.pdf
VF 7|Plus_AWD||exterior|Ngoại thất|auto_high_beam|Tự động bật/tắt chế độ chiếu xa|Có||https://vinfastnamtuliem.vn/wp-content/uploads/2025/02/VF7_Brochure_T062025.pdf
VF 7|Plus_AWD||exterior|Ngoại thất|tail_light_type|Đèn hậu|LED||https://vinfastnamtuliem.vn/wp-content/uploads/2025/02/VF7_Brochure_T062025.pdf
VF 7|Plus_AWD||exterior|Ngoại thất|rearview_mirror_type|Gương chiếu hậu|Có||https://vinfastnamtuliem.vn/wp-content/uploads/2025/02/VF7_Brochure_T062025.pdf
VF 7|Plus_AWD||exterior|Ngoại thất|auto_wiper|Gạt mưa trước tự động|Có||https://vinfastnamtuliem.vn/wp-content/uploads/2025/02/VF7_Brochure_T062025.pdf
VF 7|Plus_AWD||exterior|Ngoại thất|smart_key|Chìa khóa thông minh|Có||https://vinfastnamtuliem.vn/wp-content/uploads/2025/02/VF7_Brochure_T062025.pdf
VF 7|Plus_AWD||exterior|Ngoại thất|trunk_lid_type|Điều chỉnh cốp sau|Chỉnh điện||https://vinfastnamtuliem.vn/wp-content/uploads/2025/02/VF7_Brochure_T062025.pdf
VF 7|Plus_AWD||exterior|Ngoại thất|door_handle_type|Tay nắm cửa|Dạng ẩn||https://vinfastnamtuliem.vn/wp-content/uploads/2025/02/VF7_Brochure_T062025.pdf
VF 7|Plus_AWD||interior|Nội thất|ac_type|Hệ thống điều hòa|Tự động, 2 vùng||https://vinfastnamtuliem.vn/wp-content/uploads/2025/02/VF7_Brochure_T062025.pdf
VF 7|Plus_AWD||interior|Nội thất|cabin_air_filter|Lọc không khí Cabin|Có||https://vinfastnamtuliem.vn/wp-content/uploads/2025/02/VF7_Brochure_T062025.pdf
VF 7|Plus_AWD||interior|Nội thất|rear_ac_vents|Ống thông gió dưới chân hành khách sau|Có||https://vinfastnamtuliem.vn/wp-content/uploads/2025/02/VF7_Brochure_T062025.pdf
VF 7|Plus_AWD||interior|Nội thất|head_up_display|Màn hình hiển thị HUD|Có||https://vinfastnamtuliem.vn/wp-content/uploads/2025/02/VF7_Brochure_T062025.pdf
VF 7|Plus_AWD||interior|Nội thất|display_inch|Màn hình giải trí cảm ứng|12,9 inch|inch|https://vinfastnamtuliem.vn/wp-content/uploads/2025/02/VF7_Brochure_T062025.pdf
VF 7|Plus_AWD||infotainment|Giải trí & kết nối|smartphone_integration|Kết nối Android Auto / Apple CarPlay|Có||https://vinfastnamtuliem.vn/wp-content/uploads/2025/02/VF7_Brochure_T062025.pdf
VF 7|Plus_AWD||interior|Nội thất|speakers|Hệ thống loa|8|số lượng|https://vinfastnamtuliem.vn/wp-content/uploads/2025/02/VF7_Brochure_T062025.pdf
VF 7|Plus_AWD||interior|Nội thất|wireless_charging|Sạc không dây|Có||https://vinfastnamtuliem.vn/wp-content/uploads/2025/02/VF7_Brochure_T062025.pdf
VF 7|Plus_AWD||interior|Nội thất|driver_seat_type|Ghế lái|Chỉnh điện 8 hướng||https://vinfastnamtuliem.vn/wp-content/uploads/2025/02/VF7_Brochure_T062025.pdf
VF 7|Plus_AWD||interior|Nội thất|seat_material_type|Chất liệu bọc ghế|Da nhân tạo cao cấp||https://vinfastnamtuliem.vn/wp-content/uploads/2025/02/VF7_Brochure_T062025.pdf
VF 7|Plus_AWD||exterior|Ngoại thất|one_touch_windows|Kính cửa sổ chỉnh điện 1 chạm|Có, lên/xuống một chạm tất cả các vị trí||https://vinfastnamtuliem.vn/wp-content/uploads/2025/02/VF7_Brochure_T062025.pdf
VF 7|Plus_AWD||convenience|Tiện nghi|epb_auto_hold|Phanh đỗ điện tử & giữ phanh tự động|Có||https://vinfastnamtuliem.vn/wp-content/uploads/2025/02/VF7_Brochure_T062025.pdf
VF 7|Plus_AWD||interior|Nội thất|interior_mirror_type|Gương chiếu hậu trong xe|Chống chói tự động||https://vinfastnamtuliem.vn/wp-content/uploads/2025/02/VF7_Brochure_T062025.pdf
VF 7|Plus_AWD||safety|An toàn|airbags|Túi khí|8||https://vinfastnamtuliem.vn/wp-content/uploads/2025/02/VF7_Brochure_T062025.pdf
VF 7|Plus_AWD||safety|An toàn|abs|Chống bó cứng phanh (ABS)|Có||https://vinfastnamtuliem.vn/wp-content/uploads/2025/02/VF7_Brochure_T062025.pdf
VF 7|Plus_AWD||safety|An toàn|ebd|Phân phối lực phanh điện tử (EBD)|Có||https://vinfastnamtuliem.vn/wp-content/uploads/2025/02/VF7_Brochure_T062025.pdf
VF 7|Plus_AWD||safety|An toàn|brake_assist|Hỗ trợ phanh khẩn cấp (BA)|Có||https://vinfastnamtuliem.vn/wp-content/uploads/2025/02/VF7_Brochure_T062025.pdf
VF 7|Plus_AWD||safety|An toàn|esc|Cân bằng điện tử (ESC)|Có||https://vinfastnamtuliem.vn/wp-content/uploads/2025/02/VF7_Brochure_T062025.pdf
VF 7|Plus_AWD||safety|An toàn|tcs|Kiểm soát lực kéo (TCS)|Có||https://vinfastnamtuliem.vn/wp-content/uploads/2025/02/VF7_Brochure_T062025.pdf
VF 7|Plus_AWD||safety|An toàn|hsa|Hỗ trợ khởi hành ngang dốc (HSA)|Có||https://vinfastnamtuliem.vn/wp-content/uploads/2025/02/VF7_Brochure_T062025.pdf
VF 7|Plus_AWD||safety|An toàn|rollover_mitigation|Chức năng chống lật ROM|Có||https://vinfastnamtuliem.vn/wp-content/uploads/2025/02/VF7_Brochure_T062025.pdf
VF 7|Plus_AWD||safety|An toàn|tpms|Giám sát áp suất lốp|Có||https://vinfastnamtuliem.vn/wp-content/uploads/2025/02/VF7_Brochure_T062025.pdf
VF 7|Plus_AWD||adas|Hỗ trợ lái nâng cao (ADAS)|blind_spot_warning|Cảnh báo điểm mù|Có||https://vinfastnamtuliem.vn/wp-content/uploads/2025/02/VF7_Brochure_T062025.pdf
VF 7|Plus_AWD||adas|Hỗ trợ lái nâng cao (ADAS)|rear_cross_traffic_alert|Cảnh báo phương tiện cắt ngang phía sau|Có||https://vinfastnamtuliem.vn/wp-content/uploads/2025/02/VF7_Brochure_T062025.pdf
VF 7|Plus_AWD||adas|Hỗ trợ lái nâng cao (ADAS)|door_open_warning|Cảnh báo mở cửa|Có||https://vinfastnamtuliem.vn/wp-content/uploads/2025/02/VF7_Brochure_T062025.pdf
VF 7|Plus_AWD||adas|Hỗ trợ lái nâng cao (ADAS)|auto_lane_change|Hỗ trợ tự động chuyển làn|Có||https://vinfastnamtuliem.vn/wp-content/uploads/2025/02/VF7_Brochure_T062025.pdf
VF 7|Plus_AWD||adas|Hỗ trợ lái nâng cao (ADAS)|lane_centering|Kiểm soát đi giữa làn|Có||https://vinfastnamtuliem.vn/wp-content/uploads/2025/02/VF7_Brochure_T062025.pdf
VF 7|Plus_AWD||adas|Hỗ trợ lái nâng cao (ADAS)|lane_departure_warning|Cảnh báo chệch làn|Có||https://vinfastnamtuliem.vn/wp-content/uploads/2025/02/VF7_Brochure_T062025.pdf
VF 7|Plus_AWD||adas|Hỗ trợ lái nâng cao (ADAS)|lane_keep_assist|Hỗ trợ giữ làn|Có||https://vinfastnamtuliem.vn/wp-content/uploads/2025/02/VF7_Brochure_T062025.pdf
VF 7|Plus_AWD||adas|Hỗ trợ lái nâng cao (ADAS)|cruise_control_type|Kiểm soát hành trình|Thích ứng||https://vinfastnamtuliem.vn/wp-content/uploads/2025/02/VF7_Brochure_T062025.pdf
VF 7|Plus_AWD||adas|Hỗ trợ lái nâng cao (ADAS)|traffic_sign_recognition|Nhận biết biển báo giao thông|Có||https://vinfastnamtuliem.vn/wp-content/uploads/2025/02/VF7_Brochure_T062025.pdf
VF 7|Plus_AWD||adas|Hỗ trợ lái nâng cao (ADAS)|adaptive_cruise_control|Điều chỉnh tốc độ thông minh|Có||https://vinfastnamtuliem.vn/wp-content/uploads/2025/02/VF7_Brochure_T062025.pdf
VF 7|Plus_AWD||adas|Hỗ trợ lái nâng cao (ADAS)|aeb_front_rear|Phanh tự động khẩn cấp trước/sau|Có||https://vinfastnamtuliem.vn/wp-content/uploads/2025/02/VF7_Brochure_T062025.pdf
VF 7|Plus_AWD||adas|Hỗ trợ lái nâng cao (ADAS)|rear_parking_assist|Hỗ trợ đỗ xe phía sau|Có||https://vinfastnamtuliem.vn/wp-content/uploads/2025/02/VF7_Brochure_T062025.pdf
VF 7|Plus_AWD||adas|Hỗ trợ lái nâng cao (ADAS)|rearview_camera|Camera lùi|Có||https://vinfastnamtuliem.vn/wp-content/uploads/2025/02/VF7_Brochure_T062025.pdf
VF 7|Plus_AWD||adas|Hỗ trợ lái nâng cao (ADAS)|surround_view_camera|Camera 360° / giám sát xung quanh|Có||https://vinfastnamtuliem.vn/wp-content/uploads/2025/02/VF7_Brochure_T062025.pdf
VF 7|Plus_AWD||security|An ninh|anti_theft_alarm|Cảnh báo chống trộm|Có||https://vinfastnamtuliem.vn/wp-content/uploads/2025/02/VF7_Brochure_T062025.pdf
VF 7|Plus_AWD||security|An ninh|immobilizer|Khoá động cơ khi có trộm|Có||https://vinfastnamtuliem.vn/wp-content/uploads/2025/02/VF7_Brochure_T062025.pdf
VF 7|Plus_AWD||safety|An toàn|isofix|Móc cố định ghế trẻ em ISOFIX|Có||https://vinfastnamtuliem.vn/wp-content/uploads/2025/02/VF7_Brochure_T062025.pdf
VF 7|Plus_AWD||infotainment|Giải trí & kết nối|special_operation_modes|Chế độ vận hành đặc biệt|Có||https://vinfastnamtuliem.vn/wp-content/uploads/2025/02/VF7_Brochure_T062025.pdf
VF 7|Plus_AWD||infotainment|Giải trí & kết nối|activity_limits|Giới hạn thời gian hoạt động & khu vực hoạt động|Có||https://vinfastnamtuliem.vn/wp-content/uploads/2025/02/VF7_Brochure_T062025.pdf
VF 7|Plus_AWD||infotainment|Giải trí & kết nối|online_entertainment|Giải trí trực tuyến|Có||https://vinfastnamtuliem.vn/wp-content/uploads/2025/02/VF7_Brochure_T062025.pdf
VF 7|Plus_AWD||infotainment|Giải trí & kết nối|navigation|Điều hướng & dẫn đường|Có||https://vinfastnamtuliem.vn/wp-content/uploads/2025/02/VF7_Brochure_T062025.pdf
VF 7|Plus_AWD||infotainment|Giải trí & kết nối|gaming|Trò chơi|Có||https://vinfastnamtuliem.vn/wp-content/uploads/2025/02/VF7_Brochure_T062025.pdf
VF 7|Plus_AWD||infotainment|Giải trí & kết nối|web_browser|Trình duyệt web|Có||https://vinfastnamtuliem.vn/wp-content/uploads/2025/02/VF7_Brochure_T062025.pdf
VF 7|Plus_AWD||infotainment|Giải trí & kết nối|self_diagnosis|Tự chẩn đoán lỗi|Có||https://vinfastnamtuliem.vn/wp-content/uploads/2025/02/VF7_Brochure_T062025.pdf
VF 7|Plus_AWD||infotainment|Giải trí & kết nối|ota_update|Cập nhật phần mềm từ xa|Có||https://vinfastnamtuliem.vn/wp-content/uploads/2025/02/VF7_Brochure_T062025.pdf
VF 7|Plus_AWD||infotainment|Giải trí & kết nối|voice_control|Điều khiển chức năng xe bằng giọng nói|Có||https://vinfastnamtuliem.vn/wp-content/uploads/2025/02/VF7_Brochure_T062025.pdf
VF 7|Plus_AWD||infotainment|Giải trí & kết nối|voice_search|Hỏi đáp & tìm kiếm thông tin cơ bản|Có||https://vinfastnamtuliem.vn/wp-content/uploads/2025/02/VF7_Brochure_T062025.pdf
VF 7|Plus_AWD||infotainment|Giải trí & kết nối|phone_app|Ứng dụng điện thoại|Có||https://vinfastnamtuliem.vn/wp-content/uploads/2025/02/VF7_Brochure_T062025.pdf
VF 7|Plus||dimension|Kích thước & trọng lượng|length_mm|Chiều dài tổng thể|4545|mm|https://vinfastnamtuliem.vn/wp-content/uploads/2025/02/VF7_Brochure_T062025.pdf
VF 7|Plus||dimension|Kích thước & trọng lượng|width_mm|Chiều rộng tổng thể|1890|mm|https://vinfastnamtuliem.vn/wp-content/uploads/2025/02/VF7_Brochure_T062025.pdf
VF 7|Plus||dimension|Kích thước & trọng lượng|height_mm|Chiều cao tổng thể|1635.75|mm|https://vinfastnamtuliem.vn/wp-content/uploads/2025/02/VF7_Brochure_T062025.pdf
VF 7|Plus||dimension|Kích thước & trọng lượng|wheelbase_mm|Chiều dài cơ sở|2,840|mm|https://vinfastnamtuliem.vn/wp-content/uploads/2025/02/VF7_Brochure_T062025.pdf
VF 7|Plus||dimension|Kích thước & trọng lượng|ground_clearance_mm|Khoảng sáng gầm xe|190|mm|https://vinfastnamtuliem.vn/wp-content/uploads/2025/02/VF7_Brochure_T062025.pdf
VF 7|Plus||powertrain|Hệ thống truyền động|power_kw|Công suất tối đa|150|kW|https://vinfastnamtuliem.vn/wp-content/uploads/2025/02/VF7_Brochure_T062025.pdf
VF 7|Plus||powertrain|Hệ thống truyền động|torque_nm|Mô-men xoắn cực đại|310|Nm|https://vinfastnamtuliem.vn/wp-content/uploads/2025/02/VF7_Brochure_T062025.pdf
VF 7|Plus||battery|Pin & sạc|range_km|Phạm vi di chuyển|Thông báo sau|km|https://vinfastnamtuliem.vn/wp-content/uploads/2025/02/VF7_Brochure_T062025.pdf
VF 7|Plus||battery|Pin & sạc|battery_kwh|Dung lượng pin khả dụng|75,6|kWh|https://vinfastnamtuliem.vn/wp-content/uploads/2025/02/VF7_Brochure_T062025.pdf
VF 7|Plus||powertrain|Hệ thống truyền động|mobile_charger_type|Dây sạc di động|Phụ kiện (AFS 3,5 kW)||https://vinfastnamtuliem.vn/wp-content/uploads/2025/02/VF7_Brochure_T062025.pdf
VF 7|Plus||powertrain|Hệ thống truyền động|home_charger_type|Bộ sạc tại nhà|Phụ kiện (AFS 7,4 kW)||https://vinfastnamtuliem.vn/wp-content/uploads/2025/02/VF7_Brochure_T062025.pdf
VF 7|Plus||battery|Pin & sạc|fast_charge_min|Thời gian nạp pin nhanh nhất|28.15 phút (từ 10% - 70%)|phút|https://vinfastnamtuliem.vn/wp-content/uploads/2025/02/VF7_Brochure_T062025.pdf
VF 7|Plus||powertrain|Hệ thống truyền động|drivetrain|Dẫn động|Cầu trước (FWD)||https://vinfastnamtuliem.vn/wp-content/uploads/2025/02/VF7_Brochure_T062025.pdf
VF 7|Plus||powertrain|Hệ thống truyền động|drive_modes|Chế độ lái|Eco/ Normal/ Sport||https://vinfastnamtuliem.vn/wp-content/uploads/2025/02/VF7_Brochure_T062025.pdf
VF 7|Plus||exterior|Ngoại thất|wheel_size_inch|Kích thước la-zăng|20 inch|inch|https://vinfastnamtuliem.vn/wp-content/uploads/2025/02/VF7_Brochure_T062025.pdf
VF 7|Plus||chassis|Khung gầm & hệ thống treo|front_suspension_type|Hệ thống treo trước|Độc lập, MacPherson||https://vinfastnamtuliem.vn/wp-content/uploads/2025/02/VF7_Brochure_T062025.pdf
VF 7|Plus||chassis|Khung gầm & hệ thống treo|rear_suspension_type|Hệ thống treo sau|Thanh điều hướng đa điểm||https://vinfastnamtuliem.vn/wp-content/uploads/2025/02/VF7_Brochure_T062025.pdf
VF 7|Plus||exterior|Ngoại thất|headlight_type|Đèn chiếu sáng phía trước|LED||https://vinfastnamtuliem.vn/wp-content/uploads/2025/02/VF7_Brochure_T062025.pdf
VF 7|Plus||exterior|Ngoại thất|auto_headlights|Đèn pha tự động|Có||https://vinfastnamtuliem.vn/wp-content/uploads/2025/02/VF7_Brochure_T062025.pdf
VF 7|Plus||exterior|Ngoại thất|drl_type|Đèn chiếu sáng ban ngày|LED||https://vinfastnamtuliem.vn/wp-content/uploads/2025/02/VF7_Brochure_T062025.pdf
VF 7|Plus||exterior|Ngoại thất|auto_high_beam|Tự động bật/tắt chế độ chiếu xa|Có||https://vinfastnamtuliem.vn/wp-content/uploads/2025/02/VF7_Brochure_T062025.pdf
VF 7|Plus||exterior|Ngoại thất|tail_light_type|Đèn hậu|LED||https://vinfastnamtuliem.vn/wp-content/uploads/2025/02/VF7_Brochure_T062025.pdf
VF 7|Plus||exterior|Ngoại thất|rearview_mirror_type|Gương chiếu hậu|Có||https://vinfastnamtuliem.vn/wp-content/uploads/2025/02/VF7_Brochure_T062025.pdf
VF 7|Plus||exterior|Ngoại thất|auto_wiper|Gạt mưa trước tự động|Có||https://vinfastnamtuliem.vn/wp-content/uploads/2025/02/VF7_Brochure_T062025.pdf
VF 7|Plus||exterior|Ngoại thất|smart_key|Chìa khóa thông minh|Có||https://vinfastnamtuliem.vn/wp-content/uploads/2025/02/VF7_Brochure_T062025.pdf
VF 7|Plus||exterior|Ngoại thất|trunk_lid_type|Điều chỉnh cốp sau|Chỉnh điện||https://vinfastnamtuliem.vn/wp-content/uploads/2025/02/VF7_Brochure_T062025.pdf
VF 7|Plus||exterior|Ngoại thất|door_handle_type|Tay nắm cửa|Dạng ẩn||https://vinfastnamtuliem.vn/wp-content/uploads/2025/02/VF7_Brochure_T062025.pdf
VF 7|Plus||interior|Nội thất|ac_type|Hệ thống điều hòa|Tự động, 2 vùng||https://vinfastnamtuliem.vn/wp-content/uploads/2025/02/VF7_Brochure_T062025.pdf
VF 7|Plus||interior|Nội thất|cabin_air_filter|Lọc không khí Cabin|Có||https://vinfastnamtuliem.vn/wp-content/uploads/2025/02/VF7_Brochure_T062025.pdf
VF 7|Plus||interior|Nội thất|rear_ac_vents|Ống thông gió dưới chân hành khách sau|Có||https://vinfastnamtuliem.vn/wp-content/uploads/2025/02/VF7_Brochure_T062025.pdf
VF 7|Plus||interior|Nội thất|head_up_display|Màn hình hiển thị HUD|Có||https://vinfastnamtuliem.vn/wp-content/uploads/2025/02/VF7_Brochure_T062025.pdf
VF 7|Plus||interior|Nội thất|display_inch|Màn hình giải trí cảm ứng|12,9 inch|inch|https://vinfastnamtuliem.vn/wp-content/uploads/2025/02/VF7_Brochure_T062025.pdf
VF 7|Plus||infotainment|Giải trí & kết nối|smartphone_integration|Kết nối Android Auto / Apple CarPlay|Có||https://vinfastnamtuliem.vn/wp-content/uploads/2025/02/VF7_Brochure_T062025.pdf
VF 7|Plus||interior|Nội thất|speakers|Hệ thống loa|8|số lượng|https://vinfastnamtuliem.vn/wp-content/uploads/2025/02/VF7_Brochure_T062025.pdf
VF 7|Plus||interior|Nội thất|wireless_charging|Sạc không dây|Có||https://vinfastnamtuliem.vn/wp-content/uploads/2025/02/VF7_Brochure_T062025.pdf
VF 7|Plus||interior|Nội thất|driver_seat_type|Ghế lái|Chỉnh điện 8 hướng||https://vinfastnamtuliem.vn/wp-content/uploads/2025/02/VF7_Brochure_T062025.pdf
VF 7|Plus||interior|Nội thất|seat_material_type|Chất liệu bọc ghế|Da nhân tạo cao cấp||https://vinfastnamtuliem.vn/wp-content/uploads/2025/02/VF7_Brochure_T062025.pdf
VF 7|Plus||exterior|Ngoại thất|one_touch_windows|Kính cửa sổ chỉnh điện 1 chạm|Có, lên/xuống một chạm tất cả các vị trí||https://vinfastnamtuliem.vn/wp-content/uploads/2025/02/VF7_Brochure_T062025.pdf
VF 7|Plus||convenience|Tiện nghi|epb_auto_hold|Phanh đỗ điện tử & giữ phanh tự động|Có||https://vinfastnamtuliem.vn/wp-content/uploads/2025/02/VF7_Brochure_T062025.pdf
VF 7|Plus||interior|Nội thất|interior_mirror_type|Gương chiếu hậu trong xe|Chống chói tự động||https://vinfastnamtuliem.vn/wp-content/uploads/2025/02/VF7_Brochure_T062025.pdf
VF 7|Plus||safety|An toàn|airbags|Túi khí|8||https://vinfastnamtuliem.vn/wp-content/uploads/2025/02/VF7_Brochure_T062025.pdf
VF 7|Plus||safety|An toàn|abs|Chống bó cứng phanh (ABS)|Có||https://vinfastnamtuliem.vn/wp-content/uploads/2025/02/VF7_Brochure_T062025.pdf
VF 7|Plus||safety|An toàn|ebd|Phân phối lực phanh điện tử (EBD)|Có||https://vinfastnamtuliem.vn/wp-content/uploads/2025/02/VF7_Brochure_T062025.pdf
VF 7|Plus||safety|An toàn|brake_assist|Hỗ trợ phanh khẩn cấp (BA)|Có||https://vinfastnamtuliem.vn/wp-content/uploads/2025/02/VF7_Brochure_T062025.pdf
VF 7|Plus||safety|An toàn|esc|Cân bằng điện tử (ESC)|Có||https://vinfastnamtuliem.vn/wp-content/uploads/2025/02/VF7_Brochure_T062025.pdf
VF 7|Plus||safety|An toàn|tcs|Kiểm soát lực kéo (TCS)|Có||https://vinfastnamtuliem.vn/wp-content/uploads/2025/02/VF7_Brochure_T062025.pdf
VF 7|Plus||safety|An toàn|hsa|Hỗ trợ khởi hành ngang dốc (HSA)|Có||https://vinfastnamtuliem.vn/wp-content/uploads/2025/02/VF7_Brochure_T062025.pdf
VF 7|Plus||safety|An toàn|rollover_mitigation|Chức năng chống lật ROM|Có||https://vinfastnamtuliem.vn/wp-content/uploads/2025/02/VF7_Brochure_T062025.pdf
VF 7|Plus||safety|An toàn|tpms|Giám sát áp suất lốp|Có||https://vinfastnamtuliem.vn/wp-content/uploads/2025/02/VF7_Brochure_T062025.pdf
VF 7|Plus||adas|Hỗ trợ lái nâng cao (ADAS)|blind_spot_warning|Cảnh báo điểm mù|Có||https://vinfastnamtuliem.vn/wp-content/uploads/2025/02/VF7_Brochure_T062025.pdf
VF 7|Plus||adas|Hỗ trợ lái nâng cao (ADAS)|rear_cross_traffic_alert|Cảnh báo phương tiện cắt ngang phía sau|Có||https://vinfastnamtuliem.vn/wp-content/uploads/2025/02/VF7_Brochure_T062025.pdf
VF 7|Plus||adas|Hỗ trợ lái nâng cao (ADAS)|door_open_warning|Cảnh báo mở cửa|Có||https://vinfastnamtuliem.vn/wp-content/uploads/2025/02/VF7_Brochure_T062025.pdf
VF 7|Plus||adas|Hỗ trợ lái nâng cao (ADAS)|auto_lane_change|Hỗ trợ tự động chuyển làn|Có||https://vinfastnamtuliem.vn/wp-content/uploads/2025/02/VF7_Brochure_T062025.pdf
VF 7|Plus||adas|Hỗ trợ lái nâng cao (ADAS)|lane_centering|Kiểm soát đi giữa làn|Có||https://vinfastnamtuliem.vn/wp-content/uploads/2025/02/VF7_Brochure_T062025.pdf
VF 7|Plus||adas|Hỗ trợ lái nâng cao (ADAS)|lane_departure_warning|Cảnh báo chệch làn|Có||https://vinfastnamtuliem.vn/wp-content/uploads/2025/02/VF7_Brochure_T062025.pdf
VF 7|Plus||adas|Hỗ trợ lái nâng cao (ADAS)|lane_keep_assist|Hỗ trợ giữ làn|Có||https://vinfastnamtuliem.vn/wp-content/uploads/2025/02/VF7_Brochure_T062025.pdf
VF 7|Plus||adas|Hỗ trợ lái nâng cao (ADAS)|cruise_control_type|Kiểm soát hành trình|Thích ứng||https://vinfastnamtuliem.vn/wp-content/uploads/2025/02/VF7_Brochure_T062025.pdf
VF 7|Plus||adas|Hỗ trợ lái nâng cao (ADAS)|traffic_sign_recognition|Nhận biết biển báo giao thông|Có||https://vinfastnamtuliem.vn/wp-content/uploads/2025/02/VF7_Brochure_T062025.pdf
VF 7|Plus||adas|Hỗ trợ lái nâng cao (ADAS)|adaptive_cruise_control|Điều chỉnh tốc độ thông minh|Có||https://vinfastnamtuliem.vn/wp-content/uploads/2025/02/VF7_Brochure_T062025.pdf
VF 7|Plus||adas|Hỗ trợ lái nâng cao (ADAS)|aeb_front_rear|Phanh tự động khẩn cấp trước/sau|Có||https://vinfastnamtuliem.vn/wp-content/uploads/2025/02/VF7_Brochure_T062025.pdf
VF 7|Plus||adas|Hỗ trợ lái nâng cao (ADAS)|rear_parking_assist|Hỗ trợ đỗ xe phía sau|Có||https://vinfastnamtuliem.vn/wp-content/uploads/2025/02/VF7_Brochure_T062025.pdf
VF 7|Plus||adas|Hỗ trợ lái nâng cao (ADAS)|rearview_camera|Camera lùi|Có||https://vinfastnamtuliem.vn/wp-content/uploads/2025/02/VF7_Brochure_T062025.pdf
VF 7|Plus||adas|Hỗ trợ lái nâng cao (ADAS)|surround_view_camera|Camera 360° / giám sát xung quanh|Có||https://vinfastnamtuliem.vn/wp-content/uploads/2025/02/VF7_Brochure_T062025.pdf
VF 7|Plus||security|An ninh|anti_theft_alarm|Cảnh báo chống trộm|Có||https://vinfastnamtuliem.vn/wp-content/uploads/2025/02/VF7_Brochure_T062025.pdf
VF 7|Plus||security|An ninh|immobilizer|Khoá động cơ khi có trộm|Có||https://vinfastnamtuliem.vn/wp-content/uploads/2025/02/VF7_Brochure_T062025.pdf
VF 7|Plus||safety|An toàn|isofix|Móc cố định ghế trẻ em ISOFIX|Có||https://vinfastnamtuliem.vn/wp-content/uploads/2025/02/VF7_Brochure_T062025.pdf
VF 7|Plus||infotainment|Giải trí & kết nối|special_operation_modes|Chế độ vận hành đặc biệt|Có||https://vinfastnamtuliem.vn/wp-content/uploads/2025/02/VF7_Brochure_T062025.pdf
VF 7|Plus||infotainment|Giải trí & kết nối|activity_limits|Giới hạn thời gian hoạt động & khu vực hoạt động|Có||https://vinfastnamtuliem.vn/wp-content/uploads/2025/02/VF7_Brochure_T062025.pdf
VF 7|Plus||infotainment|Giải trí & kết nối|online_entertainment|Giải trí trực tuyến|Có||https://vinfastnamtuliem.vn/wp-content/uploads/2025/02/VF7_Brochure_T062025.pdf
VF 7|Plus||infotainment|Giải trí & kết nối|navigation|Điều hướng & dẫn đường|Có||https://vinfastnamtuliem.vn/wp-content/uploads/2025/02/VF7_Brochure_T062025.pdf
VF 7|Plus||infotainment|Giải trí & kết nối|gaming|Trò chơi|Có||https://vinfastnamtuliem.vn/wp-content/uploads/2025/02/VF7_Brochure_T062025.pdf
VF 7|Plus||infotainment|Giải trí & kết nối|web_browser|Trình duyệt web|Có||https://vinfastnamtuliem.vn/wp-content/uploads/2025/02/VF7_Brochure_T062025.pdf
VF 7|Plus||infotainment|Giải trí & kết nối|self_diagnosis|Tự chẩn đoán lỗi|Có||https://vinfastnamtuliem.vn/wp-content/uploads/2025/02/VF7_Brochure_T062025.pdf
VF 7|Plus||infotainment|Giải trí & kết nối|ota_update|Cập nhật phần mềm từ xa|Có||https://vinfastnamtuliem.vn/wp-content/uploads/2025/02/VF7_Brochure_T062025.pdf
VF 7|Plus||infotainment|Giải trí & kết nối|voice_control|Điều khiển chức năng xe bằng giọng nói|Có||https://vinfastnamtuliem.vn/wp-content/uploads/2025/02/VF7_Brochure_T062025.pdf
VF 7|Plus||infotainment|Giải trí & kết nối|voice_search|Hỏi đáp & tìm kiếm thông tin cơ bản|Có||https://vinfastnamtuliem.vn/wp-content/uploads/2025/02/VF7_Brochure_T062025.pdf
VF 7|Plus||infotainment|Giải trí & kết nối|phone_app|Ứng dụng điện thoại|Có||https://vinfastnamtuliem.vn/wp-content/uploads/2025/02/VF7_Brochure_T062025.pdf
VF 8|Eco||dimension|Kích thước & trọng lượng|wheelbase_mm|Chiều dài cơ sở|2.950|mm|https://storage.googleapis.com/vinfast-data-01/brochure/VF8_Brochure_03022026.pdf
VF 8|Eco||dimension|Kích thước & trọng lượng|length_mm|Chiều dài tổng thể|4750|mm|https://storage.googleapis.com/vinfast-data-01/brochure/VF8_Brochure_03022026.pdf
VF 8|Eco||dimension|Kích thước & trọng lượng|width_mm|Chiều rộng tổng thể|1934|mm|https://storage.googleapis.com/vinfast-data-01/brochure/VF8_Brochure_03022026.pdf
VF 8|Eco||dimension|Kích thước & trọng lượng|height_mm|Chiều cao tổng thể|1667|mm|https://storage.googleapis.com/vinfast-data-01/brochure/VF8_Brochure_03022026.pdf
VF 8|Eco||dimension|Kích thước & trọng lượng|ground_clearance_mm|Khoảng sáng gầm xe|162|mm|https://storage.googleapis.com/vinfast-data-01/brochure/VF8_Brochure_03022026.pdf
VF 8|Eco||dimension|Kích thước & trọng lượng|trunk_capacity|Dung tích khoang hành lý|376/1.373|L|https://storage.googleapis.com/vinfast-data-01/brochure/VF8_Brochure_03022026.pdf
VF 8|Eco||dimension|Kích thước & trọng lượng|frunk_capacity_l|Dung tích khoang hành lý phía trước|88|L|https://storage.googleapis.com/vinfast-data-01/brochure/VF8_Brochure_03022026.pdf
VF 8|Eco||dimension|Kích thước & trọng lượng|curb_weight_kg|Trọng lượng không tải|2.328 Kg|kg|https://storage.googleapis.com/vinfast-data-01/brochure/VF8_Brochure_03022026.pdf
VF 8|Eco||dimension|Kích thước & trọng lượng|roof_load_kg|Tải trọng hành lý nóc xe|70|kg|https://storage.googleapis.com/vinfast-data-01/brochure/VF8_Brochure_03022026.pdf
VF 8|Eco||powertrain|Hệ thống truyền động|drivetrain|Dẫn động|FWD/Cầu trước||https://storage.googleapis.com/vinfast-data-01/brochure/VF8_Brochure_03022026.pdf
VF 8|Eco||powertrain|Hệ thống truyền động|power_kw|Công suất tối đa|150/201|kW|https://storage.googleapis.com/vinfast-data-01/brochure/VF8_Brochure_03022026.pdf
VF 8|Eco||powertrain|Hệ thống truyền động|torque_nm|Mô-men xoắn cực đại|310|Nm|https://storage.googleapis.com/vinfast-data-01/brochure/VF8_Brochure_03022026.pdf
VF 8|Eco||powertrain|Hệ thống truyền động|acceleration_0_100_s|Tăng tốc 0-100 km/h|11,8|s|https://storage.googleapis.com/vinfast-data-01/brochure/VF8_Brochure_03022026.pdf
VF 8|Eco||battery|Pin & sạc|battery_kwh|Dung lượng pin khả dụng|87,7|kWh|https://storage.googleapis.com/vinfast-data-01/brochure/VF8_Brochure_03022026.pdf
VF 8|Eco||battery|Pin & sạc|range_km|Phạm vi di chuyển|562 (NEDC)|km|https://storage.googleapis.com/vinfast-data-01/brochure/VF8_Brochure_03022026.pdf
VF 8|Eco||battery|Pin & sạc|fast_charge_min|Thời gian nạp pin nhanh nhất|31|phút|https://storage.googleapis.com/vinfast-data-01/brochure/VF8_Brochure_03022026.pdf
VF 8|Eco||powertrain|Hệ thống truyền động|drive_modes|Chế độ lái|Eco/Normal/Sport||https://storage.googleapis.com/vinfast-data-01/brochure/VF8_Brochure_03022026.pdf
VF 8|Eco||powertrain|Hệ thống truyền động|battery_heater|Sưởi pin cao thế|Có||https://storage.googleapis.com/vinfast-data-01/brochure/VF8_Brochure_03022026.pdf
VF 8|Eco||chassis|Khung gầm & hệ thống treo|front_suspension_type|Hệ thống treo trước|Treo độc lập thông minh||https://storage.googleapis.com/vinfast-data-01/brochure/VF8_Brochure_03022026.pdf
VF 8|Eco||chassis|Khung gầm & hệ thống treo|rear_suspension_type|Hệ thống treo sau|Thanh điều hướng đa điểm||https://storage.googleapis.com/vinfast-data-01/brochure/VF8_Brochure_03022026.pdf
VF 8|Eco||chassis|Khung gầm & hệ thống treo|brake_type|Hệ thống phanh trước/sau|Đĩa thông gió/Đĩa thông gió||https://storage.googleapis.com/vinfast-data-01/brochure/VF8_Brochure_03022026.pdf
VF 8|Eco||exterior|Ngoại thất|wheel_type|Loại la-zăng|Hợp kim 19inch||https://storage.googleapis.com/vinfast-data-01/brochure/VF8_Brochure_03022026.pdf
VF 8|Eco||chassis|Khung gầm & hệ thống treo|steering_assist_type|Trợ lực lái|Trợ lực điện||https://storage.googleapis.com/vinfast-data-01/brochure/VF8_Brochure_03022026.pdf
VF 8|Eco||exterior|Ngoại thất|headlight_type|Đèn chiếu sáng phía trước|LED, Tự động bật/tắt, điều chỉnh góc chiếu thông minh||https://storage.googleapis.com/vinfast-data-01/brochure/VF8_Brochure_03022026.pdf
VF 8|Eco||exterior|Ngoại thất|daytime_running_light|Đèn chờ dẫn đường|Có||https://storage.googleapis.com/vinfast-data-01/brochure/VF8_Brochure_03022026.pdf
VF 8|Eco||exterior|Ngoại thất|drl_type|Đèn chiếu sáng ban ngày|LED||https://storage.googleapis.com/vinfast-data-01/brochure/VF8_Brochure_03022026.pdf
VF 8|Eco||exterior|Ngoại thất|fog_light_front|Đèn sương mù trước|Không||https://storage.googleapis.com/vinfast-data-01/brochure/VF8_Brochure_03022026.pdf
VF 8|Eco||exterior|Ngoại thất|cornering_light|Đèn chiếu góc|Không||https://storage.googleapis.com/vinfast-data-01/brochure/VF8_Brochure_03022026.pdf
VF 8|Eco||exterior|Ngoại thất|tail_light_type|Đèn hậu|LED||https://storage.googleapis.com/vinfast-data-01/brochure/VF8_Brochure_03022026.pdf
VF 8|Eco||exterior|Ngoại thất|high_mount_brake_light|Đèn phanh trên cao phía sau|LED||https://storage.googleapis.com/vinfast-data-01/brochure/VF8_Brochure_03022026.pdf
VF 8|Eco||exterior|Ngoại thất|rearview_mirror_type|Gương chiếu hậu|Chỉnh điện, gập điện Tích hợp báo rẽ, sấy mặt gương||https://storage.googleapis.com/vinfast-data-01/brochure/VF8_Brochure_03022026.pdf
VF 8|Eco||exterior|Ngoại thất|window_type|Kiểu cửa sổ|Chỉnh điện, lên/xuống Một chạm cả 4 cửa Hàng ghế trước: kính cách âm 2 lớp, hàng ghế sau: kính 1 lớp||https://storage.googleapis.com/vinfast-data-01/brochure/VF8_Brochure_03022026.pdf
VF 8|Eco||exterior|Ngoại thất|privacy_glass|Kính cửa sổ màu đen (riêng tư)|Hàng ghế sau||https://storage.googleapis.com/vinfast-data-01/brochure/VF8_Brochure_03022026.pdf
VF 8|Eco||exterior|Ngoại thất|trunk_lid_type|Điều chỉnh cốp sau|Chỉnh cơ||https://storage.googleapis.com/vinfast-data-01/brochure/VF8_Brochure_03022026.pdf
VF 8|Eco||exterior|Ngoại thất|windshield_type|Kính chắn gió|Chống tia UV||https://storage.googleapis.com/vinfast-data-01/brochure/VF8_Brochure_03022026.pdf
VF 8|Eco||exterior|Ngoại thất|auto_wiper|Gạt mưa trước tự động|Tự động||https://storage.googleapis.com/vinfast-data-01/brochure/VF8_Brochure_03022026.pdf
VF 8|Eco||exterior|Ngoại thất|underbody_protection|Tấm bảo vệ dưới thân xe|Có||https://storage.googleapis.com/vinfast-data-01/brochure/VF8_Brochure_03022026.pdf
VF 8|Eco||interior|Nội thất|seats|Số ghế ngồi|5||https://storage.googleapis.com/vinfast-data-01/brochure/VF8_Brochure_03022026.pdf
VF 8|Eco||interior|Nội thất|seat_material_type|Chất liệu bọc ghế|Giả da||https://storage.googleapis.com/vinfast-data-01/brochure/VF8_Brochure_03022026.pdf
VF 8|Eco||interior|Nội thất|driver_seat_type|Ghế lái|Chỉnh điện 6 hướng||https://storage.googleapis.com/vinfast-data-01/brochure/VF8_Brochure_03022026.pdf
VF 8|Eco||interior|Nội thất|passenger_seat_type|Ghế phụ|Chỉnh điện 6 hướng||https://storage.googleapis.com/vinfast-data-01/brochure/VF8_Brochure_03022026.pdf
VF 8|Eco||interior|Nội thất|second_row_seat_type|Hàng ghế thứ hai|Chỉnh cơ 2 hướng, tỷ lệ gập 60:40||https://storage.googleapis.com/vinfast-data-01/brochure/VF8_Brochure_03022026.pdf
VF 8|Eco||interior|Nội thất|steering_wheel_type|Loại vô lăng|Bọc da, dạng D-cut Chỉnh cơ 4 hướng Tích hợp nút bấm điều khiển tính năng giải trí và ADAS||https://storage.googleapis.com/vinfast-data-01/brochure/VF8_Brochure_03022026.pdf
VF 8|Eco||interior|Nội thất|ac_type|Hệ thống điều hòa|Tự động, 2 vùng Tích hợp chức năng kiểm soát chất lượng||https://storage.googleapis.com/vinfast-data-01/brochure/VF8_Brochure_03022026.pdf
VF 8|Eco||interior|Nội thất|cabin_air_filter|Lọc không khí Cabin|Combi 1.0||https://storage.googleapis.com/vinfast-data-01/brochure/VF8_Brochure_03022026.pdf
VF 8|Eco||interior|Nội thất|rear_ac_vents|Ống thông gió dưới chân hành khách sau|Có||https://storage.googleapis.com/vinfast-data-01/brochure/VF8_Brochure_03022026.pdf
VF 8|Eco||interior|Nội thất|display_inch|Màn hình giải trí cảm ứng|15,6 Inch|inch|https://storage.googleapis.com/vinfast-data-01/brochure/VF8_Brochure_03022026.pdf
VF 8|Eco||interior|Nội thất|head_up_display|Màn hình hiển thị HUD|Có||https://storage.googleapis.com/vinfast-data-01/brochure/VF8_Brochure_03022026.pdf
VF 8|Eco||interior|Nội thất|usb_port_type_a|Cổng kết nối USB loại A|Hàng ghế trước: 2 Hàng ghế thứ hai: 2||https://storage.googleapis.com/vinfast-data-01/brochure/VF8_Brochure_03022026.pdf
VF 8|Eco||interior|Nội thất|usb_port_type_c|Cổng kết nối USB loại C|Có, 90 W||https://storage.googleapis.com/vinfast-data-01/brochure/VF8_Brochure_03022026.pdf
VF 8|Eco||interior|Nội thất|wireless_charging|Sạc không dây|Không||https://storage.googleapis.com/vinfast-data-01/brochure/VF8_Brochure_03022026.pdf
VF 8|Eco||interior|Nội thất|wifi_connectivity|Kết nối Wifi|Có||https://storage.googleapis.com/vinfast-data-01/brochure/VF8_Brochure_03022026.pdf
VF 8|Eco||interior|Nội thất|bluetooth_connectivity|Kết nối Bluetooth|Có||https://storage.googleapis.com/vinfast-data-01/brochure/VF8_Brochure_03022026.pdf
VF 8|Eco||interior|Nội thất|speakers|Hệ thống loa|8|số lượng|https://storage.googleapis.com/vinfast-data-01/brochure/VF8_Brochure_03022026.pdf
VF 8|Eco||interior|Nội thất|subwoofer|Loa trầm|Không||https://storage.googleapis.com/vinfast-data-01/brochure/VF8_Brochure_03022026.pdf
VF 8|Eco||interior|Nội thất|ambient_lighting|Đèn trang trí nội thất|Không||https://storage.googleapis.com/vinfast-data-01/brochure/VF8_Brochure_03022026.pdf
VF 8|Eco||interior|Nội thất|sunroof_type|Cửa sổ trời|Không||https://storage.googleapis.com/vinfast-data-01/brochure/VF8_Brochure_03022026.pdf
VF 8|Eco||interior|Nội thất|interior_mirror_type|Gương chiếu hậu trong xe|Chống chói tự động||https://storage.googleapis.com/vinfast-data-01/brochure/VF8_Brochure_03022026.pdf
VF 8|Eco||safety|An toàn|abs|Chống bó cứng phanh (ABS)|Có||https://storage.googleapis.com/vinfast-data-01/brochure/VF8_Brochure_03022026.pdf
VF 8|Eco||safety|An toàn|ebd|Phân phối lực phanh điện tử (EBD)|Có||https://storage.googleapis.com/vinfast-data-01/brochure/VF8_Brochure_03022026.pdf
VF 8|Eco||safety|An toàn|brake_assist|Hỗ trợ phanh khẩn cấp (BA)|Có||https://storage.googleapis.com/vinfast-data-01/brochure/VF8_Brochure_03022026.pdf
VF 8|Eco||safety|An toàn|esc|Cân bằng điện tử (ESC)|Có||https://storage.googleapis.com/vinfast-data-01/brochure/VF8_Brochure_03022026.pdf
VF 8|Eco||safety|An toàn|tcs|Kiểm soát lực kéo (TCS)|Có||https://storage.googleapis.com/vinfast-data-01/brochure/VF8_Brochure_03022026.pdf
VF 8|Eco||safety|An toàn|hsa|Hỗ trợ khởi hành ngang dốc (HSA)|Có||https://storage.googleapis.com/vinfast-data-01/brochure/VF8_Brochure_03022026.pdf
VF 8|Eco||safety|An toàn|rollover_mitigation|Chức năng chống lật ROM|Có||https://storage.googleapis.com/vinfast-data-01/brochure/VF8_Brochure_03022026.pdf
VF 8|Eco||safety|An toàn|emergency_stop_signal|Đèn báo phanh khẩn cấp ESS|Có||https://storage.googleapis.com/vinfast-data-01/brochure/VF8_Brochure_03022026.pdf
VF 8|Eco||safety|An toàn|tpms|Giám sát áp suất lốp|dTPMS||https://storage.googleapis.com/vinfast-data-01/brochure/VF8_Brochure_03022026.pdf
VF 8|Eco||safety|An toàn|auto_door_lock|Khóa cửa xe tự động khi xe di chuyển|Có||https://storage.googleapis.com/vinfast-data-01/brochure/VF8_Brochure_03022026.pdf
VF 8|Eco||safety|An toàn|pretensioner_seatbelt|Căng đai khẩn cấp|Có||https://storage.googleapis.com/vinfast-data-01/brochure/VF8_Brochure_03022026.pdf
VF 8|Eco||safety|An toàn|isofix|Móc cố định ghế trẻ em ISOFIX|Có||https://storage.googleapis.com/vinfast-data-01/brochure/VF8_Brochure_03022026.pdf
VF 8|Eco||safety|An toàn|seatbelt_warning|Cảnh báo dây an toàn|Có||https://storage.googleapis.com/vinfast-data-01/brochure/VF8_Brochure_03022026.pdf
VF 8|Eco||safety|An toàn|airbags|Túi khí|10||https://storage.googleapis.com/vinfast-data-01/brochure/VF8_Brochure_03022026.pdf
VF 8|Eco||safety|An toàn|front_airbags|Túi khí trước|2||https://storage.googleapis.com/vinfast-data-01/brochure/VF8_Brochure_03022026.pdf
VF 8|Eco||safety|An toàn|curtain_airbags|Túi khí rèm|2||https://storage.googleapis.com/vinfast-data-01/brochure/VF8_Brochure_03022026.pdf
VF 8|Eco||safety|An toàn|side_airbags_front|Túi khí bên hông ghế trước|2||https://storage.googleapis.com/vinfast-data-01/brochure/VF8_Brochure_03022026.pdf
VF 8|Eco||safety|An toàn|side_airbags_rear|Túi khí bên hông ghế sau|2||https://storage.googleapis.com/vinfast-data-01/brochure/VF8_Brochure_03022026.pdf
VF 8|Eco||safety|An toàn|knee_airbags|Túi khí bảo vệ chân|2||https://storage.googleapis.com/vinfast-data-01/brochure/VF8_Brochure_03022026.pdf
VF 8|Eco||safety|An toàn|center_airbags|Túi khí trung tâm|0||https://storage.googleapis.com/vinfast-data-01/brochure/VF8_Brochure_03022026.pdf
VF 8|Eco||adas|Hỗ trợ lái nâng cao (ADAS)|traffic_jam_assist|Hỗ trợ di chuyển khi ùn tắc|Không||https://storage.googleapis.com/vinfast-data-01/brochure/VF8_Brochure_03022026.pdf
VF 8|Eco||adas|Hỗ trợ lái nâng cao (ADAS)|highway_assist|Hỗ trợ lái trên đường cao tốc|Không||https://storage.googleapis.com/vinfast-data-01/brochure/VF8_Brochure_03022026.pdf
VF 8|Eco||adas|Hỗ trợ lái nâng cao (ADAS)|lane_departure_warning|Cảnh báo chệch làn|Không||https://storage.googleapis.com/vinfast-data-01/brochure/VF8_Brochure_03022026.pdf
VF 8|Eco||adas|Hỗ trợ lái nâng cao (ADAS)|lane_keep_assist|Hỗ trợ giữ làn|Không||https://storage.googleapis.com/vinfast-data-01/brochure/VF8_Brochure_03022026.pdf
VF 8|Eco||adas|Hỗ trợ lái nâng cao (ADAS)|lane_centering|Kiểm soát đi giữa làn|Không||https://storage.googleapis.com/vinfast-data-01/brochure/VF8_Brochure_03022026.pdf
VF 8|Eco||adas|Hỗ trợ lái nâng cao (ADAS)|cruise_control_type|Kiểm soát hành trình|Ga tự động cơ bản||https://storage.googleapis.com/vinfast-data-01/brochure/VF8_Brochure_03022026.pdf
VF 8|Eco||adas|Hỗ trợ lái nâng cao (ADAS)|adaptive_cruise_control|Điều chỉnh tốc độ thông minh|Không||https://storage.googleapis.com/vinfast-data-01/brochure/VF8_Brochure_03022026.pdf
VF 8|Eco||adas|Hỗ trợ lái nâng cao (ADAS)|traffic_sign_recognition|Nhận biết biển báo giao thông|Không||https://storage.googleapis.com/vinfast-data-01/brochure/VF8_Brochure_03022026.pdf
VF 8|Eco||adas|Hỗ trợ lái nâng cao (ADAS)|forward_collision_warning|Cảnh báo va chạm phía trước|Không||https://storage.googleapis.com/vinfast-data-01/brochure/VF8_Brochure_03022026.pdf
VF 8|Eco||adas|Hỗ trợ lái nâng cao (ADAS)|rear_cross_traffic_alert|Cảnh báo phương tiện cắt ngang phía sau|Không||https://storage.googleapis.com/vinfast-data-01/brochure/VF8_Brochure_03022026.pdf
VF 8|Eco||adas|Hỗ trợ lái nâng cao (ADAS)|blind_spot_warning|Cảnh báo điểm mù|Có||https://storage.googleapis.com/vinfast-data-01/brochure/VF8_Brochure_03022026.pdf
VF 8|Eco||adas|Hỗ trợ lái nâng cao (ADAS)|door_open_warning|Cảnh báo mở cửa|Không||https://storage.googleapis.com/vinfast-data-01/brochure/VF8_Brochure_03022026.pdf
VF 8|Eco||adas|Hỗ trợ lái nâng cao (ADAS)|aeb_front|Phanh tự động khẩn cấp trước|Không||https://storage.googleapis.com/vinfast-data-01/brochure/VF8_Brochure_03022026.pdf
VF 8|Eco||adas|Hỗ trợ lái nâng cao (ADAS)|emergency_lane_keep|Hỗ trợ giữ làn khẩn cấp|Không||https://storage.googleapis.com/vinfast-data-01/brochure/VF8_Brochure_03022026.pdf
VF 8|Eco||exterior|Ngoại thất|adaptive_headlights|Đèn pha tự động / thích ứng|Không||https://storage.googleapis.com/vinfast-data-01/brochure/VF8_Brochure_03022026.pdf
VF 8|Eco||adas|Hỗ trợ lái nâng cao (ADAS)|driver_monitoring|Cảnh báo tài xế buồn ngủ & mất tập trung|Không||https://storage.googleapis.com/vinfast-data-01/brochure/VF8_Brochure_03022026.pdf
VF 8|Eco||adas|Hỗ trợ lái nâng cao (ADAS)|surround_view_camera|Camera 360° / giám sát xung quanh|Có||https://storage.googleapis.com/vinfast-data-01/brochure/VF8_Brochure_03022026.pdf
VF 8|Eco||infotainment|Giải trí & kết nối|vehicle_modes|Chế độ xe cơ bản (cắm trại, người lạ, thú cưng, rửa xe)|Có||https://storage.googleapis.com/vinfast-data-01/brochure/VF8_Brochure_03022026.pdf
VF 8|Eco||infotainment|Giải trí & kết nối|basic_entertainment|Giải trí cơ bản (Đài FM, Bluetooth, USB)|Có||https://storage.googleapis.com/vinfast-data-01/brochure/VF8_Brochure_03022026.pdf
VF 8|Eco||infotainment|Giải trí & kết nối|online_entertainment|Giải trí trực tuyến|Có||https://storage.googleapis.com/vinfast-data-01/brochure/VF8_Brochure_03022026.pdf
VF 8|Eco||infotainment|Giải trí & kết nối|smartphone_integration|Kết nối Android Auto / Apple CarPlay|Có||https://storage.googleapis.com/vinfast-data-01/brochure/VF8_Brochure_03022026.pdf
VF 8|Eco||infotainment|Giải trí & kết nối|basic_map_navigation|Bản đồ cơ bản (Tìm địa điểm, Dẫn đường, tình trạng giao thông, hình vệ tinh)|Có||https://storage.googleapis.com/vinfast-data-01/brochure/VF8_Brochure_03022026.pdf
VF 8|Eco||infotainment|Giải trí & kết nối|ev_routing|Dẫn đường nâng cao cho xe điện (tìm trạm sạc)|Có||https://storage.googleapis.com/vinfast-data-01/brochure/VF8_Brochure_03022026.pdf
VF 8|Eco||infotainment|Giải trí & kết nối|basic_widgets|Khung tiện ích cơ bản (lịch, thời tiết, media, bản đồ)|Có||https://storage.googleapis.com/vinfast-data-01/brochure/VF8_Brochure_03022026.pdf
VF 8|Eco||infotainment|Giải trí & kết nối|web_browser|Trình duyệt web|Có||https://storage.googleapis.com/vinfast-data-01/brochure/VF8_Brochure_03022026.pdf
VF 8|Eco||infotainment|Giải trí & kết nối|vehicle_status_assist|Tư vấn tình trạng xe & hỗ trợ xử lý sự cố|Có||https://storage.googleapis.com/vinfast-data-01/brochure/VF8_Brochure_03022026.pdf
VF 8|Eco||infotainment|Giải trí & kết nối|voice_control|Điều khiển chức năng xe bằng giọng nói|Có||https://storage.googleapis.com/vinfast-data-01/brochure/VF8_Brochure_03022026.pdf
VF 8|Eco||infotainment|Giải trí & kết nối|voice_search|Hỏi đáp & tìm kiếm thông tin cơ bản|Có||https://storage.googleapis.com/vinfast-data-01/brochure/VF8_Brochure_03022026.pdf
VF 8|Eco||infotainment|Giải trí & kết nối|voice_navigation|Dẫn đường bằng giọng nói|Có||https://storage.googleapis.com/vinfast-data-01/brochure/VF8_Brochure_03022026.pdf
VF 8|Eco||infotainment|Giải trí & kết nối|voice_greeting|Chào hỏi / thực hiện lệnh theo kịch bản|Có||https://storage.googleapis.com/vinfast-data-01/brochure/VF8_Brochure_03022026.pdf
VF 8|Eco||connected|Kết nối thông minh|account_sync|Đồng bộ tài khoản / ứng dụng / phân quyền|Có||https://storage.googleapis.com/vinfast-data-01/brochure/VF8_Brochure_03022026.pdf
VF 8|Eco||connected|Kết nối thông minh|vehicle_status_notification|Thông báo trạng thái xe (pin, hiệu suất, bảo dưỡng)|Có||https://storage.googleapis.com/vinfast-data-01/brochure/VF8_Brochure_03022026.pdf
VF 8|Eco||connected|Kết nối thông minh|charge_management|Quản lý sạc & thanh toán phí sạc|Có||https://storage.googleapis.com/vinfast-data-01/brochure/VF8_Brochure_03022026.pdf
VF 8|Eco||connected|Kết nối thông minh|charger_map|Bản đồ trạm sạc|Có||https://storage.googleapis.com/vinfast-data-01/brochure/VF8_Brochure_03022026.pdf
VF 8|Eco||connected|Kết nối thông minh|service_booking|Dịch vụ hậu mãi: đặt lịch sửa chữa, lái thử|Có||https://storage.googleapis.com/vinfast-data-01/brochure/VF8_Brochure_03022026.pdf
VF 8|Eco||connected|Kết nối thông minh|online_accessory_shop|Mua bán phụ kiện|Có||https://storage.googleapis.com/vinfast-data-01/brochure/VF8_Brochure_03022026.pdf
VF 8|Eco||infotainment|Giải trí & kết nối|ota_update|Cập nhật phần mềm từ xa|Có||https://storage.googleapis.com/vinfast-data-01/brochure/VF8_Brochure_03022026.pdf
VF 8|Eco||connected|Kết nối thông minh|gps_tracking|Định vị xe từ xa|Không có thông tin||https://storage.googleapis.com/vinfast-data-01/brochure/VF8_Brochure_03022026.pdf
VF 8|Plus||dimension|Kích thước & trọng lượng|wheelbase_mm|Chiều dài cơ sở|2.950|mm|https://storage.googleapis.com/vinfast-data-01/brochure/VF8_Brochure_03022026.pdf
VF 8|Plus||dimension|Kích thước & trọng lượng|length_mm|Chiều dài tổng thể|4750|mm|https://storage.googleapis.com/vinfast-data-01/brochure/VF8_Brochure_03022026.pdf
VF 8|Plus||dimension|Kích thước & trọng lượng|width_mm|Chiều rộng tổng thể|1934|mm|https://storage.googleapis.com/vinfast-data-01/brochure/VF8_Brochure_03022026.pdf
VF 8|Plus||dimension|Kích thước & trọng lượng|height_mm|Chiều cao tổng thể|1667|mm|https://storage.googleapis.com/vinfast-data-01/brochure/VF8_Brochure_03022026.pdf
VF 8|Plus||dimension|Kích thước & trọng lượng|ground_clearance_mm|Khoảng sáng gầm xe|157|mm|https://storage.googleapis.com/vinfast-data-01/brochure/VF8_Brochure_03022026.pdf
VF 8|Plus||dimension|Kích thước & trọng lượng|trunk_capacity|Dung tích khoang hành lý|376/1.373|L|https://storage.googleapis.com/vinfast-data-01/brochure/VF8_Brochure_03022026.pdf
VF 8|Plus||dimension|Kích thước & trọng lượng|frunk_capacity_l|Dung tích khoang hành lý phía trước|88|L|https://storage.googleapis.com/vinfast-data-01/brochure/VF8_Brochure_03022026.pdf
VF 8|Plus||dimension|Kích thước & trọng lượng|curb_weight_kg|Trọng lượng không tải|2.520 Kg|kg|https://storage.googleapis.com/vinfast-data-01/brochure/VF8_Brochure_03022026.pdf
VF 8|Plus||dimension|Kích thước & trọng lượng|roof_load_kg|Tải trọng hành lý nóc xe|70|kg|https://storage.googleapis.com/vinfast-data-01/brochure/VF8_Brochure_03022026.pdf
VF 8|Plus||powertrain|Hệ thống truyền động|drivetrain|Dẫn động|AWD/ 2 cầu toàn thời gian||https://storage.googleapis.com/vinfast-data-01/brochure/VF8_Brochure_03022026.pdf
VF 8|Plus||powertrain|Hệ thống truyền động|power_kw|Công suất tối đa|300/402|kW|https://storage.googleapis.com/vinfast-data-01/brochure/VF8_Brochure_03022026.pdf
VF 8|Plus||powertrain|Hệ thống truyền động|torque_nm|Mô-men xoắn cực đại|620|Nm|https://storage.googleapis.com/vinfast-data-01/brochure/VF8_Brochure_03022026.pdf
VF 8|Plus||powertrain|Hệ thống truyền động|acceleration_0_100_s|Tăng tốc 0-100 km/h|5,58|s|https://storage.googleapis.com/vinfast-data-01/brochure/VF8_Brochure_03022026.pdf
VF 8|Plus||battery|Pin & sạc|battery_kwh|Dung lượng pin khả dụng|87,7|kWh|https://storage.googleapis.com/vinfast-data-01/brochure/VF8_Brochure_03022026.pdf
VF 8|Plus||battery|Pin & sạc|range_km|Phạm vi di chuyển|457 (WLTP)|km|https://storage.googleapis.com/vinfast-data-01/brochure/VF8_Brochure_03022026.pdf
VF 8|Plus||battery|Pin & sạc|fast_charge_min|Thời gian nạp pin nhanh nhất|31|phút|https://storage.googleapis.com/vinfast-data-01/brochure/VF8_Brochure_03022026.pdf
VF 8|Plus||powertrain|Hệ thống truyền động|drive_modes|Chế độ lái|Eco/Normal/Sport||https://storage.googleapis.com/vinfast-data-01/brochure/VF8_Brochure_03022026.pdf
VF 8|Plus||powertrain|Hệ thống truyền động|battery_heater|Sưởi pin cao thế|Có||https://storage.googleapis.com/vinfast-data-01/brochure/VF8_Brochure_03022026.pdf
VF 8|Plus||chassis|Khung gầm & hệ thống treo|front_suspension_type|Hệ thống treo trước|Treo độc lập thông minh||https://storage.googleapis.com/vinfast-data-01/brochure/VF8_Brochure_03022026.pdf
VF 8|Plus||chassis|Khung gầm & hệ thống treo|rear_suspension_type|Hệ thống treo sau|Thanh điều hướng đa điểm||https://storage.googleapis.com/vinfast-data-01/brochure/VF8_Brochure_03022026.pdf
VF 8|Plus||chassis|Khung gầm & hệ thống treo|brake_type|Hệ thống phanh trước/sau|Đĩa thông gió/Đĩa thông gió||https://storage.googleapis.com/vinfast-data-01/brochure/VF8_Brochure_03022026.pdf
VF 8|Plus||exterior|Ngoại thất|wheel_type|Loại la-zăng|Hợp kim 20inch||https://storage.googleapis.com/vinfast-data-01/brochure/VF8_Brochure_03022026.pdf
VF 8|Plus||chassis|Khung gầm & hệ thống treo|steering_assist_type|Trợ lực lái|Trợ lực điện||https://storage.googleapis.com/vinfast-data-01/brochure/VF8_Brochure_03022026.pdf
VF 8|Plus||exterior|Ngoại thất|headlight_type|Đèn chiếu sáng phía trước|LED, Tự động bật/tắt, điều chỉnh góc chiếu thông minh||https://storage.googleapis.com/vinfast-data-01/brochure/VF8_Brochure_03022026.pdf
VF 8|Plus||exterior|Ngoại thất|daytime_running_light|Đèn chờ dẫn đường|Có||https://storage.googleapis.com/vinfast-data-01/brochure/VF8_Brochure_03022026.pdf
VF 8|Plus||exterior|Ngoại thất|drl_type|Đèn chiếu sáng ban ngày|LED||https://storage.googleapis.com/vinfast-data-01/brochure/VF8_Brochure_03022026.pdf
VF 8|Plus||exterior|Ngoại thất|fog_light_front|Đèn sương mù trước|Có||https://storage.googleapis.com/vinfast-data-01/brochure/VF8_Brochure_03022026.pdf
VF 8|Plus||exterior|Ngoại thất|cornering_light|Đèn chiếu góc|Có||https://storage.googleapis.com/vinfast-data-01/brochure/VF8_Brochure_03022026.pdf
VF 8|Plus||exterior|Ngoại thất|tail_light_type|Đèn hậu|LED||https://storage.googleapis.com/vinfast-data-01/brochure/VF8_Brochure_03022026.pdf
VF 8|Plus||exterior|Ngoại thất|high_mount_brake_light|Đèn phanh trên cao phía sau|LED||https://storage.googleapis.com/vinfast-data-01/brochure/VF8_Brochure_03022026.pdf
VF 8|Plus||exterior|Ngoại thất|rearview_mirror_type|Gương chiếu hậu|Chỉnh điện, gập điện, nhớ vị trí Tích hợp báo rẽ, sấy mặt gương, chống chói tự động, tự động chỉnh khi lùi||https://storage.googleapis.com/vinfast-data-01/brochure/VF8_Brochure_03022026.pdf
VF 8|Plus||exterior|Ngoại thất|window_type|Kiểu cửa sổ|Chỉnh điện, lên/xuống Một chạm cả 4 cửa Hàng ghế trước: kính cách âm 2 lớp, hàng ghế sau: kính 1 lớp||https://storage.googleapis.com/vinfast-data-01/brochure/VF8_Brochure_03022026.pdf
VF 8|Plus||exterior|Ngoại thất|privacy_glass|Kính cửa sổ màu đen (riêng tư)|Hàng ghế sau||https://storage.googleapis.com/vinfast-data-01/brochure/VF8_Brochure_03022026.pdf
VF 8|Plus||exterior|Ngoại thất|trunk_lid_type|Điều chỉnh cốp sau|Chỉnh điện Đóng/mở cốp đá chân||https://storage.googleapis.com/vinfast-data-01/brochure/VF8_Brochure_03022026.pdf
VF 8|Plus||exterior|Ngoại thất|windshield_type|Kính chắn gió|Chống tia UV||https://storage.googleapis.com/vinfast-data-01/brochure/VF8_Brochure_03022026.pdf
VF 8|Plus||exterior|Ngoại thất|auto_wiper|Gạt mưa trước tự động|Tự động||https://storage.googleapis.com/vinfast-data-01/brochure/VF8_Brochure_03022026.pdf
VF 8|Plus||exterior|Ngoại thất|underbody_protection|Tấm bảo vệ dưới thân xe|Có||https://storage.googleapis.com/vinfast-data-01/brochure/VF8_Brochure_03022026.pdf
VF 8|Plus||interior|Nội thất|seats|Số ghế ngồi|5||https://storage.googleapis.com/vinfast-data-01/brochure/VF8_Brochure_03022026.pdf
VF 8|Plus||interior|Nội thất|seat_material_type|Chất liệu bọc ghế|Da nhân tạo||https://storage.googleapis.com/vinfast-data-01/brochure/VF8_Brochure_03022026.pdf
VF 8|Plus||interior|Nội thất|driver_seat_type|Ghế lái|Chỉnh điện 12 hướng, nhớ vị trí Tích hợp thông gió, sưởi||https://storage.googleapis.com/vinfast-data-01/brochure/VF8_Brochure_03022026.pdf
VF 8|Plus||interior|Nội thất|passenger_seat_type|Ghế phụ|Chỉnh điện 10 hướng Tích hợp thông gió, sưởi||https://storage.googleapis.com/vinfast-data-01/brochure/VF8_Brochure_03022026.pdf
VF 8|Plus||interior|Nội thất|second_row_seat_type|Hàng ghế thứ hai|Chỉnh cơ 2 hướng, tỷ lệ gập 60:40 Tích hợp thông gió, sưởi||https://storage.googleapis.com/vinfast-data-01/brochure/VF8_Brochure_03022026.pdf
VF 8|Plus||interior|Nội thất|steering_wheel_type|Loại vô lăng|Bọc da, dạng D-cut Chỉnh điện 4 hướng Tích hợp sưởi, nút bấm điều khiển tính năng giải trí và ADAS||https://storage.googleapis.com/vinfast-data-01/brochure/VF8_Brochure_03022026.pdf
VF 8|Plus||interior|Nội thất|ac_type|Hệ thống điều hòa|Tự động, 2 vùng Tích hợp chức năng kiểm soát chất lượng, chức năng ion hóa không khí||https://storage.googleapis.com/vinfast-data-01/brochure/VF8_Brochure_03022026.pdf
VF 8|Plus||interior|Nội thất|cabin_air_filter|Lọc không khí Cabin|Combi 1.0||https://storage.googleapis.com/vinfast-data-01/brochure/VF8_Brochure_03022026.pdf
VF 8|Plus||interior|Nội thất|rear_ac_vents|Ống thông gió dưới chân hành khách sau|Có||https://storage.googleapis.com/vinfast-data-01/brochure/VF8_Brochure_03022026.pdf
VF 8|Plus||interior|Nội thất|display_inch|Màn hình giải trí cảm ứng|15,6 Inch|inch|https://storage.googleapis.com/vinfast-data-01/brochure/VF8_Brochure_03022026.pdf
VF 8|Plus||interior|Nội thất|head_up_display|Màn hình hiển thị HUD|Có||https://storage.googleapis.com/vinfast-data-01/brochure/VF8_Brochure_03022026.pdf
VF 8|Plus||interior|Nội thất|usb_port_type_a|Cổng kết nối USB loại A|Hàng ghế trước: 2 Hàng ghế thứ hai: 2||https://storage.googleapis.com/vinfast-data-01/brochure/VF8_Brochure_03022026.pdf
VF 8|Plus||interior|Nội thất|usb_port_type_c|Cổng kết nối USB loại C|Có, 90 W||https://storage.googleapis.com/vinfast-data-01/brochure/VF8_Brochure_03022026.pdf
VF 8|Plus||interior|Nội thất|wireless_charging|Sạc không dây|Có||https://storage.googleapis.com/vinfast-data-01/brochure/VF8_Brochure_03022026.pdf
VF 8|Plus||interior|Nội thất|wifi_connectivity|Kết nối Wifi|Có||https://storage.googleapis.com/vinfast-data-01/brochure/VF8_Brochure_03022026.pdf
VF 8|Plus||interior|Nội thất|bluetooth_connectivity|Kết nối Bluetooth|Có||https://storage.googleapis.com/vinfast-data-01/brochure/VF8_Brochure_03022026.pdf
VF 8|Plus||interior|Nội thất|speakers|Hệ thống loa|10|số lượng|https://storage.googleapis.com/vinfast-data-01/brochure/VF8_Brochure_03022026.pdf
VF 8|Plus||interior|Nội thất|subwoofer|Loa trầm|1||https://storage.googleapis.com/vinfast-data-01/brochure/VF8_Brochure_03022026.pdf
VF 8|Plus||interior|Nội thất|ambient_lighting|Đèn trang trí nội thất|Đa màu||https://storage.googleapis.com/vinfast-data-01/brochure/VF8_Brochure_03022026.pdf
VF 8|Plus||interior|Nội thất|sunroof_type|Cửa sổ trời|Toàn cảnh, chỉnh điện||https://storage.googleapis.com/vinfast-data-01/brochure/VF8_Brochure_03022026.pdf
VF 8|Plus||interior|Nội thất|interior_mirror_type|Gương chiếu hậu trong xe|Chống chói tự động||https://storage.googleapis.com/vinfast-data-01/brochure/VF8_Brochure_03022026.pdf
VF 8|Plus||safety|An toàn|abs|Chống bó cứng phanh (ABS)|Có||https://storage.googleapis.com/vinfast-data-01/brochure/VF8_Brochure_03022026.pdf
VF 8|Plus||safety|An toàn|ebd|Phân phối lực phanh điện tử (EBD)|Có||https://storage.googleapis.com/vinfast-data-01/brochure/VF8_Brochure_03022026.pdf
VF 8|Plus||safety|An toàn|brake_assist|Hỗ trợ phanh khẩn cấp (BA)|Có||https://storage.googleapis.com/vinfast-data-01/brochure/VF8_Brochure_03022026.pdf
VF 8|Plus||safety|An toàn|esc|Cân bằng điện tử (ESC)|Có||https://storage.googleapis.com/vinfast-data-01/brochure/VF8_Brochure_03022026.pdf
VF 8|Plus||safety|An toàn|tcs|Kiểm soát lực kéo (TCS)|Có||https://storage.googleapis.com/vinfast-data-01/brochure/VF8_Brochure_03022026.pdf
VF 8|Plus||safety|An toàn|hsa|Hỗ trợ khởi hành ngang dốc (HSA)|Có||https://storage.googleapis.com/vinfast-data-01/brochure/VF8_Brochure_03022026.pdf
VF 8|Plus||safety|An toàn|rollover_mitigation|Chức năng chống lật ROM|Có||https://storage.googleapis.com/vinfast-data-01/brochure/VF8_Brochure_03022026.pdf
VF 8|Plus||safety|An toàn|emergency_stop_signal|Đèn báo phanh khẩn cấp ESS|Có||https://storage.googleapis.com/vinfast-data-01/brochure/VF8_Brochure_03022026.pdf
VF 8|Plus||safety|An toàn|tpms|Giám sát áp suất lốp|dTPMS||https://storage.googleapis.com/vinfast-data-01/brochure/VF8_Brochure_03022026.pdf
VF 8|Plus||safety|An toàn|auto_door_lock|Khóa cửa xe tự động khi xe di chuyển|Có||https://storage.googleapis.com/vinfast-data-01/brochure/VF8_Brochure_03022026.pdf
VF 8|Plus||safety|An toàn|pretensioner_seatbelt|Căng đai khẩn cấp|Có||https://storage.googleapis.com/vinfast-data-01/brochure/VF8_Brochure_03022026.pdf
VF 8|Plus||safety|An toàn|isofix|Móc cố định ghế trẻ em ISOFIX|Có||https://storage.googleapis.com/vinfast-data-01/brochure/VF8_Brochure_03022026.pdf
VF 8|Plus||safety|An toàn|seatbelt_warning|Cảnh báo dây an toàn|Có||https://storage.googleapis.com/vinfast-data-01/brochure/VF8_Brochure_03022026.pdf
VF 8|Plus||safety|An toàn|airbags|Túi khí|11||https://storage.googleapis.com/vinfast-data-01/brochure/VF8_Brochure_03022026.pdf
VF 8|Plus||safety|An toàn|front_airbags|Túi khí trước|2||https://storage.googleapis.com/vinfast-data-01/brochure/VF8_Brochure_03022026.pdf
VF 8|Plus||safety|An toàn|curtain_airbags|Túi khí rèm|2||https://storage.googleapis.com/vinfast-data-01/brochure/VF8_Brochure_03022026.pdf
VF 8|Plus||safety|An toàn|side_airbags_front|Túi khí bên hông ghế trước|2||https://storage.googleapis.com/vinfast-data-01/brochure/VF8_Brochure_03022026.pdf
VF 8|Plus||safety|An toàn|side_airbags_rear|Túi khí bên hông ghế sau|2||https://storage.googleapis.com/vinfast-data-01/brochure/VF8_Brochure_03022026.pdf
VF 8|Plus||safety|An toàn|knee_airbags|Túi khí bảo vệ chân|2||https://storage.googleapis.com/vinfast-data-01/brochure/VF8_Brochure_03022026.pdf
VF 8|Plus||safety|An toàn|center_airbags|Túi khí trung tâm|1||https://storage.googleapis.com/vinfast-data-01/brochure/VF8_Brochure_03022026.pdf
VF 8|Plus||adas|Hỗ trợ lái nâng cao (ADAS)|traffic_jam_assist|Hỗ trợ di chuyển khi ùn tắc|Có||https://storage.googleapis.com/vinfast-data-01/brochure/VF8_Brochure_03022026.pdf
VF 8|Plus||adas|Hỗ trợ lái nâng cao (ADAS)|highway_assist|Hỗ trợ lái trên đường cao tốc|Có||https://storage.googleapis.com/vinfast-data-01/brochure/VF8_Brochure_03022026.pdf
VF 8|Plus||adas|Hỗ trợ lái nâng cao (ADAS)|lane_departure_warning|Cảnh báo chệch làn|Có||https://storage.googleapis.com/vinfast-data-01/brochure/VF8_Brochure_03022026.pdf
VF 8|Plus||adas|Hỗ trợ lái nâng cao (ADAS)|lane_keep_assist|Hỗ trợ giữ làn|Có||https://storage.googleapis.com/vinfast-data-01/brochure/VF8_Brochure_03022026.pdf
VF 8|Plus||adas|Hỗ trợ lái nâng cao (ADAS)|lane_centering|Kiểm soát đi giữa làn|Có||https://storage.googleapis.com/vinfast-data-01/brochure/VF8_Brochure_03022026.pdf
VF 8|Plus||adas|Hỗ trợ lái nâng cao (ADAS)|cruise_control_type|Kiểm soát hành trình|Ga tự động thích ứng||https://storage.googleapis.com/vinfast-data-01/brochure/VF8_Brochure_03022026.pdf
VF 8|Plus||adas|Hỗ trợ lái nâng cao (ADAS)|adaptive_cruise_control|Điều chỉnh tốc độ thông minh|Có||https://storage.googleapis.com/vinfast-data-01/brochure/VF8_Brochure_03022026.pdf
VF 8|Plus||adas|Hỗ trợ lái nâng cao (ADAS)|traffic_sign_recognition|Nhận biết biển báo giao thông|Có||https://storage.googleapis.com/vinfast-data-01/brochure/VF8_Brochure_03022026.pdf
VF 8|Plus||adas|Hỗ trợ lái nâng cao (ADAS)|forward_collision_warning|Cảnh báo va chạm phía trước|Có||https://storage.googleapis.com/vinfast-data-01/brochure/VF8_Brochure_03022026.pdf
VF 8|Plus||adas|Hỗ trợ lái nâng cao (ADAS)|rear_cross_traffic_alert|Cảnh báo phương tiện cắt ngang phía sau|Có||https://storage.googleapis.com/vinfast-data-01/brochure/VF8_Brochure_03022026.pdf
VF 8|Plus||adas|Hỗ trợ lái nâng cao (ADAS)|blind_spot_warning|Cảnh báo điểm mù|Có||https://storage.googleapis.com/vinfast-data-01/brochure/VF8_Brochure_03022026.pdf
VF 8|Plus||adas|Hỗ trợ lái nâng cao (ADAS)|door_open_warning|Cảnh báo mở cửa|Có||https://storage.googleapis.com/vinfast-data-01/brochure/VF8_Brochure_03022026.pdf
VF 8|Plus||adas|Hỗ trợ lái nâng cao (ADAS)|aeb_front|Phanh tự động khẩn cấp trước|Có||https://storage.googleapis.com/vinfast-data-01/brochure/VF8_Brochure_03022026.pdf
VF 8|Plus||adas|Hỗ trợ lái nâng cao (ADAS)|emergency_lane_keep|Hỗ trợ giữ làn khẩn cấp|Có||https://storage.googleapis.com/vinfast-data-01/brochure/VF8_Brochure_03022026.pdf
VF 8|Plus||exterior|Ngoại thất|adaptive_headlights|Đèn pha tự động / thích ứng|Có||https://storage.googleapis.com/vinfast-data-01/brochure/VF8_Brochure_03022026.pdf
VF 8|Plus||adas|Hỗ trợ lái nâng cao (ADAS)|driver_monitoring|Cảnh báo tài xế buồn ngủ & mất tập trung|Có||https://storage.googleapis.com/vinfast-data-01/brochure/VF8_Brochure_03022026.pdf
VF 8|Plus||adas|Hỗ trợ lái nâng cao (ADAS)|surround_view_camera|Camera 360° / giám sát xung quanh|Có||https://storage.googleapis.com/vinfast-data-01/brochure/VF8_Brochure_03022026.pdf
VF 8|Plus||infotainment|Giải trí & kết nối|vehicle_modes|Chế độ xe cơ bản (cắm trại, người lạ, thú cưng, rửa xe)|Có||https://storage.googleapis.com/vinfast-data-01/brochure/VF8_Brochure_03022026.pdf
VF 8|Plus||infotainment|Giải trí & kết nối|basic_entertainment|Giải trí cơ bản (Đài FM, Bluetooth, USB)|Có||https://storage.googleapis.com/vinfast-data-01/brochure/VF8_Brochure_03022026.pdf
VF 8|Plus||infotainment|Giải trí & kết nối|online_entertainment|Giải trí trực tuyến|Có||https://storage.googleapis.com/vinfast-data-01/brochure/VF8_Brochure_03022026.pdf
VF 8|Plus||infotainment|Giải trí & kết nối|smartphone_integration|Kết nối Android Auto / Apple CarPlay|Có||https://storage.googleapis.com/vinfast-data-01/brochure/VF8_Brochure_03022026.pdf
VF 8|Plus||infotainment|Giải trí & kết nối|basic_map_navigation|Bản đồ cơ bản (Tìm địa điểm, Dẫn đường, tình trạng giao thông, hình vệ tinh)|Có||https://storage.googleapis.com/vinfast-data-01/brochure/VF8_Brochure_03022026.pdf
VF 8|Plus||infotainment|Giải trí & kết nối|ev_routing|Dẫn đường nâng cao cho xe điện (tìm trạm sạc)|Có||https://storage.googleapis.com/vinfast-data-01/brochure/VF8_Brochure_03022026.pdf
VF 8|Plus||infotainment|Giải trí & kết nối|basic_widgets|Khung tiện ích cơ bản (lịch, thời tiết, media, bản đồ)|Có||https://storage.googleapis.com/vinfast-data-01/brochure/VF8_Brochure_03022026.pdf
VF 8|Plus||infotainment|Giải trí & kết nối|web_browser|Trình duyệt web|Có||https://storage.googleapis.com/vinfast-data-01/brochure/VF8_Brochure_03022026.pdf
VF 8|Plus||infotainment|Giải trí & kết nối|vehicle_status_assist|Tư vấn tình trạng xe & hỗ trợ xử lý sự cố|Có||https://storage.googleapis.com/vinfast-data-01/brochure/VF8_Brochure_03022026.pdf
VF 8|Plus||infotainment|Giải trí & kết nối|voice_control|Điều khiển chức năng xe bằng giọng nói|Có||https://storage.googleapis.com/vinfast-data-01/brochure/VF8_Brochure_03022026.pdf
VF 8|Plus||infotainment|Giải trí & kết nối|voice_search|Hỏi đáp & tìm kiếm thông tin cơ bản|Có||https://storage.googleapis.com/vinfast-data-01/brochure/VF8_Brochure_03022026.pdf
VF 8|Plus||infotainment|Giải trí & kết nối|voice_navigation|Dẫn đường bằng giọng nói|Có||https://storage.googleapis.com/vinfast-data-01/brochure/VF8_Brochure_03022026.pdf
VF 8|Plus||infotainment|Giải trí & kết nối|voice_greeting|Chào hỏi / thực hiện lệnh theo kịch bản|Có||https://storage.googleapis.com/vinfast-data-01/brochure/VF8_Brochure_03022026.pdf
VF 8|Plus||connected|Kết nối thông minh|account_sync|Đồng bộ tài khoản / ứng dụng / phân quyền|Có||https://storage.googleapis.com/vinfast-data-01/brochure/VF8_Brochure_03022026.pdf
VF 8|Plus||connected|Kết nối thông minh|vehicle_status_notification|Thông báo trạng thái xe (pin, hiệu suất, bảo dưỡng)|Có||https://storage.googleapis.com/vinfast-data-01/brochure/VF8_Brochure_03022026.pdf
VF 8|Plus||connected|Kết nối thông minh|charge_management|Quản lý sạc & thanh toán phí sạc|Có||https://storage.googleapis.com/vinfast-data-01/brochure/VF8_Brochure_03022026.pdf
VF 8|Plus||connected|Kết nối thông minh|charger_map|Bản đồ trạm sạc|Có||https://storage.googleapis.com/vinfast-data-01/brochure/VF8_Brochure_03022026.pdf
VF 8|Plus||connected|Kết nối thông minh|service_booking|Dịch vụ hậu mãi: đặt lịch sửa chữa, lái thử|Có||https://storage.googleapis.com/vinfast-data-01/brochure/VF8_Brochure_03022026.pdf
VF 8|Plus||connected|Kết nối thông minh|online_accessory_shop|Mua bán phụ kiện|Có||https://storage.googleapis.com/vinfast-data-01/brochure/VF8_Brochure_03022026.pdf
VF 8|Plus||infotainment|Giải trí & kết nối|ota_update|Cập nhật phần mềm từ xa|Có||https://storage.googleapis.com/vinfast-data-01/brochure/VF8_Brochure_03022026.pdf
VF 8|Plus||connected|Kết nối thông minh|gps_tracking|Định vị xe từ xa|Không có thông tin||https://storage.googleapis.com/vinfast-data-01/brochure/VF8_Brochure_03022026.pdf
VF 8 All New|The All New||dimension|Kích thước & trọng lượng|length_mm|Chiều dài tổng thể|4701|mm|https://static-cms-prod.vinfastauto.com/brochure/26052026/VF%208%20The%20he%20moi_Brochure_final%2020.05.pdf
VF 8 All New|The All New||dimension|Kích thước & trọng lượng|width_mm|Chiều rộng tổng thể|1872|mm|https://static-cms-prod.vinfastauto.com/brochure/26052026/VF%208%20The%20he%20moi_Brochure_final%2020.05.pdf
VF 8 All New|The All New||dimension|Kích thước & trọng lượng|height_mm|Chiều cao tổng thể|1670|mm|https://static-cms-prod.vinfastauto.com/brochure/26052026/VF%208%20The%20he%20moi_Brochure_final%2020.05.pdf
VF 8 All New|The All New||dimension|Kích thước & trọng lượng|wheelbase_mm|Chiều dài cơ sở|2840 (mm)|mm|https://static-cms-prod.vinfastauto.com/brochure/26052026/VF%208%20The%20he%20moi_Brochure_final%2020.05.pdf
VF 8 All New|The All New||dimension|Kích thước & trọng lượng|ground_clearance_mm|Khoảng sáng gầm xe|170 (mm)|mm|https://static-cms-prod.vinfastauto.com/brochure/26052026/VF%208%20The%20he%20moi_Brochure_final%2020.05.pdf
VF 8 All New|The All New||dimension|Kích thước & trọng lượng|curb_weight_kg|Trọng lượng không tải|1870 (kg)|kg|https://static-cms-prod.vinfastauto.com/brochure/26052026/VF%208%20The%20he%20moi_Brochure_final%2020.05.pdf
VF 8 All New|The All New||exterior|Ngoại thất|headlight_type|Đèn chiếu sáng phía trước|LED tự động||https://static-cms-prod.vinfastauto.com/brochure/26052026/VF%208%20The%20he%20moi_Brochure_final%2020.05.pdf
VF 8 All New|The All New||exterior|Ngoại thất|daytime_running_light|Đèn chờ dẫn đường|Có||https://static-cms-prod.vinfastauto.com/brochure/26052026/VF%208%20The%20he%20moi_Brochure_final%2020.05.pdf
VF 8 All New|The All New||exterior|Ngoại thất|drl_type|Đèn chiếu sáng ban ngày|LED||https://static-cms-prod.vinfastauto.com/brochure/26052026/VF%208%20The%20he%20moi_Brochure_final%2020.05.pdf
VF 8 All New|The All New||exterior|Ngoại thất|welcome_light|Đèn chào mừng|Có||https://static-cms-prod.vinfastauto.com/brochure/26052026/VF%208%20The%20he%20moi_Brochure_final%2020.05.pdf
VF 8 All New|The All New||exterior|Ngoại thất|tail_light_type|Đèn hậu|LED||https://static-cms-prod.vinfastauto.com/brochure/26052026/VF%208%20The%20he%20moi_Brochure_final%2020.05.pdf
VF 8 All New|The All New||exterior|Ngoại thất|high_mount_brake_light|Đèn phanh trên cao phía sau|LED||https://static-cms-prod.vinfastauto.com/brochure/26052026/VF%208%20The%20he%20moi_Brochure_final%2020.05.pdf
VF 8 All New|The All New||exterior|Ngoại thất|brand_light|Đèn nhận diện thương hiệu|Có||https://static-cms-prod.vinfastauto.com/brochure/26052026/VF%208%20The%20he%20moi_Brochure_final%2020.05.pdf
VF 8 All New|The All New||exterior|Ngoại thất|rearview_mirror_type|Gương chiếu hậu|Chỉnh điện, gập điện. Tích hợp báo rẽ, tự động chỉnh khi lùi, nhớ vị trí||https://static-cms-prod.vinfastauto.com/brochure/26052026/VF%208%20The%20he%20moi_Brochure_final%2020.05.pdf
VF 8 All New|The All New||exterior|Ngoại thất|window_type|Kiểu cửa sổ|Chỉnh điện, lên/xuống một chạm cả 4 cửa||https://static-cms-prod.vinfastauto.com/brochure/26052026/VF%208%20The%20he%20moi_Brochure_final%2020.05.pdf
VF 8 All New|The All New||exterior|Ngoại thất|auto_wiper|Gạt mưa trước tự động|Tự động||https://static-cms-prod.vinfastauto.com/brochure/26052026/VF%208%20The%20he%20moi_Brochure_final%2020.05.pdf
VF 8 All New|The All New||exterior|Ngoại thất|trunk_lid_type|Điều chỉnh cốp sau|Chỉnh điện||https://static-cms-prod.vinfastauto.com/brochure/26052026/VF%208%20The%20he%20moi_Brochure_final%2020.05.pdf
VF 8 All New|The All New||exterior|Ngoại thất|underbody_protection|Tấm bảo vệ dưới thân xe|Có||https://static-cms-prod.vinfastauto.com/brochure/26052026/VF%208%20The%20he%20moi_Brochure_final%2020.05.pdf
VF 8 All New|The All New||powertrain|Hệ thống truyền động|power_kw|Công suất tối đa|170 (kW)|kW|https://static-cms-prod.vinfastauto.com/brochure/26052026/VF%208%20The%20he%20moi_Brochure_final%2020.05.pdf
VF 8 All New|The All New||powertrain|Hệ thống truyền động|torque_nm|Mô-men xoắn cực đại|330 (Nm)|Nm|https://static-cms-prod.vinfastauto.com/brochure/26052026/VF%208%20The%20he%20moi_Brochure_final%2020.05.pdf
VF 8 All New|The All New||battery|Pin & sạc|battery_kwh|Dung lượng pin khả dụng|60,13|kWh|https://static-cms-prod.vinfastauto.com/brochure/26052026/VF%208%20The%20he%20moi_Brochure_final%2020.05.pdf
VF 8 All New|The All New||battery|Pin & sạc|range_km|Phạm vi di chuyển|480 - 500 km (NEDC)*** tùy điều kiện vận hành|km|https://static-cms-prod.vinfastauto.com/brochure/26052026/VF%208%20The%20he%20moi_Brochure_final%2020.05.pdf
VF 8 All New|The All New||powertrain|Hệ thống truyền động|mobile_charger_type|Dây sạc di động|Phụ kiện chính hãng: 3.5 kW||https://static-cms-prod.vinfastauto.com/brochure/26052026/VF%208%20The%20he%20moi_Brochure_final%2020.05.pdf
VF 8 All New|The All New||powertrain|Hệ thống truyền động|home_charger_type|Bộ sạc tại nhà|Phụ kiện chính hãng: 7.4 kW||https://static-cms-prod.vinfastauto.com/brochure/26052026/VF%208%20The%20he%20moi_Brochure_final%2020.05.pdf
VF 8 All New|The All New||battery|Pin & sạc|ac_charge_power_kw|Công suất sạc AC tối đa|7.2 kW|kW|https://static-cms-prod.vinfastauto.com/brochure/26052026/VF%208%20The%20he%20moi_Brochure_final%2020.05.pdf
VF 8 All New|The All New||battery|Pin & sạc|dc_charge_power_kw|Công suất sạc nhanh DC tối đa|100 kW|kW|https://static-cms-prod.vinfastauto.com/brochure/26052026/VF%208%20The%20he%20moi_Brochure_final%2020.05.pdf
VF 8 All New|The All New||battery|Pin & sạc|fast_charge_min|Thời gian nạp pin nhanh nhất|Dưới 30 phút sạc nhanh tại trạm sạc 250kW (10-70%)|phút|https://static-cms-prod.vinfastauto.com/brochure/26052026/VF%208%20The%20he%20moi_Brochure_final%2020.05.pdf
VF 8 All New|The All New||powertrain|Hệ thống truyền động|regenerative_braking|Hệ thống phanh tái sinh|Có||https://static-cms-prod.vinfastauto.com/brochure/26052026/VF%208%20The%20he%20moi_Brochure_final%2020.05.pdf
VF 8 All New|The All New||powertrain|Hệ thống truyền động|drive_modes|Chế độ lái|Tiết kiệm/ Thường/ Thể thao||https://static-cms-prod.vinfastauto.com/brochure/26052026/VF%208%20The%20he%20moi_Brochure_final%2020.05.pdf
VF 8 All New|The All New||powertrain|Hệ thống truyền động|drivetrain|Dẫn động|Cầu trước (FWD)||https://static-cms-prod.vinfastauto.com/brochure/26052026/VF%208%20The%20he%20moi_Brochure_final%2020.05.pdf
VF 8 All New|The All New||interior|Nội thất|seat_material_type|Chất liệu bọc ghế|Bọc da nhân tạo||https://static-cms-prod.vinfastauto.com/brochure/26052026/VF%208%20The%20he%20moi_Brochure_final%2020.05.pdf
VF 8 All New|The All New||interior|Nội thất|driver_seat_type|Ghế lái|Chỉnh điện 6 hướng, nhớ vị trí||https://static-cms-prod.vinfastauto.com/brochure/26052026/VF%208%20The%20he%20moi_Brochure_final%2020.05.pdf
VF 8 All New|The All New||interior|Nội thất|second_row_adjust|Hàng ghế thứ 2 điều chỉnh hướng|Ngả ghế; tỉ lệ gập 60:40||https://static-cms-prod.vinfastauto.com/brochure/26052026/VF%208%20The%20he%20moi_Brochure_final%2020.05.pdf
VF 8 All New|The All New||safety|An toàn|isofix|Móc cố định ghế trẻ em ISOFIX|Có||https://static-cms-prod.vinfastauto.com/brochure/26052026/VF%208%20The%20he%20moi_Brochure_final%2020.05.pdf
VF 8 All New|The All New||interior|Nội thất|steering_wheel_type|Loại vô lăng|Bọc da nhân tạo. Chỉnh cơ 4 hướng. Tích hợp nút bấm điều khiển tính năng giải trí và ADAS||https://static-cms-prod.vinfastauto.com/brochure/26052026/VF%208%20The%20he%20moi_Brochure_final%2020.05.pdf
VF 8 All New|The All New||interior|Nội thất|ac_type|Hệ thống điều hòa|Tự động, 2 vùng. Tích hợp chức năng kiểm soát chất lượng, ion hóa không khí||https://static-cms-prod.vinfastauto.com/brochure/26052026/VF%208%20The%20he%20moi_Brochure_final%2020.05.pdf
VF 8 All New|The All New||interior|Nội thất|cabin_air_filter|Lọc không khí Cabin|Combi 1.0||https://static-cms-prod.vinfastauto.com/brochure/26052026/VF%208%20The%20he%20moi_Brochure_final%2020.05.pdf
VF 8 All New|The All New||interior|Nội thất|display_inch|Màn hình giải trí cảm ứng|12,9 Inch|inch|https://static-cms-prod.vinfastauto.com/brochure/26052026/VF%208%20The%20he%20moi_Brochure_final%2020.05.pdf
VF 8 All New|The All New||interior|Nội thất|driver_display_inch|Màn hình thông tin lái|Có|inch|https://static-cms-prod.vinfastauto.com/brochure/26052026/VF%208%20The%20he%20moi_Brochure_final%2020.05.pdf
VF 8 All New|The All New||interior|Nội thất|speaker_system|Hệ thống âm thanh|8 loa||https://static-cms-prod.vinfastauto.com/brochure/26052026/VF%208%20The%20he%20moi_Brochure_final%2020.05.pdf
VF 8 All New|The All New||interior|Nội thất|interior_mirror_type|Gương chiếu hậu trong xe|Chống chói tự động||https://static-cms-prod.vinfastauto.com/brochure/26052026/VF%208%20The%20he%20moi_Brochure_final%2020.05.pdf
VF 8 All New|The All New||interior|Nội thất|usb_ports|Cổng kết nối USB|Hàng trước: 1 x Type-A & 1 x Type-C Hàng ghế 2: 2 x Type-C||https://static-cms-prod.vinfastauto.com/brochure/26052026/VF%208%20The%20he%20moi_Brochure_final%2020.05.pdf
VF 8 All New|The All New||interior|Nội thất|wireless_charging|Sạc không dây|Có||https://static-cms-prod.vinfastauto.com/brochure/26052026/VF%208%20The%20he%20moi_Brochure_final%2020.05.pdf
VF 8 All New|The All New||chassis|Khung gầm & hệ thống treo|suspension_type|Hệ thống treo (trước/sau)|MacPherson/Treo đa liên kết||https://static-cms-prod.vinfastauto.com/brochure/26052026/VF%208%20The%20he%20moi_Brochure_final%2020.05.pdf
VF 8 All New|The All New||chassis|Khung gầm & hệ thống treo|brake_type|Hệ thống phanh trước/sau|Đĩa thông gió/Đĩa đặc||https://static-cms-prod.vinfastauto.com/brochure/26052026/VF%208%20The%20he%20moi_Brochure_final%2020.05.pdf
VF 8 All New|The All New||interior|Nội thất|parking_brake|Phanh tay|Điện tử tích hợp giữ phanh tự động||https://static-cms-prod.vinfastauto.com/brochure/26052026/VF%208%20The%20he%20moi_Brochure_final%2020.05.pdf
VF 8 All New|The All New||safety|An toàn|abs|Chống bó cứng phanh (ABS)|Có||https://static-cms-prod.vinfastauto.com/brochure/26052026/VF%208%20The%20he%20moi_Brochure_final%2020.05.pdf
VF 8 All New|The All New||safety|An toàn|ebd|Phân phối lực phanh điện tử (EBD)|Có||https://static-cms-prod.vinfastauto.com/brochure/26052026/VF%208%20The%20he%20moi_Brochure_final%2020.05.pdf
VF 8 All New|The All New||safety|An toàn|brake_assist|Hỗ trợ phanh khẩn cấp (BA)|Có||https://static-cms-prod.vinfastauto.com/brochure/26052026/VF%208%20The%20he%20moi_Brochure_final%2020.05.pdf
VF 8 All New|The All New||safety|An toàn|esc|Cân bằng điện tử (ESC)|Có||https://static-cms-prod.vinfastauto.com/brochure/26052026/VF%208%20The%20he%20moi_Brochure_final%2020.05.pdf
VF 8 All New|The All New||safety|An toàn|tcs|Kiểm soát lực kéo (TCS)|Có||https://static-cms-prod.vinfastauto.com/brochure/26052026/VF%208%20The%20he%20moi_Brochure_final%2020.05.pdf
VF 8 All New|The All New||safety|An toàn|hsa|Hỗ trợ khởi hành ngang dốc (HSA)|Có||https://static-cms-prod.vinfastauto.com/brochure/26052026/VF%208%20The%20he%20moi_Brochure_final%2020.05.pdf
VF 8 All New|The All New||safety|An toàn|rollover_mitigation|Chức năng chống lật ROM|Có||https://static-cms-prod.vinfastauto.com/brochure/26052026/VF%208%20The%20he%20moi_Brochure_final%2020.05.pdf
VF 8 All New|The All New||adas|Hỗ trợ lái nâng cao (ADAS)|hill_descent_control|Hỗ trợ xuống dốc HDC|Có||https://static-cms-prod.vinfastauto.com/brochure/26052026/VF%208%20The%20he%20moi_Brochure_final%2020.05.pdf
VF 8 All New|The All New||safety|An toàn|emergency_stop_signal|Đèn báo phanh khẩn cấp ESS|Có||https://static-cms-prod.vinfastauto.com/brochure/26052026/VF%208%20The%20he%20moi_Brochure_final%2020.05.pdf
VF 8 All New|The All New||exterior|Ngoại thất|wheel_size_inch|Kích thước la-zăng|19 Inch|inch|https://static-cms-prod.vinfastauto.com/brochure/26052026/VF%208%20The%20he%20moi_Brochure_final%2020.05.pdf
VF 8 All New|The All New||safety|An toàn|auto_door_lock|Khóa cửa xe tự động khi xe di chuyển|Có||https://static-cms-prod.vinfastauto.com/brochure/26052026/VF%208%20The%20he%20moi_Brochure_final%2020.05.pdf
VF 8 All New|The All New||security|An ninh|anti_theft_alarm|Cảnh báo chống trộm|Có||https://static-cms-prod.vinfastauto.com/brochure/26052026/VF%208%20The%20he%20moi_Brochure_final%2020.05.pdf
VF 8 All New|The All New||security|An ninh|immobilizer|Khoá động cơ khi có trộm|Có||https://static-cms-prod.vinfastauto.com/brochure/26052026/VF%208%20The%20he%20moi_Brochure_final%2020.05.pdf
VF 8 All New|The All New||safety|An toàn|tpms|Giám sát áp suất lốp|dTPMS||https://static-cms-prod.vinfastauto.com/brochure/26052026/VF%208%20The%20he%20moi_Brochure_final%2020.05.pdf
VF 8 All New|The All New||safety|An toàn|pretensioner_seatbelt|Căng đai khẩn cấp|Trước và sau||https://static-cms-prod.vinfastauto.com/brochure/26052026/VF%208%20The%20he%20moi_Brochure_final%2020.05.pdf
VF 8 All New|The All New||safety|An toàn|seatbelt_warning|Cảnh báo dây an toàn|Có||https://static-cms-prod.vinfastauto.com/brochure/26052026/VF%208%20The%20he%20moi_Brochure_final%2020.05.pdf
VF 8 All New|The All New||adas|Hỗ trợ lái nâng cao (ADAS)|highway_driving_assist|Trợ lái trên cao tốc / di chuyển khi tắc đường|Có||https://static-cms-prod.vinfastauto.com/brochure/26052026/VF%208%20The%20he%20moi_Brochure_final%2020.05.pdf
VF 8 All New|The All New||adas|Hỗ trợ lái nâng cao (ADAS)|emergency_stop|Tự động dừng khẩn cấp|Có||https://static-cms-prod.vinfastauto.com/brochure/26052026/VF%208%20The%20he%20moi_Brochure_final%2020.05.pdf
VF 8 All New|The All New||adas|Hỗ trợ lái nâng cao (ADAS)|adaptive_cruise_control|Điều chỉnh tốc độ thông minh|Có||https://static-cms-prod.vinfastauto.com/brochure/26052026/VF%208%20The%20he%20moi_Brochure_final%2020.05.pdf
VF 8 All New|The All New||adas|Hỗ trợ lái nâng cao (ADAS)|traffic_sign_recognition|Nhận biết biển báo giao thông|Có||https://static-cms-prod.vinfastauto.com/brochure/26052026/VF%208%20The%20he%20moi_Brochure_final%2020.05.pdf
VF 8 All New|The All New||adas|Hỗ trợ lái nâng cao (ADAS)|lane_departure_warning|Cảnh báo chệch làn|Có||https://static-cms-prod.vinfastauto.com/brochure/26052026/VF%208%20The%20he%20moi_Brochure_final%2020.05.pdf
VF 8 All New|The All New||adas|Hỗ trợ lái nâng cao (ADAS)|lane_keep_assist|Hỗ trợ giữ làn|Có||https://static-cms-prod.vinfastauto.com/brochure/26052026/VF%208%20The%20he%20moi_Brochure_final%2020.05.pdf
VF 8 All New|The All New||adas|Hỗ trợ lái nâng cao (ADAS)|emergency_lane_keep|Hỗ trợ giữ làn khẩn cấp|Có||https://static-cms-prod.vinfastauto.com/brochure/26052026/VF%208%20The%20he%20moi_Brochure_final%2020.05.pdf
VF 8 All New|The All New||adas|Hỗ trợ lái nâng cao (ADAS)|aeb_front|Phanh tự động khẩn cấp trước|Có||https://static-cms-prod.vinfastauto.com/brochure/26052026/VF%208%20The%20he%20moi_Brochure_final%2020.05.pdf
VF 8 All New|The All New||adas|Hỗ trợ lái nâng cao (ADAS)|forward_collision_warning|Cảnh báo va chạm phía trước|Có||https://static-cms-prod.vinfastauto.com/brochure/26052026/VF%208%20The%20he%20moi_Brochure_final%2020.05.pdf
VF 8 All New|The All New||adas|Hỗ trợ lái nâng cao (ADAS)|rear_cross_traffic_alert|Cảnh báo phương tiện cắt ngang phía sau|Có||https://static-cms-prod.vinfastauto.com/brochure/26052026/VF%208%20The%20he%20moi_Brochure_final%2020.05.pdf
VF 8 All New|The All New||adas|Hỗ trợ lái nâng cao (ADAS)|blind_spot_warning|Cảnh báo điểm mù|Có||https://static-cms-prod.vinfastauto.com/brochure/26052026/VF%208%20The%20he%20moi_Brochure_final%2020.05.pdf
VF 8 All New|The All New||adas|Hỗ trợ lái nâng cao (ADAS)|door_open_warning|Cảnh báo mở cửa|Có||https://static-cms-prod.vinfastauto.com/brochure/26052026/VF%208%20The%20he%20moi_Brochure_final%2020.05.pdf
VF 8 All New|The All New||adas|Hỗ trợ lái nâng cao (ADAS)|surround_view_camera|Camera 360° / giám sát xung quanh|Có||https://static-cms-prod.vinfastauto.com/brochure/26052026/VF%208%20The%20he%20moi_Brochure_final%2020.05.pdf
VF 8 All New|The All New||adas|Hỗ trợ lái nâng cao (ADAS)|front_parking_sensor|Cảm biến đỗ xe phía trước|Có||https://static-cms-prod.vinfastauto.com/brochure/26052026/VF%208%20The%20he%20moi_Brochure_final%2020.05.pdf
VF 8 All New|The All New||adas|Hỗ trợ lái nâng cao (ADAS)|rear_parking_sensor|Cảm biến đỗ xe phía sau|Có||https://static-cms-prod.vinfastauto.com/brochure/26052026/VF%208%20The%20he%20moi_Brochure_final%2020.05.pdf
VF 8 All New|The All New||exterior|Ngoại thất|auto_high_beam|Tự động bật/tắt chế độ chiếu xa|Có||https://static-cms-prod.vinfastauto.com/brochure/26052026/VF%208%20The%20he%20moi_Brochure_final%2020.05.pdf
VF 8 All New|The All New||infotainment|Giải trí & kết nối|special_operation_modes|Chế độ vận hành đặc biệt|Tiêu chuẩn: Giới hạn Tùy chọn: Đầy đủ tính năng||https://static-cms-prod.vinfastauto.com/brochure/26052026/VF%208%20The%20he%20moi_Brochure_final%2020.05.pdf
VF 8 All New|The All New||connected|Kết nối thông minh|bluetooth_management|Quản lý thiết bị Bluetooth|Có||https://static-cms-prod.vinfastauto.com/brochure/26052026/VF%208%20The%20he%20moi_Brochure_final%2020.05.pdf
VF 8 All New|The All New||connected|Kết nối thông minh|wifi_management|Quản lý WiFi|Có phát Hotspot||https://static-cms-prod.vinfastauto.com/brochure/26052026/VF%208%20The%20he%20moi_Brochure_final%2020.05.pdf
VF 8 All New|The All New||connected|Kết nối thông minh|esim_management|Quản lý eSIM|Có||https://static-cms-prod.vinfastauto.com/brochure/26052026/VF%208%20The%20he%20moi_Brochure_final%2020.05.pdf
VF 8 All New|The All New||connected|Kết nối thông minh|battery_monitoring|Giám sát tình trạng pin|Có||https://static-cms-prod.vinfastauto.com/brochure/26052026/VF%208%20The%20he%20moi_Brochure_final%2020.05.pdf
VF 8 All New|The All New||connected|Kết nối thông minh|driver_profile|Hồ sơ người lái|Có||https://static-cms-prod.vinfastauto.com/brochure/26052026/VF%208%20The%20he%20moi_Brochure_final%2020.05.pdf
VF 8 All New|The All New||infotainment|Giải trí & kết nối|basic_entertainment|Giải trí cơ bản (Đài FM, Bluetooth, USB)|Có (Đài FM, Bluetooth, USB)||https://static-cms-prod.vinfastauto.com/brochure/26052026/VF%208%20The%20he%20moi_Brochure_final%2020.05.pdf
VF 8 All New|The All New||infotainment|Giải trí & kết nối|online_entertainment|Giải trí trực tuyến|Tuỳ chọn||https://static-cms-prod.vinfastauto.com/brochure/26052026/VF%208%20The%20he%20moi_Brochure_final%2020.05.pdf
VF 8 All New|The All New||infotainment|Giải trí & kết nối|smartphone_integration|Kết nối Android Auto / Apple CarPlay|Có||https://static-cms-prod.vinfastauto.com/brochure/26052026/VF%208%20The%20he%20moi_Brochure_final%2020.05.pdf
VF 8 All New|The All New||infotainment|Giải trí & kết nối|basic_map|Bản đồ cơ bản|Tiêu chuẩn: HERE map Tuỳ chọn: Vietmap||https://static-cms-prod.vinfastauto.com/brochure/26052026/VF%208%20The%20he%20moi_Brochure_final%2020.05.pdf
VF 8 All New|The All New||infotainment|Giải trí & kết nối|ev_routing|Dẫn đường nâng cao cho xe điện (tìm trạm sạc)|Có||https://static-cms-prod.vinfastauto.com/brochure/26052026/VF%208%20The%20he%20moi_Brochure_final%2020.05.pdf
VF 8 All New|The All New||infotainment|Giải trí & kết nối|basic_widgets|Khung tiện ích cơ bản (lịch, thời tiết, media, bản đồ)|Tiêu chuẩn: Cơ bản Tùy chọn: Nâng cao||https://static-cms-prod.vinfastauto.com/brochure/26052026/VF%208%20The%20he%20moi_Brochure_final%2020.05.pdf
VF 8 All New|The All New||infotainment|Giải trí & kết nối|user_manual|Hướng dẫn sử dụng|Có||https://static-cms-prod.vinfastauto.com/brochure/26052026/VF%208%20The%20he%20moi_Brochure_final%2020.05.pdf
VF 8 All New|The All New||infotainment|Giải trí & kết nối|web_browser|Trình duyệt web|Có||https://static-cms-prod.vinfastauto.com/brochure/26052026/VF%208%20The%20he%20moi_Brochure_final%2020.05.pdf
VF 8 All New|The All New||infotainment|Giải trí & kết nối|gaming|Trò chơi|Tùy chọn||https://static-cms-prod.vinfastauto.com/brochure/26052026/VF%208%20The%20he%20moi_Brochure_final%2020.05.pdf
VF 8 All New|The All New||infotainment|Giải trí & kết nối|self_diagnosis|Tự chẩn đoán lỗi|Có||https://static-cms-prod.vinfastauto.com/brochure/26052026/VF%208%20The%20he%20moi_Brochure_final%2020.05.pdf
VF 8 All New|The All New||infotainment|Giải trí & kết nối|free_software|Phần mềm miễn phí|Có||https://static-cms-prod.vinfastauto.com/brochure/26052026/VF%208%20The%20he%20moi_Brochure_final%2020.05.pdf
VF 8 All New|The All New||infotainment|Giải trí & kết nối|paid_software|Phần mềm thu phí|Có||https://static-cms-prod.vinfastauto.com/brochure/26052026/VF%208%20The%20he%20moi_Brochure_final%2020.05.pdf
VF 8 All New|The All New||infotainment|Giải trí & kết nối|app_store|Chợ ứng dụng|Tùy chọn||https://static-cms-prod.vinfastauto.com/brochure/26052026/VF%208%20The%20he%20moi_Brochure_final%2020.05.pdf
VF 8 All New|The All New||infotainment|Giải trí & kết nối|usage_guidance|Tư vấn cách thức sử dụng và vận hành|Có||https://static-cms-prod.vinfastauto.com/brochure/26052026/VF%208%20The%20he%20moi_Brochure_final%2020.05.pdf
VF 8 All New|The All New||infotainment|Giải trí & kết nối|vehicle_status_assist|Tư vấn tình trạng xe & hỗ trợ xử lý sự cố|Có||https://static-cms-prod.vinfastauto.com/brochure/26052026/VF%208%20The%20he%20moi_Brochure_final%2020.05.pdf
VF 8 All New|The All New||infotainment|Giải trí & kết nối|assistant_feedback|Cập nhật / góp ý cho trợ lý ảo|Có||https://static-cms-prod.vinfastauto.com/brochure/26052026/VF%208%20The%20he%20moi_Brochure_final%2020.05.pdf
VF 8 All New|The All New||infotainment|Giải trí & kết nối|quick_control|Hỗ trợ điều khiển, thiết lập nhanh|Có||https://static-cms-prod.vinfastauto.com/brochure/26052026/VF%208%20The%20he%20moi_Brochure_final%2020.05.pdf
VF 8 All New|The All New||infotainment|Giải trí & kết nối|media_control|Hỗ trợ giải trí đa phương tiện|Có||https://static-cms-prod.vinfastauto.com/brochure/26052026/VF%208%20The%20he%20moi_Brochure_final%2020.05.pdf
VF 8 All New|The All New||infotainment|Giải trí & kết nối|voice_navigation|Dẫn đường bằng giọng nói|Có||https://static-cms-prod.vinfastauto.com/brochure/26052026/VF%208%20The%20he%20moi_Brochure_final%2020.05.pdf
VF 8 All New|The All New||infotainment|Giải trí & kết nối|handsfree_call|Hỗ trợ gọi điện thoại rảnh tay|Có||https://static-cms-prod.vinfastauto.com/brochure/26052026/VF%208%20The%20he%20moi_Brochure_final%2020.05.pdf
VF 8 All New|The All New||infotainment|Giải trí & kết nối|voice_greeting|Chào hỏi / thực hiện lệnh theo kịch bản|Có||https://static-cms-prod.vinfastauto.com/brochure/26052026/VF%208%20The%20he%20moi_Brochure_final%2020.05.pdf
VF 8 All New|The All New||infotainment|Giải trí & kết nối|basic_settings|Cài đặt cơ bản|Có||https://static-cms-prod.vinfastauto.com/brochure/26052026/VF%208%20The%20he%20moi_Brochure_final%2020.05.pdf
VF 8 All New|The All New||infotainment|Giải trí & kết nối|advanced_settings|Cài đặt nâng cao (AI tạo sinh)|Tùy chọn||https://static-cms-prod.vinfastauto.com/brochure/26052026/VF%208%20The%20he%20moi_Brochure_final%2020.05.pdf
VF 8 All New|The All New||infotainment|Giải trí & kết nối|small_talk|Chuyện phiếm & tiếu lâm|Có||https://static-cms-prod.vinfastauto.com/brochure/26052026/VF%208%20The%20he%20moi_Brochure_final%2020.05.pdf
VF 8 All New|The All New||infotainment|Giải trí & kết nối|general_qa|Hỏi đáp thông tin chung|Có||https://static-cms-prod.vinfastauto.com/brochure/26052026/VF%208%20The%20he%20moi_Brochure_final%2020.05.pdf
VF 8 All New|The All New||infotainment|Giải trí & kết nối|virtual_assistant|Trợ lý ảo|Tùy chọn||https://static-cms-prod.vinfastauto.com/brochure/26052026/VF%208%20The%20he%20moi_Brochure_final%2020.05.pdf
VF 8 All New|The All New||connected|Kết nối thông minh|account_sync|Đồng bộ tài khoản / ứng dụng / phân quyền|Có||https://static-cms-prod.vinfastauto.com/brochure/26052026/VF%208%20The%20he%20moi_Brochure_final%2020.05.pdf
VF 8 All New|The All New||connected|Kết nối thông minh|vehicle_monitoring|Giám sát xe từ xa|Có||https://static-cms-prod.vinfastauto.com/brochure/26052026/VF%208%20The%20he%20moi_Brochure_final%2020.05.pdf
VF 8 All New|The All New||connected|Kết nối thông minh|advanced_battery_management|Quản lý pin nâng cao|Tùy chọn||https://static-cms-prod.vinfastauto.com/brochure/26052026/VF%208%20The%20he%20moi_Brochure_final%2020.05.pdf
VF 8 All New|The All New||connected|Kết nối thông minh|remote_control|Điều khiển xe từ xa|Tùy chọn||https://static-cms-prod.vinfastauto.com/brochure/26052026/VF%208%20The%20he%20moi_Brochure_final%2020.05.pdf
VF 8 All New|The All New||connected|Kết nối thông minh|remote_settings|Thiết lập cài đặt từ xa|Tùy chọn||https://static-cms-prod.vinfastauto.com/brochure/26052026/VF%208%20The%20he%20moi_Brochure_final%2020.05.pdf
VF 8 All New|The All New||connected|Kết nối thông minh|charger_map|Bản đồ trạm sạc|Có||https://static-cms-prod.vinfastauto.com/brochure/26052026/VF%208%20The%20he%20moi_Brochure_final%2020.05.pdf
VF 8 All New|The All New||connected|Kết nối thông minh|charge_payment|Thanh toán phí sạc|Có||https://static-cms-prod.vinfastauto.com/brochure/26052026/VF%208%20The%20he%20moi_Brochure_final%2020.05.pdf
VF 8 All New|The All New||connected|Kết nối thông minh|service_booking|Dịch vụ hậu mãi: đặt lịch sửa chữa, lái thử|Có||https://static-cms-prod.vinfastauto.com/brochure/26052026/VF%208%20The%20he%20moi_Brochure_final%2020.05.pdf
VF 9|Eco||dimension|Kích thước & trọng lượng|wheelbase_mm|Chiều dài cơ sở|3.149|mm|https://storage.googleapis.com/vinfast-data-01/brochure/VF%209_%20Brochure.pdf
VF 9|Eco||dimension|Kích thước & trọng lượng|length_mm|Chiều dài tổng thể|5119|mm|https://storage.googleapis.com/vinfast-data-01/brochure/VF%209_%20Brochure.pdf
VF 9|Eco||dimension|Kích thước & trọng lượng|width_mm|Chiều rộng tổng thể|2254|mm|https://storage.googleapis.com/vinfast-data-01/brochure/VF%209_%20Brochure.pdf
VF 9|Eco||dimension|Kích thước & trọng lượng|height_mm|Chiều cao tổng thể|1697|mm|https://storage.googleapis.com/vinfast-data-01/brochure/VF%209_%20Brochure.pdf
VF 9|Eco||dimension|Kích thước & trọng lượng|ground_clearance_mm|Khoảng sáng gầm xe|174|mm|https://storage.googleapis.com/vinfast-data-01/brochure/VF%209_%20Brochure.pdf
VF 9|Eco||dimension|Kích thước & trọng lượng|trunk_capacity|Dung tích khoang hành lý|212|L|https://storage.googleapis.com/vinfast-data-01/brochure/VF%209_%20Brochure.pdf
VF 9|Eco||dimension|Kích thước & trọng lượng|frunk_capacity_l|Dung tích khoang hành lý phía trước|100|L|https://storage.googleapis.com/vinfast-data-01/brochure/VF%209_%20Brochure.pdf
VF 9|Eco||dimension|Kích thước & trọng lượng|curb_weight_kg|Trọng lượng không tải|2.911|kg|https://storage.googleapis.com/vinfast-data-01/brochure/VF%209_%20Brochure.pdf
VF 9|Eco||dimension|Kích thước & trọng lượng|payload_kg|Tải trọng / Sức chứa|550|kg|https://storage.googleapis.com/vinfast-data-01/brochure/VF%209_%20Brochure.pdf
VF 9|Eco||dimension|Kích thước & trọng lượng|roof_load_kg|Tải trọng hành lý nóc xe|75|kg|https://storage.googleapis.com/vinfast-data-01/brochure/VF%209_%20Brochure.pdf
VF 9|Eco||powertrain|Hệ thống truyền động|motor_configuration|Cấu hình động cơ|2 motor 150 kW||https://storage.googleapis.com/vinfast-data-01/brochure/VF%209_%20Brochure.pdf
VF 9|Eco||powertrain|Hệ thống truyền động|power_kw|Công suất tối đa|402/300|kW|https://storage.googleapis.com/vinfast-data-01/brochure/VF%209_%20Brochure.pdf
VF 9|Eco||powertrain|Hệ thống truyền động|torque_nm|Mô-men xoắn cực đại|620|Nm|https://storage.googleapis.com/vinfast-data-01/brochure/VF%209_%20Brochure.pdf
VF 9|Eco||powertrain|Hệ thống truyền động|top_speed_kmh|Tốc độ tối đa|200|km/h|https://storage.googleapis.com/vinfast-data-01/brochure/VF%209_%20Brochure.pdf
VF 9|Eco||battery|Pin & sạc|battery_type|Loại pin|CATL||https://storage.googleapis.com/vinfast-data-01/brochure/VF%209_%20Brochure.pdf
VF 9|Eco||battery|Pin & sạc|battery_kwh|Dung lượng pin khả dụng|123|kWh|https://storage.googleapis.com/vinfast-data-01/brochure/VF%209_%20Brochure.pdf
VF 9|Eco||battery|Pin & sạc|range_km|Phạm vi di chuyển|626|km|https://storage.googleapis.com/vinfast-data-01/brochure/VF%209_%20Brochure.pdf
VF 9|Eco||battery|Pin & sạc|ac_charge_power_kw|Công suất sạc AC tối đa|6,6 kW 1 pha, 11 kW 3 pha|kW|https://storage.googleapis.com/vinfast-data-01/brochure/VF%209_%20Brochure.pdf
VF 9|Eco||powertrain|Hệ thống truyền động|regenerative_braking|Hệ thống phanh tái sinh|Có (Tắt, Thấp, Trung bình, Cao)||https://storage.googleapis.com/vinfast-data-01/brochure/VF%209_%20Brochure.pdf
VF 9|Eco||battery|Pin & sạc|fast_charge_min|Thời gian nạp pin nhanh nhất|35 phút (10 - 70%)|phút|https://storage.googleapis.com/vinfast-data-01/brochure/VF%209_%20Brochure.pdf
VF 9|Eco||powertrain|Hệ thống truyền động|gear_shift_type|Cách chuyển số|Nút bấm||https://storage.googleapis.com/vinfast-data-01/brochure/VF%209_%20Brochure.pdf
VF 9|Eco||powertrain|Hệ thống truyền động|drivetrain|Dẫn động|AWD/2 cầu toàn thời gian||https://storage.googleapis.com/vinfast-data-01/brochure/VF%209_%20Brochure.pdf
VF 9|Eco||powertrain|Hệ thống truyền động|drive_modes|Chế độ lái|Eco/Normal/Sport||https://storage.googleapis.com/vinfast-data-01/brochure/VF%209_%20Brochure.pdf
VF 9|Eco||powertrain|Hệ thống truyền động|creep_mode|Chế độ thay đổi tốc độ đến dừng|Có||https://storage.googleapis.com/vinfast-data-01/brochure/VF%209_%20Brochure.pdf
VF 9|Eco||chassis|Khung gầm & hệ thống treo|front_suspension_type|Hệ thống treo trước|Độc lập, tay đòn kép||https://storage.googleapis.com/vinfast-data-01/brochure/VF%209_%20Brochure.pdf
VF 9|Eco||chassis|Khung gầm & hệ thống treo|rear_suspension_type|Hệ thống treo sau|Liên kết đa điểm, giảm chấn khí nén||https://storage.googleapis.com/vinfast-data-01/brochure/VF%209_%20Brochure.pdf
VF 9|Eco||chassis|Khung gầm & hệ thống treo|front_brake_type|Phanh trước|Đĩa thông gió||https://storage.googleapis.com/vinfast-data-01/brochure/VF%209_%20Brochure.pdf
VF 9|Eco||chassis|Khung gầm & hệ thống treo|rear_brake_type|Phanh sau|Đĩa thông gió||https://storage.googleapis.com/vinfast-data-01/brochure/VF%209_%20Brochure.pdf
VF 9|Eco||exterior|Ngoại thất|wheel_size_inch|Kích thước la-zăng|20 Inch|inch|https://storage.googleapis.com/vinfast-data-01/brochure/VF%209_%20Brochure.pdf
VF 9|Eco||exterior|Ngoại thất|wheel_type|Loại la-zăng|Hợp kim||https://storage.googleapis.com/vinfast-data-01/brochure/VF%209_%20Brochure.pdf
VF 9|Eco||exterior|Ngoại thất|headlight_type|Đèn chiếu sáng phía trước|LED Matrix||https://storage.googleapis.com/vinfast-data-01/brochure/VF%209_%20Brochure.pdf
VF 9|Eco||exterior|Ngoại thất|daytime_running_light|Đèn chờ dẫn đường|Có||https://storage.googleapis.com/vinfast-data-01/brochure/VF%209_%20Brochure.pdf
VF 9|Eco||exterior|Ngoại thất|auto_headlights|Đèn pha tự động|Có||https://storage.googleapis.com/vinfast-data-01/brochure/VF%209_%20Brochure.pdf
VF 9|Eco||exterior|Ngoại thất|adaptive_headlights|Đèn pha tự động / thích ứng|Có||https://storage.googleapis.com/vinfast-data-01/brochure/VF%209_%20Brochure.pdf
VF 9|Eco||exterior|Ngoại thất|cornering_light|Đèn chiếu góc|Có||https://storage.googleapis.com/vinfast-data-01/brochure/VF%209_%20Brochure.pdf
VF 9|Eco||exterior|Ngoại thất|drl_type|Đèn chiếu sáng ban ngày|LED||https://storage.googleapis.com/vinfast-data-01/brochure/VF%209_%20Brochure.pdf
VF 9|Eco||exterior|Ngoại thất|position_light|Đèn định vị|LED, tích hợp cùng đèn chiếu sáng ban ngày||https://storage.googleapis.com/vinfast-data-01/brochure/VF%209_%20Brochure.pdf
VF 9|Eco||exterior|Ngoại thất|welcome_light|Đèn chào mừng|Có||https://storage.googleapis.com/vinfast-data-01/brochure/VF%209_%20Brochure.pdf
VF 9|Eco||exterior|Ngoại thất|rearview_mirror_type|Gương chiếu hậu|Có||https://storage.googleapis.com/vinfast-data-01/brochure/VF%209_%20Brochure.pdf
VF 9|Eco||exterior|Ngoại thất|door_opening_mechanism|Cơ chế mở cửa|Nút bấm điện||https://storage.googleapis.com/vinfast-data-01/brochure/VF%209_%20Brochure.pdf
VF 9|Eco||exterior|Ngoại thất|power_suction_doors|Cửa hít|Có||https://storage.googleapis.com/vinfast-data-01/brochure/VF%209_%20Brochure.pdf
VF 9|Eco||exterior|Ngoại thất|window_type|Kiểu cửa sổ|Hàng ghế trước: kính cách âm 2 lớp. Hàng ghế sau: kính 1 lớp||https://storage.googleapis.com/vinfast-data-01/brochure/VF%209_%20Brochure.pdf
VF 9|Eco||exterior|Ngoại thất|privacy_glass|Kính cửa sổ màu đen (riêng tư)|Kính đen mờ||https://storage.googleapis.com/vinfast-data-01/brochure/VF%209_%20Brochure.pdf
VF 9|Eco||exterior|Ngoại thất|one_touch_windows|Kính cửa sổ chỉnh điện 1 chạm|4 cửa||https://storage.googleapis.com/vinfast-data-01/brochure/VF%209_%20Brochure.pdf
VF 9|Eco||exterior|Ngoại thất|puddle_light|Đèn chiếu sáng khi mở cửa|Có (Chiếu hình logo)||https://storage.googleapis.com/vinfast-data-01/brochure/VF%209_%20Brochure.pdf
VF 9|Eco||exterior|Ngoại thất|trunk_lid_type|Điều chỉnh cốp sau|Chỉnh điện||https://storage.googleapis.com/vinfast-data-01/brochure/VF%209_%20Brochure.pdf
VF 9|Eco||exterior|Ngoại thất|kick_sensor_trunk|Đóng/mở cốp đá chân|Có||https://storage.googleapis.com/vinfast-data-01/brochure/VF%209_%20Brochure.pdf
VF 9|Eco||exterior|Ngoại thất|logo_light|Đèn chiếu logo mặt đường|Có||https://storage.googleapis.com/vinfast-data-01/brochure/VF%209_%20Brochure.pdf
VF 9|Eco||interior|Nội thất|seats|Số ghế ngồi|7||https://storage.googleapis.com/vinfast-data-01/brochure/VF%209_%20Brochure.pdf
VF 9|Eco||interior|Nội thất|seat_material_type|Chất liệu bọc ghế|Da nhân tạo||https://storage.googleapis.com/vinfast-data-01/brochure/VF%209_%20Brochure.pdf
VF 9|Eco||interior|Nội thất|driver_seat_type|Ghế lái|Chỉnh điện 8 hướng||https://storage.googleapis.com/vinfast-data-01/brochure/VF%209_%20Brochure.pdf
VF 9|Eco||interior|Nội thất|passenger_seat_type|Ghế phụ|Chỉnh điện 6 hướng||https://storage.googleapis.com/vinfast-data-01/brochure/VF%209_%20Brochure.pdf
VF 9|Eco||interior|Nội thất|second_row_adjust|Hàng ghế thứ 2 điều chỉnh hướng|Chỉnh điện 4 hướng||https://storage.googleapis.com/vinfast-data-01/brochure/VF%209_%20Brochure.pdf
VF 9|Eco||interior|Nội thất|second_row_fold|Hàng ghế thứ 2 gập tỷ lệ|40:20:40, hỗ trợ dễ vào hàng 3||https://storage.googleapis.com/vinfast-data-01/brochure/VF%209_%20Brochure.pdf
VF 9|Eco||interior|Nội thất|second_row_ventilation|Hàng ghế thứ 2 thông gió|Không||https://storage.googleapis.com/vinfast-data-01/brochure/VF%209_%20Brochure.pdf
VF 9|Eco||interior|Nội thất|second_row_heating|Hàng ghế thứ 2 sưởi|Không||https://storage.googleapis.com/vinfast-data-01/brochure/VF%209_%20Brochure.pdf
VF 9|Eco||interior|Nội thất|second_row_massage|Hàng ghế thứ 2 massage|Không||https://storage.googleapis.com/vinfast-data-01/brochure/VF%209_%20Brochure.pdf
VF 9|Eco||interior|Nội thất|vip_seat_power|Ghế VIP chỉnh điện|Không||https://storage.googleapis.com/vinfast-data-01/brochure/VF%209_%20Brochure.pdf
VF 9|Eco||interior|Nội thất|rear_console_box|Hộp đồ hàng ghế sau|Không||https://storage.googleapis.com/vinfast-data-01/brochure/VF%209_%20Brochure.pdf
VF 9|Eco||interior|Nội thất|vip_seat_massage|Ghế VIP massage|Không||https://storage.googleapis.com/vinfast-data-01/brochure/VF%209_%20Brochure.pdf
VF 9|Eco||interior|Nội thất|vip_seat_ventilation|Ghế VIP thông gió|Không||https://storage.googleapis.com/vinfast-data-01/brochure/VF%209_%20Brochure.pdf
VF 9|Eco||interior|Nội thất|vip_seat_heating|Ghế VIP sưởi|Không||https://storage.googleapis.com/vinfast-data-01/brochure/VF%209_%20Brochure.pdf
VF 9|Eco||interior|Nội thất|steering_wheel_adjust|Điều chỉnh vô lăng|Chỉnh cơ 4 hướng||https://storage.googleapis.com/vinfast-data-01/brochure/VF%209_%20Brochure.pdf
VF 9|Eco||interior|Nội thất|heated_steering_wheel|Sưởi tay lái|Có||https://storage.googleapis.com/vinfast-data-01/brochure/VF%209_%20Brochure.pdf
VF 9|Eco||interior|Nội thất|steering_wheel_memory|Nhớ vị trí vô lăng|Không||https://storage.googleapis.com/vinfast-data-01/brochure/VF%209_%20Brochure.pdf
VF 9|Eco||interior|Nội thất|ac_type|Hệ thống điều hòa|Tự động, 3 vùng||https://storage.googleapis.com/vinfast-data-01/brochure/VF%209_%20Brochure.pdf
VF 9|Eco||interior|Nội thất|air_quality_control|Kiểm soát chất lượng không khí|Có||https://storage.googleapis.com/vinfast-data-01/brochure/VF%209_%20Brochure.pdf
VF 9|Eco||interior|Nội thất|air_ionizer|Ion hóa không khí|Có||https://storage.googleapis.com/vinfast-data-01/brochure/VF%209_%20Brochure.pdf
VF 9|Eco||interior|Nội thất|cabin_air_filter|Lọc không khí Cabin|Combi 1.0||https://storage.googleapis.com/vinfast-data-01/brochure/VF%209_%20Brochure.pdf
VF 9|Eco||interior|Nội thất|rear_ac_vents|Ống thông gió dưới chân hành khách sau|Có||https://storage.googleapis.com/vinfast-data-01/brochure/VF%209_%20Brochure.pdf
VF 9|Eco||interior|Nội thất|row2_ac_vents|Cửa gió điều hòa hàng ghế thứ 2|Có||https://storage.googleapis.com/vinfast-data-01/brochure/VF%209_%20Brochure.pdf
VF 9|Eco||interior|Nội thất|display_inch|Màn hình giải trí cảm ứng|15,6 Inch|inch|https://storage.googleapis.com/vinfast-data-01/brochure/VF%209_%20Brochure.pdf
VF 9|Eco||interior|Nội thất|rear_display_inch|Màn hình giải trí hàng ghế sau|Không|inch|https://storage.googleapis.com/vinfast-data-01/brochure/VF%209_%20Brochure.pdf
VF 9|Eco||interior|Nội thất|head_up_display|Màn hình hiển thị HUD|Có||https://storage.googleapis.com/vinfast-data-01/brochure/VF%209_%20Brochure.pdf
VF 9|Eco||interior|Nội thất|usb_a_front|Cổng USB loại A hàng ghế lái|2||https://storage.googleapis.com/vinfast-data-01/brochure/VF%209_%20Brochure.pdf
VF 9|Eco||interior|Nội thất|usb_a_row2|Cổng USB loại A hàng ghế thứ 2|2||https://storage.googleapis.com/vinfast-data-01/brochure/VF%209_%20Brochure.pdf
VF 9|Eco||interior|Nội thất|usb_a_row3|Cổng USB loại A hàng ghế thứ 3|2||https://storage.googleapis.com/vinfast-data-01/brochure/VF%209_%20Brochure.pdf
VF 9|Eco||interior|Nội thất|usb_port_type_c|Cổng kết nối USB loại C|Có||https://storage.googleapis.com/vinfast-data-01/brochure/VF%209_%20Brochure.pdf
VF 9|Eco||interior|Nội thất|12v_trunk_outlet|Cổng sạc 12V khoang hành lý|Có||https://storage.googleapis.com/vinfast-data-01/brochure/VF%209_%20Brochure.pdf
VF 9|Eco||interior|Nội thất|ac_power_outlet|Ổ điện xoay chiều|Không||https://storage.googleapis.com/vinfast-data-01/brochure/VF%209_%20Brochure.pdf
VF 9|Eco||interior|Nội thất|wireless_charging|Sạc không dây|Có||https://storage.googleapis.com/vinfast-data-01/brochure/VF%209_%20Brochure.pdf
VF 9|Eco||interior|Nội thất|speakers|Hệ thống loa|11|số lượng|https://storage.googleapis.com/vinfast-data-01/brochure/VF%209_%20Brochure.pdf
VF 9|Eco||interior|Nội thất|subwoofer|Loa trầm|0||https://storage.googleapis.com/vinfast-data-01/brochure/VF%209_%20Brochure.pdf
VF 9|Eco||interior|Nội thất|amplifier|Âm ly|Không||https://storage.googleapis.com/vinfast-data-01/brochure/VF%209_%20Brochure.pdf
VF 9|Eco||interior|Nội thất|ambient_lighting|Đèn trang trí nội thất|Có (Đa màu)||https://storage.googleapis.com/vinfast-data-01/brochure/VF%209_%20Brochure.pdf
VF 9|Eco||interior|Nội thất|glovebox_light|Đèn hộc để đồ trước|Có||https://storage.googleapis.com/vinfast-data-01/brochure/VF%209_%20Brochure.pdf
VF 9|Eco||interior|Nội thất|trunk_light|Đèn khoang hành lý|Có||https://storage.googleapis.com/vinfast-data-01/brochure/VF%209_%20Brochure.pdf
VF 9|Eco||interior|Nội thất|frunk_light|Đèn khoang hành lý trước|Có||https://storage.googleapis.com/vinfast-data-01/brochure/VF%209_%20Brochure.pdf
VF 9|Eco||interior|Nội thất|sun_visor_mirror|Tấm che nắng, có gương|Ghế lái và ghế phụ, thêm đèn||https://storage.googleapis.com/vinfast-data-01/brochure/VF%209_%20Brochure.pdf
VF 9|Eco||interior|Nội thất|parking_brake|Phanh tay|Điện tử||https://storage.googleapis.com/vinfast-data-01/brochure/VF%209_%20Brochure.pdf
VF 9|Eco||interior|Nội thất|interior_mirror_type|Gương chiếu hậu trong xe|Chống chói tự động||https://storage.googleapis.com/vinfast-data-01/brochure/VF%209_%20Brochure.pdf
VF 9|Eco||safety|An toàn|abs|Chống bó cứng phanh (ABS)|Có||https://storage.googleapis.com/vinfast-data-01/brochure/VF%209_%20Brochure.pdf
VF 9|Eco||safety|An toàn|ebd|Phân phối lực phanh điện tử (EBD)|Có||https://storage.googleapis.com/vinfast-data-01/brochure/VF%209_%20Brochure.pdf
VF 9|Eco||safety|An toàn|brake_assist|Hỗ trợ phanh khẩn cấp (BA)|Có||https://storage.googleapis.com/vinfast-data-01/brochure/VF%209_%20Brochure.pdf
VF 9|Eco||safety|An toàn|esc|Cân bằng điện tử (ESC)|Có||https://storage.googleapis.com/vinfast-data-01/brochure/VF%209_%20Brochure.pdf
VF 9|Eco||safety|An toàn|tcs|Kiểm soát lực kéo (TCS)|Có||https://storage.googleapis.com/vinfast-data-01/brochure/VF%209_%20Brochure.pdf
VF 9|Eco||safety|An toàn|hsa|Hỗ trợ khởi hành ngang dốc (HSA)|Có||https://storage.googleapis.com/vinfast-data-01/brochure/VF%209_%20Brochure.pdf
VF 9|Eco||safety|An toàn|rollover_mitigation|Chức năng chống lật ROM|Có||https://storage.googleapis.com/vinfast-data-01/brochure/VF%209_%20Brochure.pdf
VF 9|Eco||safety|An toàn|emergency_stop_signal|Đèn báo phanh khẩn cấp ESS|Có||https://storage.googleapis.com/vinfast-data-01/brochure/VF%209_%20Brochure.pdf
VF 9|Eco||safety|An toàn|tpms|Giám sát áp suất lốp|dTPMS||https://storage.googleapis.com/vinfast-data-01/brochure/VF%209_%20Brochure.pdf
VF 9|Eco||security|An ninh|anti_theft_alarm|Cảnh báo chống trộm|Có||https://storage.googleapis.com/vinfast-data-01/brochure/VF%209_%20Brochure.pdf
VF 9|Eco||safety|An toàn|emergency_call|Gọi cứu hộ tự động & hỗ trợ trên đường|Có||https://storage.googleapis.com/vinfast-data-01/brochure/VF%209_%20Brochure.pdf
VF 9|Eco||safety|An toàn|airbags|Túi khí|11||https://storage.googleapis.com/vinfast-data-01/brochure/VF%209_%20Brochure.pdf
VF 9|Eco||safety|An toàn|front_airbags|Túi khí trước|2||https://storage.googleapis.com/vinfast-data-01/brochure/VF%209_%20Brochure.pdf
VF 9|Eco||safety|An toàn|curtain_airbags|Túi khí rèm|2||https://storage.googleapis.com/vinfast-data-01/brochure/VF%209_%20Brochure.pdf
VF 9|Eco||safety|An toàn|side_airbags_front|Túi khí bên hông ghế trước|2||https://storage.googleapis.com/vinfast-data-01/brochure/VF%209_%20Brochure.pdf
VF 9|Eco||safety|An toàn|side_airbags_rear|Túi khí bên hông ghế sau|2||https://storage.googleapis.com/vinfast-data-01/brochure/VF%209_%20Brochure.pdf
VF 9|Eco||safety|An toàn|knee_airbags|Túi khí bảo vệ chân|2||https://storage.googleapis.com/vinfast-data-01/brochure/VF%209_%20Brochure.pdf
VF 9|Eco||safety|An toàn|center_airbags|Túi khí trung tâm|1||https://storage.googleapis.com/vinfast-data-01/brochure/VF%209_%20Brochure.pdf
VF 9|Eco||adas|Hỗ trợ lái nâng cao (ADAS)|traffic_jam_assist|Hỗ trợ di chuyển khi ùn tắc|Có||https://storage.googleapis.com/vinfast-data-01/brochure/VF%209_%20Brochure.pdf
VF 9|Eco||adas|Hỗ trợ lái nâng cao (ADAS)|highway_assist|Hỗ trợ lái trên đường cao tốc|Có||https://storage.googleapis.com/vinfast-data-01/brochure/VF%209_%20Brochure.pdf
VF 9|Eco||adas|Hỗ trợ lái nâng cao (ADAS)|lane_departure_warning|Cảnh báo chệch làn|Có||https://storage.googleapis.com/vinfast-data-01/brochure/VF%209_%20Brochure.pdf
VF 9|Eco||adas|Hỗ trợ lái nâng cao (ADAS)|lane_keep_assist|Hỗ trợ giữ làn|Có||https://storage.googleapis.com/vinfast-data-01/brochure/VF%209_%20Brochure.pdf
VF 9|Eco||adas|Hỗ trợ lái nâng cao (ADAS)|lane_centering|Kiểm soát đi giữa làn|Có||https://storage.googleapis.com/vinfast-data-01/brochure/VF%209_%20Brochure.pdf
VF 9|Eco||adas|Hỗ trợ lái nâng cao (ADAS)|adaptive_cruise_control|Điều chỉnh tốc độ thông minh|Có||https://storage.googleapis.com/vinfast-data-01/brochure/VF%209_%20Brochure.pdf
VF 9|Eco||adas|Hỗ trợ lái nâng cao (ADAS)|traffic_sign_recognition|Nhận biết biển báo giao thông|Có||https://storage.googleapis.com/vinfast-data-01/brochure/VF%209_%20Brochure.pdf
VF 9|Eco||adas|Hỗ trợ lái nâng cao (ADAS)|forward_collision_warning|Cảnh báo va chạm phía trước|Có||https://storage.googleapis.com/vinfast-data-01/brochure/VF%209_%20Brochure.pdf
VF 9|Eco||adas|Hỗ trợ lái nâng cao (ADAS)|rear_cross_traffic_alert|Cảnh báo phương tiện cắt ngang phía sau|Có||https://storage.googleapis.com/vinfast-data-01/brochure/VF%209_%20Brochure.pdf
VF 9|Eco||adas|Hỗ trợ lái nâng cao (ADAS)|blind_spot_warning|Cảnh báo điểm mù|Có||https://storage.googleapis.com/vinfast-data-01/brochure/VF%209_%20Brochure.pdf
VF 9|Eco||adas|Hỗ trợ lái nâng cao (ADAS)|door_open_warning|Cảnh báo mở cửa|Có||https://storage.googleapis.com/vinfast-data-01/brochure/VF%209_%20Brochure.pdf
VF 9|Eco||adas|Hỗ trợ lái nâng cao (ADAS)|aeb_front|Phanh tự động khẩn cấp trước|Có||https://storage.googleapis.com/vinfast-data-01/brochure/VF%209_%20Brochure.pdf
VF 9|Eco||adas|Hỗ trợ lái nâng cao (ADAS)|emergency_lane_keep|Hỗ trợ giữ làn khẩn cấp|Có||https://storage.googleapis.com/vinfast-data-01/brochure/VF%209_%20Brochure.pdf
VF 9|Eco||adas|Hỗ trợ lái nâng cao (ADAS)|front_parking_assist|Hỗ trợ đỗ xe phía trước|Có||https://storage.googleapis.com/vinfast-data-01/brochure/VF%209_%20Brochure.pdf
VF 9|Eco||adas|Hỗ trợ lái nâng cao (ADAS)|rear_parking_assist|Hỗ trợ đỗ xe phía sau|Có||https://storage.googleapis.com/vinfast-data-01/brochure/VF%209_%20Brochure.pdf
VF 9|Eco||adas|Hỗ trợ lái nâng cao (ADAS)|rearview_camera|Camera lùi|Có||https://storage.googleapis.com/vinfast-data-01/brochure/VF%209_%20Brochure.pdf
VF 9|Eco||adas|Hỗ trợ lái nâng cao (ADAS)|surround_view_camera|Camera 360° / giám sát xung quanh|Có||https://storage.googleapis.com/vinfast-data-01/brochure/VF%209_%20Brochure.pdf
VF 9|Eco||adas|Hỗ trợ lái nâng cao (ADAS)|driver_monitoring|Cảnh báo tài xế buồn ngủ & mất tập trung|Có||https://storage.googleapis.com/vinfast-data-01/brochure/VF%209_%20Brochure.pdf
VF 9|Eco||exterior|Ngoại thất|door_handle_type|Tay nắm cửa|Loại ẩn||https://storage.googleapis.com/vinfast-data-01/brochure/VF%209_%20Brochure.pdf
VF 9|Eco||exterior|Ngoại thất|side_step|Bậc lên xuống|AFS||https://storage.googleapis.com/vinfast-data-01/brochure/VF%209_%20Brochure.pdf
VF 9|Eco||exterior|Ngoại thất|roof_rack|Thanh trang trí nóc xe|AFS||https://storage.googleapis.com/vinfast-data-01/brochure/VF%209_%20Brochure.pdf
VF 9|Eco||interior|Nội thất|steering_wheel_type|Loại vô lăng|Dạng D-cut||https://storage.googleapis.com/vinfast-data-01/brochure/VF%209_%20Brochure.pdf
VF 9|Eco||interior|Nội thất|steering_wheel_wrap|Bọc vô lăng|Da thân thiện môi trường||https://storage.googleapis.com/vinfast-data-01/brochure/VF%209_%20Brochure.pdf
VF 9|Eco||infotainment|Giải trí & kết nối|special_operation_modes|Chế độ vận hành đặc biệt|Có||https://storage.googleapis.com/vinfast-data-01/brochure/VF%209_%20Brochure.pdf
VF 9|Eco||infotainment|Giải trí & kết nối|activity_limits|Giới hạn thời gian hoạt động & khu vực hoạt động|Có||https://storage.googleapis.com/vinfast-data-01/brochure/VF%209_%20Brochure.pdf
VF 9|Eco||infotainment|Giải trí & kết nối|online_entertainment|Giải trí trực tuyến|Có||https://storage.googleapis.com/vinfast-data-01/brochure/VF%209_%20Brochure.pdf
VF 9|Eco||infotainment|Giải trí & kết nối|gaming|Trò chơi|Có||https://storage.googleapis.com/vinfast-data-01/brochure/VF%209_%20Brochure.pdf
VF 9|Eco||infotainment|Giải trí & kết nối|navigation|Điều hướng & dẫn đường|Có||https://storage.googleapis.com/vinfast-data-01/brochure/VF%209_%20Brochure.pdf
VF 9|Eco||infotainment|Giải trí & kết nối|web_browser|Trình duyệt web|Có||https://storage.googleapis.com/vinfast-data-01/brochure/VF%209_%20Brochure.pdf
VF 9|Eco||infotainment|Giải trí & kết nối|self_diagnosis|Tự chẩn đoán lỗi|Có||https://storage.googleapis.com/vinfast-data-01/brochure/VF%209_%20Brochure.pdf
VF 9|Eco||infotainment|Giải trí & kết nối|voice_search|Hỏi đáp & tìm kiếm thông tin cơ bản|Có||https://storage.googleapis.com/vinfast-data-01/brochure/VF%209_%20Brochure.pdf
VF 9|Eco||infotainment|Giải trí & kết nối|voice_control|Điều khiển chức năng xe bằng giọng nói|Có||https://storage.googleapis.com/vinfast-data-01/brochure/VF%209_%20Brochure.pdf
VF 9|Eco||infotainment|Giải trí & kết nối|phone_app|Ứng dụng điện thoại|Có||https://storage.googleapis.com/vinfast-data-01/brochure/VF%209_%20Brochure.pdf
VF 9|Eco||infotainment|Giải trí & kết nối|ota_update|Cập nhật phần mềm từ xa|Có||https://storage.googleapis.com/vinfast-data-01/brochure/VF%209_%20Brochure.pdf
VF 9|Plus||dimension|Kích thước & trọng lượng|wheelbase_mm|Chiều dài cơ sở|3.149|mm|https://storage.googleapis.com/vinfast-data-01/brochure/VF%209_%20Brochure.pdf
VF 9|Plus||dimension|Kích thước & trọng lượng|length_mm|Chiều dài tổng thể|5119|mm|https://storage.googleapis.com/vinfast-data-01/brochure/VF%209_%20Brochure.pdf
VF 9|Plus||dimension|Kích thước & trọng lượng|width_mm|Chiều rộng tổng thể|2254|mm|https://storage.googleapis.com/vinfast-data-01/brochure/VF%209_%20Brochure.pdf
VF 9|Plus||dimension|Kích thước & trọng lượng|height_mm|Chiều cao tổng thể|1697|mm|https://storage.googleapis.com/vinfast-data-01/brochure/VF%209_%20Brochure.pdf
VF 9|Plus||dimension|Kích thước & trọng lượng|ground_clearance_mm|Khoảng sáng gầm xe|184|mm|https://storage.googleapis.com/vinfast-data-01/brochure/VF%209_%20Brochure.pdf
VF 9|Plus||dimension|Kích thước & trọng lượng|trunk_capacity|Dung tích khoang hành lý|212|L|https://storage.googleapis.com/vinfast-data-01/brochure/VF%209_%20Brochure.pdf
VF 9|Plus||dimension|Kích thước & trọng lượng|frunk_capacity_l|Dung tích khoang hành lý phía trước|100|L|https://storage.googleapis.com/vinfast-data-01/brochure/VF%209_%20Brochure.pdf
VF 9|Plus||dimension|Kích thước & trọng lượng|curb_weight_kg|Trọng lượng không tải|7 chỗ: 2.968 6 chỗ: 2.932|kg|https://storage.googleapis.com/vinfast-data-01/brochure/VF%209_%20Brochure.pdf
VF 9|Plus||dimension|Kích thước & trọng lượng|payload_kg|Tải trọng / Sức chứa|7 chỗ: 550 6 chỗ: 475|kg|https://storage.googleapis.com/vinfast-data-01/brochure/VF%209_%20Brochure.pdf
VF 9|Plus||dimension|Kích thước & trọng lượng|roof_load_kg|Tải trọng hành lý nóc xe|75|kg|https://storage.googleapis.com/vinfast-data-01/brochure/VF%209_%20Brochure.pdf
VF 9|Plus||powertrain|Hệ thống truyền động|motor_configuration|Cấu hình động cơ|2 motor 150 kW||https://storage.googleapis.com/vinfast-data-01/brochure/VF%209_%20Brochure.pdf
VF 9|Plus||powertrain|Hệ thống truyền động|power_kw|Công suất tối đa|402/300|kW|https://storage.googleapis.com/vinfast-data-01/brochure/VF%209_%20Brochure.pdf
VF 9|Plus||powertrain|Hệ thống truyền động|torque_nm|Mô-men xoắn cực đại|620|Nm|https://storage.googleapis.com/vinfast-data-01/brochure/VF%209_%20Brochure.pdf
VF 9|Plus||powertrain|Hệ thống truyền động|top_speed_kmh|Tốc độ tối đa|200|km/h|https://storage.googleapis.com/vinfast-data-01/brochure/VF%209_%20Brochure.pdf
VF 9|Plus||battery|Pin & sạc|battery_type|Loại pin|CATL||https://storage.googleapis.com/vinfast-data-01/brochure/VF%209_%20Brochure.pdf
VF 9|Plus||battery|Pin & sạc|battery_kwh|Dung lượng pin khả dụng|123|kWh|https://storage.googleapis.com/vinfast-data-01/brochure/VF%209_%20Brochure.pdf
VF 9|Plus||battery|Pin & sạc|range_km|Phạm vi di chuyển|602|km|https://storage.googleapis.com/vinfast-data-01/brochure/VF%209_%20Brochure.pdf
VF 9|Plus||battery|Pin & sạc|ac_charge_power_kw|Công suất sạc AC tối đa|6,6 kW 1 pha, 11 kW 3 pha|kW|https://storage.googleapis.com/vinfast-data-01/brochure/VF%209_%20Brochure.pdf
VF 9|Plus||powertrain|Hệ thống truyền động|regenerative_braking|Hệ thống phanh tái sinh|Có (Tắt, Thấp, Trung bình, Cao)||https://storage.googleapis.com/vinfast-data-01/brochure/VF%209_%20Brochure.pdf
VF 9|Plus||battery|Pin & sạc|fast_charge_min|Thời gian nạp pin nhanh nhất|35 phút (10 - 70%)|phút|https://storage.googleapis.com/vinfast-data-01/brochure/VF%209_%20Brochure.pdf
VF 9|Plus||powertrain|Hệ thống truyền động|gear_shift_type|Cách chuyển số|Nút bấm||https://storage.googleapis.com/vinfast-data-01/brochure/VF%209_%20Brochure.pdf
VF 9|Plus||powertrain|Hệ thống truyền động|drivetrain|Dẫn động|AWD/2 cầu toàn thời gian||https://storage.googleapis.com/vinfast-data-01/brochure/VF%209_%20Brochure.pdf
VF 9|Plus||powertrain|Hệ thống truyền động|drive_modes|Chế độ lái|Eco/Normal/Sport||https://storage.googleapis.com/vinfast-data-01/brochure/VF%209_%20Brochure.pdf
VF 9|Plus||powertrain|Hệ thống truyền động|creep_mode|Chế độ thay đổi tốc độ đến dừng|Có||https://storage.googleapis.com/vinfast-data-01/brochure/VF%209_%20Brochure.pdf
VF 9|Plus||chassis|Khung gầm & hệ thống treo|front_suspension_type|Hệ thống treo trước|Độc lập, tay đòn kép||https://storage.googleapis.com/vinfast-data-01/brochure/VF%209_%20Brochure.pdf
VF 9|Plus||chassis|Khung gầm & hệ thống treo|rear_suspension_type|Hệ thống treo sau|Liên kết đa điểm, giảm chấn khí nén||https://storage.googleapis.com/vinfast-data-01/brochure/VF%209_%20Brochure.pdf
VF 9|Plus||chassis|Khung gầm & hệ thống treo|front_brake_type|Phanh trước|Đĩa thông gió||https://storage.googleapis.com/vinfast-data-01/brochure/VF%209_%20Brochure.pdf
VF 9|Plus||chassis|Khung gầm & hệ thống treo|rear_brake_type|Phanh sau|Đĩa thông gió||https://storage.googleapis.com/vinfast-data-01/brochure/VF%209_%20Brochure.pdf
VF 9|Plus||exterior|Ngoại thất|wheel_size_inch|Kích thước la-zăng|21 Inch|inch|https://storage.googleapis.com/vinfast-data-01/brochure/VF%209_%20Brochure.pdf
VF 9|Plus||exterior|Ngoại thất|wheel_type|Loại la-zăng|Hợp kim||https://storage.googleapis.com/vinfast-data-01/brochure/VF%209_%20Brochure.pdf
VF 9|Plus||exterior|Ngoại thất|headlight_type|Đèn chiếu sáng phía trước|LED Matrix||https://storage.googleapis.com/vinfast-data-01/brochure/VF%209_%20Brochure.pdf
VF 9|Plus||exterior|Ngoại thất|daytime_running_light|Đèn chờ dẫn đường|Có||https://storage.googleapis.com/vinfast-data-01/brochure/VF%209_%20Brochure.pdf
VF 9|Plus||exterior|Ngoại thất|auto_headlights|Đèn pha tự động|Có||https://storage.googleapis.com/vinfast-data-01/brochure/VF%209_%20Brochure.pdf
VF 9|Plus||exterior|Ngoại thất|adaptive_headlights|Đèn pha tự động / thích ứng|Có||https://storage.googleapis.com/vinfast-data-01/brochure/VF%209_%20Brochure.pdf
VF 9|Plus||exterior|Ngoại thất|cornering_light|Đèn chiếu góc|Có||https://storage.googleapis.com/vinfast-data-01/brochure/VF%209_%20Brochure.pdf
VF 9|Plus||exterior|Ngoại thất|drl_type|Đèn chiếu sáng ban ngày|LED||https://storage.googleapis.com/vinfast-data-01/brochure/VF%209_%20Brochure.pdf
VF 9|Plus||exterior|Ngoại thất|position_light|Đèn định vị|LED, tích hợp cùng đèn chiếu sáng ban ngày||https://storage.googleapis.com/vinfast-data-01/brochure/VF%209_%20Brochure.pdf
VF 9|Plus||exterior|Ngoại thất|welcome_light|Đèn chào mừng|Có||https://storage.googleapis.com/vinfast-data-01/brochure/VF%209_%20Brochure.pdf
VF 9|Plus||exterior|Ngoại thất|rearview_mirror_type|Gương chiếu hậu|Có||https://storage.googleapis.com/vinfast-data-01/brochure/VF%209_%20Brochure.pdf
VF 9|Plus||exterior|Ngoại thất|door_opening_mechanism|Cơ chế mở cửa|Nút bấm điện||https://storage.googleapis.com/vinfast-data-01/brochure/VF%209_%20Brochure.pdf
VF 9|Plus||exterior|Ngoại thất|power_suction_doors|Cửa hít|Có||https://storage.googleapis.com/vinfast-data-01/brochure/VF%209_%20Brochure.pdf
VF 9|Plus||exterior|Ngoại thất|window_type|Kiểu cửa sổ|Hàng ghế trước: kính cách âm 2 lớp. Hàng ghế sau: kính 1 lớp||https://storage.googleapis.com/vinfast-data-01/brochure/VF%209_%20Brochure.pdf
VF 9|Plus||exterior|Ngoại thất|privacy_glass|Kính cửa sổ màu đen (riêng tư)|Kính đen mờ||https://storage.googleapis.com/vinfast-data-01/brochure/VF%209_%20Brochure.pdf
VF 9|Plus||exterior|Ngoại thất|one_touch_windows|Kính cửa sổ chỉnh điện 1 chạm|4 cửa||https://storage.googleapis.com/vinfast-data-01/brochure/VF%209_%20Brochure.pdf
VF 9|Plus||exterior|Ngoại thất|puddle_light|Đèn chiếu sáng khi mở cửa|Có (Chiếu hình logo)||https://storage.googleapis.com/vinfast-data-01/brochure/VF%209_%20Brochure.pdf
VF 9|Plus||exterior|Ngoại thất|trunk_lid_type|Điều chỉnh cốp sau|Chỉnh điện||https://storage.googleapis.com/vinfast-data-01/brochure/VF%209_%20Brochure.pdf
VF 9|Plus||exterior|Ngoại thất|kick_sensor_trunk|Đóng/mở cốp đá chân|Có||https://storage.googleapis.com/vinfast-data-01/brochure/VF%209_%20Brochure.pdf
VF 9|Plus||exterior|Ngoại thất|logo_light|Đèn chiếu logo mặt đường|Có||https://storage.googleapis.com/vinfast-data-01/brochure/VF%209_%20Brochure.pdf
VF 9|Plus||interior|Nội thất|seats|Số ghế ngồi|7 hoặc 6||https://storage.googleapis.com/vinfast-data-01/brochure/VF%209_%20Brochure.pdf
VF 9|Plus||interior|Nội thất|seat_material_type|Chất liệu bọc ghế|Da nhân tạo cao cấp||https://storage.googleapis.com/vinfast-data-01/brochure/VF%209_%20Brochure.pdf
VF 9|Plus||interior|Nội thất|driver_seat_type|Ghế lái|Chỉnh điện 12 hướng||https://storage.googleapis.com/vinfast-data-01/brochure/VF%209_%20Brochure.pdf
VF 9|Plus||interior|Nội thất|passenger_seat_type|Ghế phụ|Chỉnh điện 10 hướng||https://storage.googleapis.com/vinfast-data-01/brochure/VF%209_%20Brochure.pdf
VF 9|Plus||interior|Nội thất|second_row_adjust|Hàng ghế thứ 2 điều chỉnh hướng|Chỉnh điện 8 hướng||https://storage.googleapis.com/vinfast-data-01/brochure/VF%209_%20Brochure.pdf
VF 9|Plus||interior|Nội thất|second_row_fold|Hàng ghế thứ 2 gập tỷ lệ|40:20:40, hỗ trợ dễ vào hàng 3||https://storage.googleapis.com/vinfast-data-01/brochure/VF%209_%20Brochure.pdf
VF 9|Plus||interior|Nội thất|second_row_ventilation|Hàng ghế thứ 2 thông gió|Có||https://storage.googleapis.com/vinfast-data-01/brochure/VF%209_%20Brochure.pdf
VF 9|Plus||interior|Nội thất|second_row_heating|Hàng ghế thứ 2 sưởi|Có||https://storage.googleapis.com/vinfast-data-01/brochure/VF%209_%20Brochure.pdf
VF 9|Plus||interior|Nội thất|second_row_massage|Hàng ghế thứ 2 massage|Có||https://storage.googleapis.com/vinfast-data-01/brochure/VF%209_%20Brochure.pdf
VF 9|Plus||interior|Nội thất|vip_seat|Ghế VIP|Có, lựa chọn từ đầu khi mua xe||https://storage.googleapis.com/vinfast-data-01/brochure/VF%209_%20Brochure.pdf
VF 9|Plus||interior|Nội thất|vip_seat_power|Ghế VIP chỉnh điện|6 chỗ: Chỉnh điện 8 hướng 7 chỗ: Không||https://storage.googleapis.com/vinfast-data-01/brochure/VF%209_%20Brochure.pdf
VF 9|Plus||interior|Nội thất|rear_console_box|Hộp đồ hàng ghế sau|6 chỗ: Có, tích hợp sạc không dây 7 chỗ: Không||https://storage.googleapis.com/vinfast-data-01/brochure/VF%209_%20Brochure.pdf
VF 9|Plus||interior|Nội thất|vip_seat_massage|Ghế VIP massage|Có||https://storage.googleapis.com/vinfast-data-01/brochure/VF%209_%20Brochure.pdf
VF 9|Plus||interior|Nội thất|vip_seat_ventilation|Ghế VIP thông gió|Có||https://storage.googleapis.com/vinfast-data-01/brochure/VF%209_%20Brochure.pdf
VF 9|Plus||interior|Nội thất|vip_seat_heating|Ghế VIP sưởi|Có||https://storage.googleapis.com/vinfast-data-01/brochure/VF%209_%20Brochure.pdf
VF 9|Plus||interior|Nội thất|steering_wheel_adjust|Điều chỉnh vô lăng|Chỉnh điện 4 hướng||https://storage.googleapis.com/vinfast-data-01/brochure/VF%209_%20Brochure.pdf
VF 9|Plus||interior|Nội thất|heated_steering_wheel|Sưởi tay lái|Có||https://storage.googleapis.com/vinfast-data-01/brochure/VF%209_%20Brochure.pdf
VF 9|Plus||interior|Nội thất|steering_wheel_memory|Nhớ vị trí vô lăng|Có||https://storage.googleapis.com/vinfast-data-01/brochure/VF%209_%20Brochure.pdf
VF 9|Plus||interior|Nội thất|ac_type|Hệ thống điều hòa|Tự động, 3 vùng||https://storage.googleapis.com/vinfast-data-01/brochure/VF%209_%20Brochure.pdf
VF 9|Plus||interior|Nội thất|air_quality_control|Kiểm soát chất lượng không khí|Có||https://storage.googleapis.com/vinfast-data-01/brochure/VF%209_%20Brochure.pdf
VF 9|Plus||interior|Nội thất|air_ionizer|Ion hóa không khí|Có||https://storage.googleapis.com/vinfast-data-01/brochure/VF%209_%20Brochure.pdf
VF 9|Plus||interior|Nội thất|cabin_air_filter|Lọc không khí Cabin|Combi 1.0||https://storage.googleapis.com/vinfast-data-01/brochure/VF%209_%20Brochure.pdf
VF 9|Plus||interior|Nội thất|rear_ac_vents|Ống thông gió dưới chân hành khách sau|Có||https://storage.googleapis.com/vinfast-data-01/brochure/VF%209_%20Brochure.pdf
VF 9|Plus||interior|Nội thất|row2_ac_vents|Cửa gió điều hòa hàng ghế thứ 2|Có||https://storage.googleapis.com/vinfast-data-01/brochure/VF%209_%20Brochure.pdf
VF 9|Plus||interior|Nội thất|display_inch|Màn hình giải trí cảm ứng|15,6 Inch|inch|https://storage.googleapis.com/vinfast-data-01/brochure/VF%209_%20Brochure.pdf
VF 9|Plus||interior|Nội thất|rear_display_inch|Màn hình giải trí hàng ghế sau|8 Inch|inch|https://storage.googleapis.com/vinfast-data-01/brochure/VF%209_%20Brochure.pdf
VF 9|Plus||interior|Nội thất|head_up_display|Màn hình hiển thị HUD|Có||https://storage.googleapis.com/vinfast-data-01/brochure/VF%209_%20Brochure.pdf
VF 9|Plus||interior|Nội thất|usb_a_front|Cổng USB loại A hàng ghế lái|2||https://storage.googleapis.com/vinfast-data-01/brochure/VF%209_%20Brochure.pdf
VF 9|Plus||interior|Nội thất|usb_a_row2|Cổng USB loại A hàng ghế thứ 2|"7 chỗ: 2 | 6 chỗ: 4"||https://storage.googleapis.com/vinfast-data-01/brochure/VF%209_%20Brochure.pdf
VF 9|Plus||interior|Nội thất|usb_a_row3|Cổng USB loại A hàng ghế thứ 3|2||https://storage.googleapis.com/vinfast-data-01/brochure/VF%209_%20Brochure.pdf
VF 9|Plus||interior|Nội thất|usb_port_type_c|Cổng kết nối USB loại C|Có||https://storage.googleapis.com/vinfast-data-01/brochure/VF%209_%20Brochure.pdf
VF 9|Plus||interior|Nội thất|12v_trunk_outlet|Cổng sạc 12V khoang hành lý|Có||https://storage.googleapis.com/vinfast-data-01/brochure/VF%209_%20Brochure.pdf
VF 9|Plus||interior|Nội thất|ac_power_outlet|Ổ điện xoay chiều|230 V/150 W||https://storage.googleapis.com/vinfast-data-01/brochure/VF%209_%20Brochure.pdf
VF 9|Plus||interior|Nội thất|wireless_charging|Sạc không dây|Có||https://storage.googleapis.com/vinfast-data-01/brochure/VF%209_%20Brochure.pdf
VF 9|Plus||interior|Nội thất|speakers|Hệ thống loa|13|số lượng|https://storage.googleapis.com/vinfast-data-01/brochure/VF%209_%20Brochure.pdf
VF 9|Plus||interior|Nội thất|subwoofer|Loa trầm|1||https://storage.googleapis.com/vinfast-data-01/brochure/VF%209_%20Brochure.pdf
VF 9|Plus||interior|Nội thất|amplifier|Âm ly|Có||https://storage.googleapis.com/vinfast-data-01/brochure/VF%209_%20Brochure.pdf
VF 9|Plus||interior|Nội thất|ambient_lighting|Đèn trang trí nội thất|Có (Đa màu)||https://storage.googleapis.com/vinfast-data-01/brochure/VF%209_%20Brochure.pdf
VF 9|Plus||interior|Nội thất|glovebox_light|Đèn hộc để đồ trước|Có||https://storage.googleapis.com/vinfast-data-01/brochure/VF%209_%20Brochure.pdf
VF 9|Plus||interior|Nội thất|trunk_light|Đèn khoang hành lý|Có||https://storage.googleapis.com/vinfast-data-01/brochure/VF%209_%20Brochure.pdf
VF 9|Plus||interior|Nội thất|frunk_light|Đèn khoang hành lý trước|Có||https://storage.googleapis.com/vinfast-data-01/brochure/VF%209_%20Brochure.pdf
VF 9|Plus||interior|Nội thất|sun_visor_mirror|Tấm che nắng, có gương|Ghế lái và ghế phụ, thêm đèn||https://storage.googleapis.com/vinfast-data-01/brochure/VF%209_%20Brochure.pdf
VF 9|Plus||interior|Nội thất|parking_brake|Phanh tay|Điện tử||https://storage.googleapis.com/vinfast-data-01/brochure/VF%209_%20Brochure.pdf
VF 9|Plus||interior|Nội thất|interior_mirror_type|Gương chiếu hậu trong xe|Chống chói tự động||https://storage.googleapis.com/vinfast-data-01/brochure/VF%209_%20Brochure.pdf
VF 9|Plus||safety|An toàn|abs|Chống bó cứng phanh (ABS)|Có||https://storage.googleapis.com/vinfast-data-01/brochure/VF%209_%20Brochure.pdf
VF 9|Plus||safety|An toàn|ebd|Phân phối lực phanh điện tử (EBD)|Có||https://storage.googleapis.com/vinfast-data-01/brochure/VF%209_%20Brochure.pdf
VF 9|Plus||safety|An toàn|brake_assist|Hỗ trợ phanh khẩn cấp (BA)|Có||https://storage.googleapis.com/vinfast-data-01/brochure/VF%209_%20Brochure.pdf
VF 9|Plus||safety|An toàn|esc|Cân bằng điện tử (ESC)|Có||https://storage.googleapis.com/vinfast-data-01/brochure/VF%209_%20Brochure.pdf
VF 9|Plus||safety|An toàn|tcs|Kiểm soát lực kéo (TCS)|Có||https://storage.googleapis.com/vinfast-data-01/brochure/VF%209_%20Brochure.pdf
VF 9|Plus||safety|An toàn|hsa|Hỗ trợ khởi hành ngang dốc (HSA)|Có||https://storage.googleapis.com/vinfast-data-01/brochure/VF%209_%20Brochure.pdf
VF 9|Plus||safety|An toàn|rollover_mitigation|Chức năng chống lật ROM|Có||https://storage.googleapis.com/vinfast-data-01/brochure/VF%209_%20Brochure.pdf
VF 9|Plus||safety|An toàn|emergency_stop_signal|Đèn báo phanh khẩn cấp ESS|Có||https://storage.googleapis.com/vinfast-data-01/brochure/VF%209_%20Brochure.pdf
VF 9|Plus||safety|An toàn|tpms|Giám sát áp suất lốp|dTPMS||https://storage.googleapis.com/vinfast-data-01/brochure/VF%209_%20Brochure.pdf
VF 9|Plus||security|An ninh|anti_theft_alarm|Cảnh báo chống trộm|Có||https://storage.googleapis.com/vinfast-data-01/brochure/VF%209_%20Brochure.pdf
VF 9|Plus||safety|An toàn|emergency_call|Gọi cứu hộ tự động & hỗ trợ trên đường|Có||https://storage.googleapis.com/vinfast-data-01/brochure/VF%209_%20Brochure.pdf
VF 9|Plus||safety|An toàn|airbags|Túi khí|11||https://storage.googleapis.com/vinfast-data-01/brochure/VF%209_%20Brochure.pdf
VF 9|Plus||safety|An toàn|front_airbags|Túi khí trước|2||https://storage.googleapis.com/vinfast-data-01/brochure/VF%209_%20Brochure.pdf
VF 9|Plus||safety|An toàn|curtain_airbags|Túi khí rèm|2||https://storage.googleapis.com/vinfast-data-01/brochure/VF%209_%20Brochure.pdf
VF 9|Plus||safety|An toàn|side_airbags_front|Túi khí bên hông ghế trước|2||https://storage.googleapis.com/vinfast-data-01/brochure/VF%209_%20Brochure.pdf
VF 9|Plus||safety|An toàn|side_airbags_rear|Túi khí bên hông ghế sau|2||https://storage.googleapis.com/vinfast-data-01/brochure/VF%209_%20Brochure.pdf
VF 9|Plus||safety|An toàn|knee_airbags|Túi khí bảo vệ chân|2||https://storage.googleapis.com/vinfast-data-01/brochure/VF%209_%20Brochure.pdf
VF 9|Plus||safety|An toàn|center_airbags|Túi khí trung tâm|1||https://storage.googleapis.com/vinfast-data-01/brochure/VF%209_%20Brochure.pdf
VF 9|Plus||adas|Hỗ trợ lái nâng cao (ADAS)|traffic_jam_assist|Hỗ trợ di chuyển khi ùn tắc|Có||https://storage.googleapis.com/vinfast-data-01/brochure/VF%209_%20Brochure.pdf
VF 9|Plus||adas|Hỗ trợ lái nâng cao (ADAS)|highway_assist|Hỗ trợ lái trên đường cao tốc|Có||https://storage.googleapis.com/vinfast-data-01/brochure/VF%209_%20Brochure.pdf
VF 9|Plus||adas|Hỗ trợ lái nâng cao (ADAS)|lane_departure_warning|Cảnh báo chệch làn|Có||https://storage.googleapis.com/vinfast-data-01/brochure/VF%209_%20Brochure.pdf
VF 9|Plus||adas|Hỗ trợ lái nâng cao (ADAS)|lane_keep_assist|Hỗ trợ giữ làn|Có||https://storage.googleapis.com/vinfast-data-01/brochure/VF%209_%20Brochure.pdf
VF 9|Plus||adas|Hỗ trợ lái nâng cao (ADAS)|lane_centering|Kiểm soát đi giữa làn|Có||https://storage.googleapis.com/vinfast-data-01/brochure/VF%209_%20Brochure.pdf
VF 9|Plus||adas|Hỗ trợ lái nâng cao (ADAS)|adaptive_cruise_control|Điều chỉnh tốc độ thông minh|Có||https://storage.googleapis.com/vinfast-data-01/brochure/VF%209_%20Brochure.pdf
VF 9|Plus||adas|Hỗ trợ lái nâng cao (ADAS)|traffic_sign_recognition|Nhận biết biển báo giao thông|Có||https://storage.googleapis.com/vinfast-data-01/brochure/VF%209_%20Brochure.pdf
VF 9|Plus||adas|Hỗ trợ lái nâng cao (ADAS)|forward_collision_warning|Cảnh báo va chạm phía trước|Có||https://storage.googleapis.com/vinfast-data-01/brochure/VF%209_%20Brochure.pdf
VF 9|Plus||adas|Hỗ trợ lái nâng cao (ADAS)|rear_cross_traffic_alert|Cảnh báo phương tiện cắt ngang phía sau|Có||https://storage.googleapis.com/vinfast-data-01/brochure/VF%209_%20Brochure.pdf
VF 9|Plus||adas|Hỗ trợ lái nâng cao (ADAS)|blind_spot_warning|Cảnh báo điểm mù|Có||https://storage.googleapis.com/vinfast-data-01/brochure/VF%209_%20Brochure.pdf
VF 9|Plus||adas|Hỗ trợ lái nâng cao (ADAS)|door_open_warning|Cảnh báo mở cửa|Có||https://storage.googleapis.com/vinfast-data-01/brochure/VF%209_%20Brochure.pdf
VF 9|Plus||adas|Hỗ trợ lái nâng cao (ADAS)|aeb_front|Phanh tự động khẩn cấp trước|Có||https://storage.googleapis.com/vinfast-data-01/brochure/VF%209_%20Brochure.pdf
VF 9|Plus||adas|Hỗ trợ lái nâng cao (ADAS)|emergency_lane_keep|Hỗ trợ giữ làn khẩn cấp|Có||https://storage.googleapis.com/vinfast-data-01/brochure/VF%209_%20Brochure.pdf
VF 9|Plus||adas|Hỗ trợ lái nâng cao (ADAS)|front_parking_assist|Hỗ trợ đỗ xe phía trước|Có||https://storage.googleapis.com/vinfast-data-01/brochure/VF%209_%20Brochure.pdf
VF 9|Plus||adas|Hỗ trợ lái nâng cao (ADAS)|rear_parking_assist|Hỗ trợ đỗ xe phía sau|Có||https://storage.googleapis.com/vinfast-data-01/brochure/VF%209_%20Brochure.pdf
VF 9|Plus||adas|Hỗ trợ lái nâng cao (ADAS)|rearview_camera|Camera lùi|Có||https://storage.googleapis.com/vinfast-data-01/brochure/VF%209_%20Brochure.pdf
VF 9|Plus||adas|Hỗ trợ lái nâng cao (ADAS)|surround_view_camera|Camera 360° / giám sát xung quanh|Có||https://storage.googleapis.com/vinfast-data-01/brochure/VF%209_%20Brochure.pdf
VF 9|Plus||adas|Hỗ trợ lái nâng cao (ADAS)|driver_monitoring|Cảnh báo tài xế buồn ngủ & mất tập trung|Có||https://storage.googleapis.com/vinfast-data-01/brochure/VF%209_%20Brochure.pdf
VF 9|Plus||exterior|Ngoại thất|door_handle_type|Tay nắm cửa|Loại ẩn||https://storage.googleapis.com/vinfast-data-01/brochure/VF%209_%20Brochure.pdf
VF 9|Plus||exterior|Ngoại thất|side_step|Bậc lên xuống|Có||https://storage.googleapis.com/vinfast-data-01/brochure/VF%209_%20Brochure.pdf
VF 9|Plus||exterior|Ngoại thất|roof_rack|Thanh trang trí nóc xe|AFS||https://storage.googleapis.com/vinfast-data-01/brochure/VF%209_%20Brochure.pdf
VF 9|Plus||interior|Nội thất|steering_wheel_type|Loại vô lăng|Dạng D-cut||https://storage.googleapis.com/vinfast-data-01/brochure/VF%209_%20Brochure.pdf
VF 9|Plus||interior|Nội thất|steering_wheel_wrap|Bọc vô lăng|Da thân thiện môi trường||https://storage.googleapis.com/vinfast-data-01/brochure/VF%209_%20Brochure.pdf
VF 9|Plus||infotainment|Giải trí & kết nối|special_operation_modes|Chế độ vận hành đặc biệt|Có||https://storage.googleapis.com/vinfast-data-01/brochure/VF%209_%20Brochure.pdf
VF 9|Plus||infotainment|Giải trí & kết nối|activity_limits|Giới hạn thời gian hoạt động & khu vực hoạt động|Có||https://storage.googleapis.com/vinfast-data-01/brochure/VF%209_%20Brochure.pdf
VF 9|Plus||infotainment|Giải trí & kết nối|online_entertainment|Giải trí trực tuyến|Có||https://storage.googleapis.com/vinfast-data-01/brochure/VF%209_%20Brochure.pdf
VF 9|Plus||infotainment|Giải trí & kết nối|gaming|Trò chơi|Có||https://storage.googleapis.com/vinfast-data-01/brochure/VF%209_%20Brochure.pdf
VF 9|Plus||infotainment|Giải trí & kết nối|navigation|Điều hướng & dẫn đường|Có||https://storage.googleapis.com/vinfast-data-01/brochure/VF%209_%20Brochure.pdf
VF 9|Plus||infotainment|Giải trí & kết nối|web_browser|Trình duyệt web|Có||https://storage.googleapis.com/vinfast-data-01/brochure/VF%209_%20Brochure.pdf
VF 9|Plus||infotainment|Giải trí & kết nối|self_diagnosis|Tự chẩn đoán lỗi|Có||https://storage.googleapis.com/vinfast-data-01/brochure/VF%209_%20Brochure.pdf
VF 9|Plus||infotainment|Giải trí & kết nối|voice_search|Hỏi đáp & tìm kiếm thông tin cơ bản|Có||https://storage.googleapis.com/vinfast-data-01/brochure/VF%209_%20Brochure.pdf
VF 9|Plus||infotainment|Giải trí & kết nối|voice_control|Điều khiển chức năng xe bằng giọng nói|Có||https://storage.googleapis.com/vinfast-data-01/brochure/VF%209_%20Brochure.pdf
VF 9|Plus||infotainment|Giải trí & kết nối|phone_app|Ứng dụng điện thoại|Có||https://storage.googleapis.com/vinfast-data-01/brochure/VF%209_%20Brochure.pdf
VF 9|Plus||infotainment|Giải trí & kết nối|ota_update|Cập nhật phần mềm từ xa|Có||https://storage.googleapis.com/vinfast-data-01/brochure/VF%209_%20Brochure.pdf
VF 7|PlusCaptain||dimension|Kích thước & trọng lượng|length_mm|Chiều dài tổng thể|4545|mm|https://vinfastnamtuliem.vn/wp-content/uploads/2025/02/VF7_Brochure_T062025.pdf
VF 7|PlusCaptain||dimension|Kích thước & trọng lượng|width_mm|Chiều rộng tổng thể|1890|mm|https://vinfastnamtuliem.vn/wp-content/uploads/2025/02/VF7_Brochure_T062025.pdf
VF 7|PlusCaptain||dimension|Kích thước & trọng lượng|height_mm|Chiều cao tổng thể|1635.75|mm|https://vinfastnamtuliem.vn/wp-content/uploads/2025/02/VF7_Brochure_T062025.pdf
VF 7|PlusCaptain||dimension|Kích thước & trọng lượng|wheelbase_mm|Chiều dài cơ sở|2,840|mm|https://vinfastnamtuliem.vn/wp-content/uploads/2025/02/VF7_Brochure_T062025.pdf
VF 7|PlusCaptain||dimension|Kích thước & trọng lượng|ground_clearance_mm|Khoảng sáng gầm xe|190|mm|https://vinfastnamtuliem.vn/wp-content/uploads/2025/02/VF7_Brochure_T062025.pdf
VF 7|PlusCaptain||powertrain|Hệ thống truyền động|power_kw|Công suất tối đa|150|kW|https://vinfastnamtuliem.vn/wp-content/uploads/2025/02/VF7_Brochure_T062025.pdf
VF 7|PlusCaptain||powertrain|Hệ thống truyền động|torque_nm|Mô-men xoắn cực đại|310|Nm|https://vinfastnamtuliem.vn/wp-content/uploads/2025/02/VF7_Brochure_T062025.pdf
VF 7|PlusCaptain||battery|Pin & sạc|range_km|Phạm vi di chuyển|Thông báo sau|km|https://vinfastnamtuliem.vn/wp-content/uploads/2025/02/VF7_Brochure_T062025.pdf
VF 7|PlusCaptain||battery|Pin & sạc|battery_kwh|Dung lượng pin khả dụng|75,6|kWh|https://vinfastnamtuliem.vn/wp-content/uploads/2025/02/VF7_Brochure_T062025.pdf
VF 7|PlusCaptain||powertrain|Hệ thống truyền động|mobile_charger_type|Dây sạc di động|Phụ kiện (AFS 3,5 kW)||https://vinfastnamtuliem.vn/wp-content/uploads/2025/02/VF7_Brochure_T062025.pdf
VF 7|PlusCaptain||powertrain|Hệ thống truyền động|home_charger_type|Bộ sạc tại nhà|Phụ kiện (AFS 7,4 kW)||https://vinfastnamtuliem.vn/wp-content/uploads/2025/02/VF7_Brochure_T062025.pdf
VF 7|PlusCaptain||battery|Pin & sạc|fast_charge_min|Thời gian nạp pin nhanh nhất|28.15 phút (từ 10% - 70%)|phút|https://vinfastnamtuliem.vn/wp-content/uploads/2025/02/VF7_Brochure_T062025.pdf
VF 7|PlusCaptain||powertrain|Hệ thống truyền động|drivetrain|Dẫn động|Cầu trước (FWD)||https://vinfastnamtuliem.vn/wp-content/uploads/2025/02/VF7_Brochure_T062025.pdf
VF 7|PlusCaptain||powertrain|Hệ thống truyền động|drive_modes|Chế độ lái|Eco/ Normal/ Sport||https://vinfastnamtuliem.vn/wp-content/uploads/2025/02/VF7_Brochure_T062025.pdf
VF 7|PlusCaptain||exterior|Ngoại thất|wheel_size_inch|Kích thước la-zăng|20 inch|inch|https://vinfastnamtuliem.vn/wp-content/uploads/2025/02/VF7_Brochure_T062025.pdf
VF 7|PlusCaptain||chassis|Khung gầm & hệ thống treo|front_suspension_type|Hệ thống treo trước|Độc lập, MacPherson||https://vinfastnamtuliem.vn/wp-content/uploads/2025/02/VF7_Brochure_T062025.pdf
VF 7|PlusCaptain||chassis|Khung gầm & hệ thống treo|rear_suspension_type|Hệ thống treo sau|Thanh điều hướng đa điểm||https://vinfastnamtuliem.vn/wp-content/uploads/2025/02/VF7_Brochure_T062025.pdf
VF 7|PlusCaptain||exterior|Ngoại thất|headlight_type|Đèn chiếu sáng phía trước|LED||https://vinfastnamtuliem.vn/wp-content/uploads/2025/02/VF7_Brochure_T062025.pdf
VF 7|PlusCaptain||exterior|Ngoại thất|auto_headlights|Đèn pha tự động|Có||https://vinfastnamtuliem.vn/wp-content/uploads/2025/02/VF7_Brochure_T062025.pdf
VF 7|PlusCaptain||exterior|Ngoại thất|drl_type|Đèn chiếu sáng ban ngày|LED||https://vinfastnamtuliem.vn/wp-content/uploads/2025/02/VF7_Brochure_T062025.pdf
VF 7|PlusCaptain||exterior|Ngoại thất|auto_high_beam|Tự động bật/tắt chế độ chiếu xa|Có||https://vinfastnamtuliem.vn/wp-content/uploads/2025/02/VF7_Brochure_T062025.pdf
VF 7|PlusCaptain||exterior|Ngoại thất|tail_light_type|Đèn hậu|LED||https://vinfastnamtuliem.vn/wp-content/uploads/2025/02/VF7_Brochure_T062025.pdf
VF 7|PlusCaptain||exterior|Ngoại thất|rearview_mirror_type|Gương chiếu hậu|Có||https://vinfastnamtuliem.vn/wp-content/uploads/2025/02/VF7_Brochure_T062025.pdf
VF 7|PlusCaptain||exterior|Ngoại thất|auto_wiper|Gạt mưa trước tự động|Có||https://vinfastnamtuliem.vn/wp-content/uploads/2025/02/VF7_Brochure_T062025.pdf
VF 7|PlusCaptain||exterior|Ngoại thất|smart_key|Chìa khóa thông minh|Có||https://vinfastnamtuliem.vn/wp-content/uploads/2025/02/VF7_Brochure_T062025.pdf
VF 7|PlusCaptain||exterior|Ngoại thất|trunk_lid_type|Điều chỉnh cốp sau|Chỉnh điện||https://vinfastnamtuliem.vn/wp-content/uploads/2025/02/VF7_Brochure_T062025.pdf
VF 7|PlusCaptain||exterior|Ngoại thất|door_handle_type|Tay nắm cửa|Dạng ẩn||https://vinfastnamtuliem.vn/wp-content/uploads/2025/02/VF7_Brochure_T062025.pdf
VF 7|PlusCaptain||interior|Nội thất|ac_type|Hệ thống điều hòa|Tự động, 2 vùng||https://vinfastnamtuliem.vn/wp-content/uploads/2025/02/VF7_Brochure_T062025.pdf
VF 7|PlusCaptain||interior|Nội thất|cabin_air_filter|Lọc không khí Cabin|Có||https://vinfastnamtuliem.vn/wp-content/uploads/2025/02/VF7_Brochure_T062025.pdf
VF 7|PlusCaptain||interior|Nội thất|rear_ac_vents|Ống thông gió dưới chân hành khách sau|Có||https://vinfastnamtuliem.vn/wp-content/uploads/2025/02/VF7_Brochure_T062025.pdf
VF 7|PlusCaptain||interior|Nội thất|head_up_display|Màn hình hiển thị HUD|Có||https://vinfastnamtuliem.vn/wp-content/uploads/2025/02/VF7_Brochure_T062025.pdf
VF 7|PlusCaptain||interior|Nội thất|display_inch|Màn hình giải trí cảm ứng|12,9 inch|inch|https://vinfastnamtuliem.vn/wp-content/uploads/2025/02/VF7_Brochure_T062025.pdf
VF 7|PlusCaptain||infotainment|Giải trí & kết nối|smartphone_integration|Kết nối Android Auto / Apple CarPlay|Có||https://vinfastnamtuliem.vn/wp-content/uploads/2025/02/VF7_Brochure_T062025.pdf
VF 7|PlusCaptain||interior|Nội thất|speakers|Hệ thống loa|8|số lượng|https://vinfastnamtuliem.vn/wp-content/uploads/2025/02/VF7_Brochure_T062025.pdf
VF 7|PlusCaptain||interior|Nội thất|wireless_charging|Sạc không dây|Có||https://vinfastnamtuliem.vn/wp-content/uploads/2025/02/VF7_Brochure_T062025.pdf
VF 7|PlusCaptain||interior|Nội thất|driver_seat_type|Ghế lái|Chỉnh điện 8 hướng||https://vinfastnamtuliem.vn/wp-content/uploads/2025/02/VF7_Brochure_T062025.pdf
VF 7|PlusCaptain||interior|Nội thất|seat_material_type|Chất liệu bọc ghế|Da nhân tạo cao cấp||https://vinfastnamtuliem.vn/wp-content/uploads/2025/02/VF7_Brochure_T062025.pdf
VF 7|PlusCaptain||exterior|Ngoại thất|one_touch_windows|Kính cửa sổ chỉnh điện 1 chạm|Có, lên/xuống một chạm tất cả các vị trí||https://vinfastnamtuliem.vn/wp-content/uploads/2025/02/VF7_Brochure_T062025.pdf
VF 7|PlusCaptain||convenience|Tiện nghi|epb_auto_hold|Phanh đỗ điện tử & giữ phanh tự động|Có||https://vinfastnamtuliem.vn/wp-content/uploads/2025/02/VF7_Brochure_T062025.pdf
VF 7|PlusCaptain||interior|Nội thất|interior_mirror_type|Gương chiếu hậu trong xe|Chống chói tự động||https://vinfastnamtuliem.vn/wp-content/uploads/2025/02/VF7_Brochure_T062025.pdf
VF 7|PlusCaptain||safety|An toàn|airbags|Túi khí|8||https://vinfastnamtuliem.vn/wp-content/uploads/2025/02/VF7_Brochure_T062025.pdf
VF 7|PlusCaptain||safety|An toàn|abs|Chống bó cứng phanh (ABS)|Có||https://vinfastnamtuliem.vn/wp-content/uploads/2025/02/VF7_Brochure_T062025.pdf
VF 7|PlusCaptain||safety|An toàn|ebd|Phân phối lực phanh điện tử (EBD)|Có||https://vinfastnamtuliem.vn/wp-content/uploads/2025/02/VF7_Brochure_T062025.pdf
VF 7|PlusCaptain||safety|An toàn|brake_assist|Hỗ trợ phanh khẩn cấp (BA)|Có||https://vinfastnamtuliem.vn/wp-content/uploads/2025/02/VF7_Brochure_T062025.pdf
VF 7|PlusCaptain||safety|An toàn|esc|Cân bằng điện tử (ESC)|Có||https://vinfastnamtuliem.vn/wp-content/uploads/2025/02/VF7_Brochure_T062025.pdf
VF 7|PlusCaptain||safety|An toàn|tcs|Kiểm soát lực kéo (TCS)|Có||https://vinfastnamtuliem.vn/wp-content/uploads/2025/02/VF7_Brochure_T062025.pdf
VF 7|PlusCaptain||safety|An toàn|hsa|Hỗ trợ khởi hành ngang dốc (HSA)|Có||https://vinfastnamtuliem.vn/wp-content/uploads/2025/02/VF7_Brochure_T062025.pdf
VF 7|PlusCaptain||safety|An toàn|rollover_mitigation|Chức năng chống lật ROM|Có||https://vinfastnamtuliem.vn/wp-content/uploads/2025/02/VF7_Brochure_T062025.pdf
VF 7|PlusCaptain||safety|An toàn|tpms|Giám sát áp suất lốp|Có||https://vinfastnamtuliem.vn/wp-content/uploads/2025/02/VF7_Brochure_T062025.pdf
VF 7|PlusCaptain||adas|Hỗ trợ lái nâng cao (ADAS)|blind_spot_warning|Cảnh báo điểm mù|Có||https://vinfastnamtuliem.vn/wp-content/uploads/2025/02/VF7_Brochure_T062025.pdf
VF 7|PlusCaptain||adas|Hỗ trợ lái nâng cao (ADAS)|rear_cross_traffic_alert|Cảnh báo phương tiện cắt ngang phía sau|Có||https://vinfastnamtuliem.vn/wp-content/uploads/2025/02/VF7_Brochure_T062025.pdf
VF 7|PlusCaptain||adas|Hỗ trợ lái nâng cao (ADAS)|door_open_warning|Cảnh báo mở cửa|Có||https://vinfastnamtuliem.vn/wp-content/uploads/2025/02/VF7_Brochure_T062025.pdf
VF 7|PlusCaptain||adas|Hỗ trợ lái nâng cao (ADAS)|auto_lane_change|Hỗ trợ tự động chuyển làn|Có||https://vinfastnamtuliem.vn/wp-content/uploads/2025/02/VF7_Brochure_T062025.pdf
VF 7|PlusCaptain||adas|Hỗ trợ lái nâng cao (ADAS)|lane_centering|Kiểm soát đi giữa làn|Có||https://vinfastnamtuliem.vn/wp-content/uploads/2025/02/VF7_Brochure_T062025.pdf
VF 7|PlusCaptain||adas|Hỗ trợ lái nâng cao (ADAS)|lane_departure_warning|Cảnh báo chệch làn|Có||https://vinfastnamtuliem.vn/wp-content/uploads/2025/02/VF7_Brochure_T062025.pdf
VF 7|PlusCaptain||adas|Hỗ trợ lái nâng cao (ADAS)|lane_keep_assist|Hỗ trợ giữ làn|Có||https://vinfastnamtuliem.vn/wp-content/uploads/2025/02/VF7_Brochure_T062025.pdf
VF 7|PlusCaptain||adas|Hỗ trợ lái nâng cao (ADAS)|cruise_control_type|Kiểm soát hành trình|Thích ứng||https://vinfastnamtuliem.vn/wp-content/uploads/2025/02/VF7_Brochure_T062025.pdf
VF 7|PlusCaptain||adas|Hỗ trợ lái nâng cao (ADAS)|traffic_sign_recognition|Nhận biết biển báo giao thông|Có||https://vinfastnamtuliem.vn/wp-content/uploads/2025/02/VF7_Brochure_T062025.pdf
VF 7|PlusCaptain||adas|Hỗ trợ lái nâng cao (ADAS)|adaptive_cruise_control|Điều chỉnh tốc độ thông minh|Có||https://vinfastnamtuliem.vn/wp-content/uploads/2025/02/VF7_Brochure_T062025.pdf
VF 7|PlusCaptain||adas|Hỗ trợ lái nâng cao (ADAS)|aeb_front_rear|Phanh tự động khẩn cấp trước/sau|Có||https://vinfastnamtuliem.vn/wp-content/uploads/2025/02/VF7_Brochure_T062025.pdf
VF 7|PlusCaptain||adas|Hỗ trợ lái nâng cao (ADAS)|rear_parking_assist|Hỗ trợ đỗ xe phía sau|Có||https://vinfastnamtuliem.vn/wp-content/uploads/2025/02/VF7_Brochure_T062025.pdf
VF 7|PlusCaptain||adas|Hỗ trợ lái nâng cao (ADAS)|rearview_camera|Camera lùi|Có||https://vinfastnamtuliem.vn/wp-content/uploads/2025/02/VF7_Brochure_T062025.pdf
VF 7|PlusCaptain||adas|Hỗ trợ lái nâng cao (ADAS)|surround_view_camera|Camera 360° / giám sát xung quanh|Có||https://vinfastnamtuliem.vn/wp-content/uploads/2025/02/VF7_Brochure_T062025.pdf
VF 7|PlusCaptain||security|An ninh|anti_theft_alarm|Cảnh báo chống trộm|Có||https://vinfastnamtuliem.vn/wp-content/uploads/2025/02/VF7_Brochure_T062025.pdf
VF 7|PlusCaptain||security|An ninh|immobilizer|Khoá động cơ khi có trộm|Có||https://vinfastnamtuliem.vn/wp-content/uploads/2025/02/VF7_Brochure_T062025.pdf
VF 7|PlusCaptain||safety|An toàn|isofix|Móc cố định ghế trẻ em ISOFIX|Có||https://vinfastnamtuliem.vn/wp-content/uploads/2025/02/VF7_Brochure_T062025.pdf
VF 7|PlusCaptain||infotainment|Giải trí & kết nối|special_operation_modes|Chế độ vận hành đặc biệt|Có||https://vinfastnamtuliem.vn/wp-content/uploads/2025/02/VF7_Brochure_T062025.pdf
VF 7|PlusCaptain||infotainment|Giải trí & kết nối|activity_limits|Giới hạn thời gian hoạt động & khu vực hoạt động|Có||https://vinfastnamtuliem.vn/wp-content/uploads/2025/02/VF7_Brochure_T062025.pdf
VF 7|PlusCaptain||infotainment|Giải trí & kết nối|online_entertainment|Giải trí trực tuyến|Có||https://vinfastnamtuliem.vn/wp-content/uploads/2025/02/VF7_Brochure_T062025.pdf
VF 7|PlusCaptain||infotainment|Giải trí & kết nối|navigation|Điều hướng & dẫn đường|Có||https://vinfastnamtuliem.vn/wp-content/uploads/2025/02/VF7_Brochure_T062025.pdf
VF 7|PlusCaptain||infotainment|Giải trí & kết nối|gaming|Trò chơi|Có||https://vinfastnamtuliem.vn/wp-content/uploads/2025/02/VF7_Brochure_T062025.pdf
VF 7|PlusCaptain||infotainment|Giải trí & kết nối|web_browser|Trình duyệt web|Có||https://vinfastnamtuliem.vn/wp-content/uploads/2025/02/VF7_Brochure_T062025.pdf
VF 7|PlusCaptain||infotainment|Giải trí & kết nối|self_diagnosis|Tự chẩn đoán lỗi|Có||https://vinfastnamtuliem.vn/wp-content/uploads/2025/02/VF7_Brochure_T062025.pdf
VF 7|PlusCaptain||infotainment|Giải trí & kết nối|ota_update|Cập nhật phần mềm từ xa|Có||https://vinfastnamtuliem.vn/wp-content/uploads/2025/02/VF7_Brochure_T062025.pdf
VF 7|PlusCaptain||infotainment|Giải trí & kết nối|voice_control|Điều khiển chức năng xe bằng giọng nói|Có||https://vinfastnamtuliem.vn/wp-content/uploads/2025/02/VF7_Brochure_T062025.pdf
VF 7|PlusCaptain||infotainment|Giải trí & kết nối|voice_search|Hỏi đáp & tìm kiếm thông tin cơ bản|Có||https://vinfastnamtuliem.vn/wp-content/uploads/2025/02/VF7_Brochure_T062025.pdf
VF 7|PlusCaptain||infotainment|Giải trí & kết nối|phone_app|Ứng dụng điện thoại|Có||https://vinfastnamtuliem.vn/wp-content/uploads/2025/02/VF7_Brochure_T062025.pdf
VF 7|Plus_AWD_PanoramicRoof||dimension|Kích thước & trọng lượng|length_mm|Chiều dài tổng thể|4545|mm|https://vinfastnamtuliem.vn/wp-content/uploads/2025/02/VF7_Brochure_T062025.pdf
VF 7|Plus_AWD_PanoramicRoof||dimension|Kích thước & trọng lượng|width_mm|Chiều rộng tổng thể|1890|mm|https://vinfastnamtuliem.vn/wp-content/uploads/2025/02/VF7_Brochure_T062025.pdf
VF 7|Plus_AWD_PanoramicRoof||dimension|Kích thước & trọng lượng|height_mm|Chiều cao tổng thể|1635.75|mm|https://vinfastnamtuliem.vn/wp-content/uploads/2025/02/VF7_Brochure_T062025.pdf
VF 7|Plus_AWD_PanoramicRoof||dimension|Kích thước & trọng lượng|wheelbase_mm|Chiều dài cơ sở|2,840|mm|https://vinfastnamtuliem.vn/wp-content/uploads/2025/02/VF7_Brochure_T062025.pdf
VF 7|Plus_AWD_PanoramicRoof||dimension|Kích thước & trọng lượng|ground_clearance_mm|Khoảng sáng gầm xe|190|mm|https://vinfastnamtuliem.vn/wp-content/uploads/2025/02/VF7_Brochure_T062025.pdf
VF 7|Plus_AWD_PanoramicRoof||powertrain|Hệ thống truyền động|power_kw|Công suất tối đa|260|kW|https://vinfastnamtuliem.vn/wp-content/uploads/2025/02/VF7_Brochure_T062025.pdf
VF 7|Plus_AWD_PanoramicRoof||powertrain|Hệ thống truyền động|torque_nm|Mô-men xoắn cực đại|500|Nm|https://vinfastnamtuliem.vn/wp-content/uploads/2025/02/VF7_Brochure_T062025.pdf
VF 7|Plus_AWD_PanoramicRoof||battery|Pin & sạc|range_km|Phạm vi di chuyển|496|km|https://vinfastnamtuliem.vn/wp-content/uploads/2025/02/VF7_Brochure_T062025.pdf
VF 7|Plus_AWD_PanoramicRoof||battery|Pin & sạc|battery_kwh|Dung lượng pin khả dụng|75,6|kWh|https://vinfastnamtuliem.vn/wp-content/uploads/2025/02/VF7_Brochure_T062025.pdf
VF 7|Plus_AWD_PanoramicRoof||powertrain|Hệ thống truyền động|mobile_charger_type|Dây sạc di động|Phụ kiện (AFS 3,5 kW)||https://vinfastnamtuliem.vn/wp-content/uploads/2025/02/VF7_Brochure_T062025.pdf
VF 7|Plus_AWD_PanoramicRoof||powertrain|Hệ thống truyền động|home_charger_type|Bộ sạc tại nhà|Phụ kiện (AFS 7,4 kW)||https://vinfastnamtuliem.vn/wp-content/uploads/2025/02/VF7_Brochure_T062025.pdf
VF 7|Plus_AWD_PanoramicRoof||battery|Pin & sạc|fast_charge_min|Thời gian nạp pin nhanh nhất|28.15 phút (từ 10% - 70%)|phút|https://vinfastnamtuliem.vn/wp-content/uploads/2025/02/VF7_Brochure_T062025.pdf
VF 7|Plus_AWD_PanoramicRoof||powertrain|Hệ thống truyền động|drivetrain|Dẫn động|Hai cầu (AWD)||https://vinfastnamtuliem.vn/wp-content/uploads/2025/02/VF7_Brochure_T062025.pdf
VF 7|Plus_AWD_PanoramicRoof||powertrain|Hệ thống truyền động|drive_modes|Chế độ lái|Eco/ Normal/ Sport||https://vinfastnamtuliem.vn/wp-content/uploads/2025/02/VF7_Brochure_T062025.pdf
VF 7|Plus_AWD_PanoramicRoof||exterior|Ngoại thất|wheel_size_inch|Kích thước la-zăng|20 inch|inch|https://vinfastnamtuliem.vn/wp-content/uploads/2025/02/VF7_Brochure_T062025.pdf
VF 7|Plus_AWD_PanoramicRoof||chassis|Khung gầm & hệ thống treo|front_suspension_type|Hệ thống treo trước|Độc lập, MacPherson||https://vinfastnamtuliem.vn/wp-content/uploads/2025/02/VF7_Brochure_T062025.pdf
VF 7|Plus_AWD_PanoramicRoof||chassis|Khung gầm & hệ thống treo|rear_suspension_type|Hệ thống treo sau|Thanh điều hướng đa điểm||https://vinfastnamtuliem.vn/wp-content/uploads/2025/02/VF7_Brochure_T062025.pdf
VF 7|Plus_AWD_PanoramicRoof||exterior|Ngoại thất|headlight_type|Đèn chiếu sáng phía trước|LED||https://vinfastnamtuliem.vn/wp-content/uploads/2025/02/VF7_Brochure_T062025.pdf
VF 7|Plus_AWD_PanoramicRoof||exterior|Ngoại thất|auto_headlights|Đèn pha tự động|Có||https://vinfastnamtuliem.vn/wp-content/uploads/2025/02/VF7_Brochure_T062025.pdf
VF 7|Plus_AWD_PanoramicRoof||exterior|Ngoại thất|drl_type|Đèn chiếu sáng ban ngày|LED||https://vinfastnamtuliem.vn/wp-content/uploads/2025/02/VF7_Brochure_T062025.pdf
VF 7|Plus_AWD_PanoramicRoof||exterior|Ngoại thất|auto_high_beam|Tự động bật/tắt chế độ chiếu xa|Có||https://vinfastnamtuliem.vn/wp-content/uploads/2025/02/VF7_Brochure_T062025.pdf
VF 7|Plus_AWD_PanoramicRoof||exterior|Ngoại thất|tail_light_type|Đèn hậu|LED||https://vinfastnamtuliem.vn/wp-content/uploads/2025/02/VF7_Brochure_T062025.pdf
VF 7|Plus_AWD_PanoramicRoof||exterior|Ngoại thất|rearview_mirror_type|Gương chiếu hậu|Có||https://vinfastnamtuliem.vn/wp-content/uploads/2025/02/VF7_Brochure_T062025.pdf
VF 7|Plus_AWD_PanoramicRoof||exterior|Ngoại thất|auto_wiper|Gạt mưa trước tự động|Có||https://vinfastnamtuliem.vn/wp-content/uploads/2025/02/VF7_Brochure_T062025.pdf
VF 7|Plus_AWD_PanoramicRoof||exterior|Ngoại thất|smart_key|Chìa khóa thông minh|Có||https://vinfastnamtuliem.vn/wp-content/uploads/2025/02/VF7_Brochure_T062025.pdf
VF 7|Plus_AWD_PanoramicRoof||exterior|Ngoại thất|trunk_lid_type|Điều chỉnh cốp sau|Chỉnh điện||https://vinfastnamtuliem.vn/wp-content/uploads/2025/02/VF7_Brochure_T062025.pdf
VF 7|Plus_AWD_PanoramicRoof||exterior|Ngoại thất|door_handle_type|Tay nắm cửa|Dạng ẩn||https://vinfastnamtuliem.vn/wp-content/uploads/2025/02/VF7_Brochure_T062025.pdf
VF 7|Plus_AWD_PanoramicRoof||interior|Nội thất|ac_type|Hệ thống điều hòa|Tự động, 2 vùng||https://vinfastnamtuliem.vn/wp-content/uploads/2025/02/VF7_Brochure_T062025.pdf
VF 7|Plus_AWD_PanoramicRoof||interior|Nội thất|cabin_air_filter|Lọc không khí Cabin|Có||https://vinfastnamtuliem.vn/wp-content/uploads/2025/02/VF7_Brochure_T062025.pdf
VF 7|Plus_AWD_PanoramicRoof||interior|Nội thất|rear_ac_vents|Ống thông gió dưới chân hành khách sau|Có||https://vinfastnamtuliem.vn/wp-content/uploads/2025/02/VF7_Brochure_T062025.pdf
VF 7|Plus_AWD_PanoramicRoof||interior|Nội thất|head_up_display|Màn hình hiển thị HUD|Có||https://vinfastnamtuliem.vn/wp-content/uploads/2025/02/VF7_Brochure_T062025.pdf
VF 7|Plus_AWD_PanoramicRoof||interior|Nội thất|display_inch|Màn hình giải trí cảm ứng|12,9 inch|inch|https://vinfastnamtuliem.vn/wp-content/uploads/2025/02/VF7_Brochure_T062025.pdf
VF 7|Plus_AWD_PanoramicRoof||infotainment|Giải trí & kết nối|smartphone_integration|Kết nối Android Auto / Apple CarPlay|Có||https://vinfastnamtuliem.vn/wp-content/uploads/2025/02/VF7_Brochure_T062025.pdf
VF 7|Plus_AWD_PanoramicRoof||interior|Nội thất|speakers|Hệ thống loa|8|số lượng|https://vinfastnamtuliem.vn/wp-content/uploads/2025/02/VF7_Brochure_T062025.pdf
VF 7|Plus_AWD_PanoramicRoof||interior|Nội thất|wireless_charging|Sạc không dây|Có||https://vinfastnamtuliem.vn/wp-content/uploads/2025/02/VF7_Brochure_T062025.pdf
VF 7|Plus_AWD_PanoramicRoof||interior|Nội thất|driver_seat_type|Ghế lái|Chỉnh điện 8 hướng||https://vinfastnamtuliem.vn/wp-content/uploads/2025/02/VF7_Brochure_T062025.pdf
VF 7|Plus_AWD_PanoramicRoof||interior|Nội thất|seat_material_type|Chất liệu bọc ghế|Da nhân tạo cao cấp||https://vinfastnamtuliem.vn/wp-content/uploads/2025/02/VF7_Brochure_T062025.pdf
VF 7|Plus_AWD_PanoramicRoof||exterior|Ngoại thất|one_touch_windows|Kính cửa sổ chỉnh điện 1 chạm|Có, lên/xuống một chạm tất cả các vị trí||https://vinfastnamtuliem.vn/wp-content/uploads/2025/02/VF7_Brochure_T062025.pdf
VF 7|Plus_AWD_PanoramicRoof||convenience|Tiện nghi|epb_auto_hold|Phanh đỗ điện tử & giữ phanh tự động|Có||https://vinfastnamtuliem.vn/wp-content/uploads/2025/02/VF7_Brochure_T062025.pdf
VF 7|Plus_AWD_PanoramicRoof||interior|Nội thất|interior_mirror_type|Gương chiếu hậu trong xe|Chống chói tự động||https://vinfastnamtuliem.vn/wp-content/uploads/2025/02/VF7_Brochure_T062025.pdf
VF 7|Plus_AWD_PanoramicRoof||safety|An toàn|airbags|Túi khí|8||https://vinfastnamtuliem.vn/wp-content/uploads/2025/02/VF7_Brochure_T062025.pdf
VF 7|Plus_AWD_PanoramicRoof||safety|An toàn|abs|Chống bó cứng phanh (ABS)|Có||https://vinfastnamtuliem.vn/wp-content/uploads/2025/02/VF7_Brochure_T062025.pdf
VF 7|Plus_AWD_PanoramicRoof||safety|An toàn|ebd|Phân phối lực phanh điện tử (EBD)|Có||https://vinfastnamtuliem.vn/wp-content/uploads/2025/02/VF7_Brochure_T062025.pdf
VF 7|Plus_AWD_PanoramicRoof||safety|An toàn|brake_assist|Hỗ trợ phanh khẩn cấp (BA)|Có||https://vinfastnamtuliem.vn/wp-content/uploads/2025/02/VF7_Brochure_T062025.pdf
VF 7|Plus_AWD_PanoramicRoof||safety|An toàn|esc|Cân bằng điện tử (ESC)|Có||https://vinfastnamtuliem.vn/wp-content/uploads/2025/02/VF7_Brochure_T062025.pdf
VF 7|Plus_AWD_PanoramicRoof||safety|An toàn|tcs|Kiểm soát lực kéo (TCS)|Có||https://vinfastnamtuliem.vn/wp-content/uploads/2025/02/VF7_Brochure_T062025.pdf
VF 7|Plus_AWD_PanoramicRoof||safety|An toàn|hsa|Hỗ trợ khởi hành ngang dốc (HSA)|Có||https://vinfastnamtuliem.vn/wp-content/uploads/2025/02/VF7_Brochure_T062025.pdf
VF 7|Plus_AWD_PanoramicRoof||safety|An toàn|rollover_mitigation|Chức năng chống lật ROM|Có||https://vinfastnamtuliem.vn/wp-content/uploads/2025/02/VF7_Brochure_T062025.pdf
VF 7|Plus_AWD_PanoramicRoof||safety|An toàn|tpms|Giám sát áp suất lốp|Có||https://vinfastnamtuliem.vn/wp-content/uploads/2025/02/VF7_Brochure_T062025.pdf
VF 7|Plus_AWD_PanoramicRoof||adas|Hỗ trợ lái nâng cao (ADAS)|blind_spot_warning|Cảnh báo điểm mù|Có||https://vinfastnamtuliem.vn/wp-content/uploads/2025/02/VF7_Brochure_T062025.pdf
VF 7|Plus_AWD_PanoramicRoof||adas|Hỗ trợ lái nâng cao (ADAS)|rear_cross_traffic_alert|Cảnh báo phương tiện cắt ngang phía sau|Có||https://vinfastnamtuliem.vn/wp-content/uploads/2025/02/VF7_Brochure_T062025.pdf
VF 7|Plus_AWD_PanoramicRoof||adas|Hỗ trợ lái nâng cao (ADAS)|door_open_warning|Cảnh báo mở cửa|Có||https://vinfastnamtuliem.vn/wp-content/uploads/2025/02/VF7_Brochure_T062025.pdf
VF 7|Plus_AWD_PanoramicRoof||adas|Hỗ trợ lái nâng cao (ADAS)|auto_lane_change|Hỗ trợ tự động chuyển làn|Có||https://vinfastnamtuliem.vn/wp-content/uploads/2025/02/VF7_Brochure_T062025.pdf
VF 7|Plus_AWD_PanoramicRoof||adas|Hỗ trợ lái nâng cao (ADAS)|lane_centering|Kiểm soát đi giữa làn|Có||https://vinfastnamtuliem.vn/wp-content/uploads/2025/02/VF7_Brochure_T062025.pdf
VF 7|Plus_AWD_PanoramicRoof||adas|Hỗ trợ lái nâng cao (ADAS)|lane_departure_warning|Cảnh báo chệch làn|Có||https://vinfastnamtuliem.vn/wp-content/uploads/2025/02/VF7_Brochure_T062025.pdf
VF 7|Plus_AWD_PanoramicRoof||adas|Hỗ trợ lái nâng cao (ADAS)|lane_keep_assist|Hỗ trợ giữ làn|Có||https://vinfastnamtuliem.vn/wp-content/uploads/2025/02/VF7_Brochure_T062025.pdf
VF 7|Plus_AWD_PanoramicRoof||adas|Hỗ trợ lái nâng cao (ADAS)|cruise_control_type|Kiểm soát hành trình|Thích ứng||https://vinfastnamtuliem.vn/wp-content/uploads/2025/02/VF7_Brochure_T062025.pdf
VF 7|Plus_AWD_PanoramicRoof||adas|Hỗ trợ lái nâng cao (ADAS)|traffic_sign_recognition|Nhận biết biển báo giao thông|Có||https://vinfastnamtuliem.vn/wp-content/uploads/2025/02/VF7_Brochure_T062025.pdf
VF 7|Plus_AWD_PanoramicRoof||adas|Hỗ trợ lái nâng cao (ADAS)|adaptive_cruise_control|Điều chỉnh tốc độ thông minh|Có||https://vinfastnamtuliem.vn/wp-content/uploads/2025/02/VF7_Brochure_T062025.pdf
VF 7|Plus_AWD_PanoramicRoof||adas|Hỗ trợ lái nâng cao (ADAS)|aeb_front_rear|Phanh tự động khẩn cấp trước/sau|Có||https://vinfastnamtuliem.vn/wp-content/uploads/2025/02/VF7_Brochure_T062025.pdf
VF 7|Plus_AWD_PanoramicRoof||adas|Hỗ trợ lái nâng cao (ADAS)|rear_parking_assist|Hỗ trợ đỗ xe phía sau|Có||https://vinfastnamtuliem.vn/wp-content/uploads/2025/02/VF7_Brochure_T062025.pdf
VF 7|Plus_AWD_PanoramicRoof||adas|Hỗ trợ lái nâng cao (ADAS)|rearview_camera|Camera lùi|Có||https://vinfastnamtuliem.vn/wp-content/uploads/2025/02/VF7_Brochure_T062025.pdf
VF 7|Plus_AWD_PanoramicRoof||adas|Hỗ trợ lái nâng cao (ADAS)|surround_view_camera|Camera 360° / giám sát xung quanh|Có||https://vinfastnamtuliem.vn/wp-content/uploads/2025/02/VF7_Brochure_T062025.pdf
VF 7|Plus_AWD_PanoramicRoof||security|An ninh|anti_theft_alarm|Cảnh báo chống trộm|Có||https://vinfastnamtuliem.vn/wp-content/uploads/2025/02/VF7_Brochure_T062025.pdf
VF 7|Plus_AWD_PanoramicRoof||security|An ninh|immobilizer|Khoá động cơ khi có trộm|Có||https://vinfastnamtuliem.vn/wp-content/uploads/2025/02/VF7_Brochure_T062025.pdf
VF 7|Plus_AWD_PanoramicRoof||safety|An toàn|isofix|Móc cố định ghế trẻ em ISOFIX|Có||https://vinfastnamtuliem.vn/wp-content/uploads/2025/02/VF7_Brochure_T062025.pdf
VF 7|Plus_AWD_PanoramicRoof||infotainment|Giải trí & kết nối|special_operation_modes|Chế độ vận hành đặc biệt|Có||https://vinfastnamtuliem.vn/wp-content/uploads/2025/02/VF7_Brochure_T062025.pdf
VF 7|Plus_AWD_PanoramicRoof||infotainment|Giải trí & kết nối|activity_limits|Giới hạn thời gian hoạt động & khu vực hoạt động|Có||https://vinfastnamtuliem.vn/wp-content/uploads/2025/02/VF7_Brochure_T062025.pdf
VF 7|Plus_AWD_PanoramicRoof||infotainment|Giải trí & kết nối|online_entertainment|Giải trí trực tuyến|Có||https://vinfastnamtuliem.vn/wp-content/uploads/2025/02/VF7_Brochure_T062025.pdf
VF 7|Plus_AWD_PanoramicRoof||infotainment|Giải trí & kết nối|navigation|Điều hướng & dẫn đường|Có||https://vinfastnamtuliem.vn/wp-content/uploads/2025/02/VF7_Brochure_T062025.pdf
VF 7|Plus_AWD_PanoramicRoof||infotainment|Giải trí & kết nối|gaming|Trò chơi|Có||https://vinfastnamtuliem.vn/wp-content/uploads/2025/02/VF7_Brochure_T062025.pdf
VF 7|Plus_AWD_PanoramicRoof||infotainment|Giải trí & kết nối|web_browser|Trình duyệt web|Có||https://vinfastnamtuliem.vn/wp-content/uploads/2025/02/VF7_Brochure_T062025.pdf
VF 7|Plus_AWD_PanoramicRoof||infotainment|Giải trí & kết nối|self_diagnosis|Tự chẩn đoán lỗi|Có||https://vinfastnamtuliem.vn/wp-content/uploads/2025/02/VF7_Brochure_T062025.pdf
VF 7|Plus_AWD_PanoramicRoof||infotainment|Giải trí & kết nối|ota_update|Cập nhật phần mềm từ xa|Có||https://vinfastnamtuliem.vn/wp-content/uploads/2025/02/VF7_Brochure_T062025.pdf
VF 7|Plus_AWD_PanoramicRoof||infotainment|Giải trí & kết nối|voice_control|Điều khiển chức năng xe bằng giọng nói|Có||https://vinfastnamtuliem.vn/wp-content/uploads/2025/02/VF7_Brochure_T062025.pdf
VF 7|Plus_AWD_PanoramicRoof||infotainment|Giải trí & kết nối|voice_search|Hỏi đáp & tìm kiếm thông tin cơ bản|Có||https://vinfastnamtuliem.vn/wp-content/uploads/2025/02/VF7_Brochure_T062025.pdf
VF 7|Plus_AWD_PanoramicRoof||infotainment|Giải trí & kết nối|phone_app|Ứng dụng điện thoại|Có||https://vinfastnamtuliem.vn/wp-content/uploads/2025/02/VF7_Brochure_T062025.pdf
VF 9|PlusCaptain||dimension|Kích thước & trọng lượng|wheelbase_mm|Chiều dài cơ sở|3.149|mm|https://storage.googleapis.com/vinfast-data-01/brochure/VF%209_%20Brochure.pdf
VF 9|PlusCaptain||dimension|Kích thước & trọng lượng|length_mm|Chiều dài tổng thể|5119|mm|https://storage.googleapis.com/vinfast-data-01/brochure/VF%209_%20Brochure.pdf
VF 9|PlusCaptain||dimension|Kích thước & trọng lượng|width_mm|Chiều rộng tổng thể|2254|mm|https://storage.googleapis.com/vinfast-data-01/brochure/VF%209_%20Brochure.pdf
VF 9|PlusCaptain||dimension|Kích thước & trọng lượng|height_mm|Chiều cao tổng thể|1697|mm|https://storage.googleapis.com/vinfast-data-01/brochure/VF%209_%20Brochure.pdf
VF 9|PlusCaptain||dimension|Kích thước & trọng lượng|ground_clearance_mm|Khoảng sáng gầm xe|184|mm|https://storage.googleapis.com/vinfast-data-01/brochure/VF%209_%20Brochure.pdf
VF 9|PlusCaptain||dimension|Kích thước & trọng lượng|trunk_capacity|Dung tích khoang hành lý|212|L|https://storage.googleapis.com/vinfast-data-01/brochure/VF%209_%20Brochure.pdf
VF 9|PlusCaptain||dimension|Kích thước & trọng lượng|frunk_capacity_l|Dung tích khoang hành lý phía trước|100|L|https://storage.googleapis.com/vinfast-data-01/brochure/VF%209_%20Brochure.pdf
VF 9|PlusCaptain||dimension|Kích thước & trọng lượng|curb_weight_kg|Trọng lượng không tải|7 chỗ: 2.968 6 chỗ: 2.932|kg|https://storage.googleapis.com/vinfast-data-01/brochure/VF%209_%20Brochure.pdf
VF 9|PlusCaptain||dimension|Kích thước & trọng lượng|payload_kg|Tải trọng / Sức chứa|7 chỗ: 550 6 chỗ: 475|kg|https://storage.googleapis.com/vinfast-data-01/brochure/VF%209_%20Brochure.pdf
VF 9|PlusCaptain||dimension|Kích thước & trọng lượng|roof_load_kg|Tải trọng hành lý nóc xe|75|kg|https://storage.googleapis.com/vinfast-data-01/brochure/VF%209_%20Brochure.pdf
VF 9|PlusCaptain||powertrain|Hệ thống truyền động|motor_configuration|Cấu hình động cơ|2 motor 150 kW||https://storage.googleapis.com/vinfast-data-01/brochure/VF%209_%20Brochure.pdf
VF 9|PlusCaptain||powertrain|Hệ thống truyền động|power_kw|Công suất tối đa|402/300|kW|https://storage.googleapis.com/vinfast-data-01/brochure/VF%209_%20Brochure.pdf
VF 9|PlusCaptain||powertrain|Hệ thống truyền động|torque_nm|Mô-men xoắn cực đại|620|Nm|https://storage.googleapis.com/vinfast-data-01/brochure/VF%209_%20Brochure.pdf
VF 9|PlusCaptain||powertrain|Hệ thống truyền động|top_speed_kmh|Tốc độ tối đa|200|km/h|https://storage.googleapis.com/vinfast-data-01/brochure/VF%209_%20Brochure.pdf
VF 9|PlusCaptain||battery|Pin & sạc|battery_type|Loại pin|CATL||https://storage.googleapis.com/vinfast-data-01/brochure/VF%209_%20Brochure.pdf
VF 9|PlusCaptain||battery|Pin & sạc|battery_kwh|Dung lượng pin khả dụng|123|kWh|https://storage.googleapis.com/vinfast-data-01/brochure/VF%209_%20Brochure.pdf
VF 9|PlusCaptain||battery|Pin & sạc|range_km|Phạm vi di chuyển|602|km|https://storage.googleapis.com/vinfast-data-01/brochure/VF%209_%20Brochure.pdf
VF 9|PlusCaptain||battery|Pin & sạc|ac_charge_power_kw|Công suất sạc AC tối đa|6,6 kW 1 pha, 11 kW 3 pha|kW|https://storage.googleapis.com/vinfast-data-01/brochure/VF%209_%20Brochure.pdf
VF 9|PlusCaptain||powertrain|Hệ thống truyền động|regenerative_braking|Hệ thống phanh tái sinh|Có (Tắt, Thấp, Trung bình, Cao)||https://storage.googleapis.com/vinfast-data-01/brochure/VF%209_%20Brochure.pdf
VF 9|PlusCaptain||battery|Pin & sạc|fast_charge_min|Thời gian nạp pin nhanh nhất|35 phút (10 - 70%)|phút|https://storage.googleapis.com/vinfast-data-01/brochure/VF%209_%20Brochure.pdf
VF 9|PlusCaptain||powertrain|Hệ thống truyền động|gear_shift_type|Cách chuyển số|Nút bấm||https://storage.googleapis.com/vinfast-data-01/brochure/VF%209_%20Brochure.pdf
VF 9|PlusCaptain||powertrain|Hệ thống truyền động|drivetrain|Dẫn động|AWD/2 cầu toàn thời gian||https://storage.googleapis.com/vinfast-data-01/brochure/VF%209_%20Brochure.pdf
VF 9|PlusCaptain||powertrain|Hệ thống truyền động|drive_modes|Chế độ lái|Eco/Normal/Sport||https://storage.googleapis.com/vinfast-data-01/brochure/VF%209_%20Brochure.pdf
VF 9|PlusCaptain||powertrain|Hệ thống truyền động|creep_mode|Chế độ thay đổi tốc độ đến dừng|Có||https://storage.googleapis.com/vinfast-data-01/brochure/VF%209_%20Brochure.pdf
VF 9|PlusCaptain||chassis|Khung gầm & hệ thống treo|front_suspension_type|Hệ thống treo trước|Độc lập, tay đòn kép||https://storage.googleapis.com/vinfast-data-01/brochure/VF%209_%20Brochure.pdf
VF 9|PlusCaptain||chassis|Khung gầm & hệ thống treo|rear_suspension_type|Hệ thống treo sau|Liên kết đa điểm, giảm chấn khí nén||https://storage.googleapis.com/vinfast-data-01/brochure/VF%209_%20Brochure.pdf
VF 9|PlusCaptain||chassis|Khung gầm & hệ thống treo|front_brake_type|Phanh trước|Đĩa thông gió||https://storage.googleapis.com/vinfast-data-01/brochure/VF%209_%20Brochure.pdf
VF 9|PlusCaptain||chassis|Khung gầm & hệ thống treo|rear_brake_type|Phanh sau|Đĩa thông gió||https://storage.googleapis.com/vinfast-data-01/brochure/VF%209_%20Brochure.pdf
VF 9|PlusCaptain||exterior|Ngoại thất|wheel_size_inch|Kích thước la-zăng|21 Inch|inch|https://storage.googleapis.com/vinfast-data-01/brochure/VF%209_%20Brochure.pdf
VF 9|PlusCaptain||exterior|Ngoại thất|wheel_type|Loại la-zăng|Hợp kim||https://storage.googleapis.com/vinfast-data-01/brochure/VF%209_%20Brochure.pdf
VF 9|PlusCaptain||exterior|Ngoại thất|headlight_type|Đèn chiếu sáng phía trước|LED Matrix||https://storage.googleapis.com/vinfast-data-01/brochure/VF%209_%20Brochure.pdf
VF 9|PlusCaptain||exterior|Ngoại thất|daytime_running_light|Đèn chờ dẫn đường|Có||https://storage.googleapis.com/vinfast-data-01/brochure/VF%209_%20Brochure.pdf
VF 9|PlusCaptain||exterior|Ngoại thất|auto_headlights|Đèn pha tự động|Có||https://storage.googleapis.com/vinfast-data-01/brochure/VF%209_%20Brochure.pdf
VF 9|PlusCaptain||exterior|Ngoại thất|adaptive_headlights|Đèn pha tự động / thích ứng|Có||https://storage.googleapis.com/vinfast-data-01/brochure/VF%209_%20Brochure.pdf
VF 9|PlusCaptain||exterior|Ngoại thất|cornering_light|Đèn chiếu góc|Có||https://storage.googleapis.com/vinfast-data-01/brochure/VF%209_%20Brochure.pdf
VF 9|PlusCaptain||exterior|Ngoại thất|drl_type|Đèn chiếu sáng ban ngày|LED||https://storage.googleapis.com/vinfast-data-01/brochure/VF%209_%20Brochure.pdf
VF 9|PlusCaptain||exterior|Ngoại thất|position_light|Đèn định vị|LED, tích hợp cùng đèn chiếu sáng ban ngày||https://storage.googleapis.com/vinfast-data-01/brochure/VF%209_%20Brochure.pdf
VF 9|PlusCaptain||exterior|Ngoại thất|welcome_light|Đèn chào mừng|Có||https://storage.googleapis.com/vinfast-data-01/brochure/VF%209_%20Brochure.pdf
VF 9|PlusCaptain||exterior|Ngoại thất|rearview_mirror_type|Gương chiếu hậu|Có||https://storage.googleapis.com/vinfast-data-01/brochure/VF%209_%20Brochure.pdf
VF 9|PlusCaptain||exterior|Ngoại thất|door_opening_mechanism|Cơ chế mở cửa|Nút bấm điện||https://storage.googleapis.com/vinfast-data-01/brochure/VF%209_%20Brochure.pdf
VF 9|PlusCaptain||exterior|Ngoại thất|power_suction_doors|Cửa hít|Có||https://storage.googleapis.com/vinfast-data-01/brochure/VF%209_%20Brochure.pdf
VF 9|PlusCaptain||exterior|Ngoại thất|window_type|Kiểu cửa sổ|Hàng ghế trước: kính cách âm 2 lớp. Hàng ghế sau: kính 1 lớp||https://storage.googleapis.com/vinfast-data-01/brochure/VF%209_%20Brochure.pdf
VF 9|PlusCaptain||exterior|Ngoại thất|privacy_glass|Kính cửa sổ màu đen (riêng tư)|Kính đen mờ||https://storage.googleapis.com/vinfast-data-01/brochure/VF%209_%20Brochure.pdf
VF 9|PlusCaptain||exterior|Ngoại thất|one_touch_windows|Kính cửa sổ chỉnh điện 1 chạm|4 cửa||https://storage.googleapis.com/vinfast-data-01/brochure/VF%209_%20Brochure.pdf
VF 9|PlusCaptain||exterior|Ngoại thất|puddle_light|Đèn chiếu sáng khi mở cửa|Có (Chiếu hình logo)||https://storage.googleapis.com/vinfast-data-01/brochure/VF%209_%20Brochure.pdf
VF 9|PlusCaptain||exterior|Ngoại thất|trunk_lid_type|Điều chỉnh cốp sau|Chỉnh điện||https://storage.googleapis.com/vinfast-data-01/brochure/VF%209_%20Brochure.pdf
VF 9|PlusCaptain||exterior|Ngoại thất|kick_sensor_trunk|Đóng/mở cốp đá chân|Có||https://storage.googleapis.com/vinfast-data-01/brochure/VF%209_%20Brochure.pdf
VF 9|PlusCaptain||exterior|Ngoại thất|logo_light|Đèn chiếu logo mặt đường|Có||https://storage.googleapis.com/vinfast-data-01/brochure/VF%209_%20Brochure.pdf
VF 9|PlusCaptain||interior|Nội thất|seats|Số ghế ngồi|7 hoặc 6||https://storage.googleapis.com/vinfast-data-01/brochure/VF%209_%20Brochure.pdf
VF 9|PlusCaptain||interior|Nội thất|seat_material_type|Chất liệu bọc ghế|Da nhân tạo cao cấp||https://storage.googleapis.com/vinfast-data-01/brochure/VF%209_%20Brochure.pdf
VF 9|PlusCaptain||interior|Nội thất|driver_seat_type|Ghế lái|Chỉnh điện 12 hướng||https://storage.googleapis.com/vinfast-data-01/brochure/VF%209_%20Brochure.pdf
VF 9|PlusCaptain||interior|Nội thất|passenger_seat_type|Ghế phụ|Chỉnh điện 10 hướng||https://storage.googleapis.com/vinfast-data-01/brochure/VF%209_%20Brochure.pdf
VF 9|PlusCaptain||interior|Nội thất|second_row_adjust|Hàng ghế thứ 2 điều chỉnh hướng|Chỉnh điện 8 hướng||https://storage.googleapis.com/vinfast-data-01/brochure/VF%209_%20Brochure.pdf
VF 9|PlusCaptain||interior|Nội thất|second_row_fold|Hàng ghế thứ 2 gập tỷ lệ|40:20:40, hỗ trợ dễ vào hàng 3||https://storage.googleapis.com/vinfast-data-01/brochure/VF%209_%20Brochure.pdf
VF 9|PlusCaptain||interior|Nội thất|second_row_ventilation|Hàng ghế thứ 2 thông gió|Có||https://storage.googleapis.com/vinfast-data-01/brochure/VF%209_%20Brochure.pdf
VF 9|PlusCaptain||interior|Nội thất|second_row_heating|Hàng ghế thứ 2 sưởi|Có||https://storage.googleapis.com/vinfast-data-01/brochure/VF%209_%20Brochure.pdf
VF 9|PlusCaptain||interior|Nội thất|second_row_massage|Hàng ghế thứ 2 massage|Có||https://storage.googleapis.com/vinfast-data-01/brochure/VF%209_%20Brochure.pdf
VF 9|PlusCaptain||interior|Nội thất|vip_seat|Ghế VIP|Có, lựa chọn từ đầu khi mua xe||https://storage.googleapis.com/vinfast-data-01/brochure/VF%209_%20Brochure.pdf
VF 9|PlusCaptain||interior|Nội thất|vip_seat_power|Ghế VIP chỉnh điện|6 chỗ: Chỉnh điện 8 hướng 7 chỗ: Không||https://storage.googleapis.com/vinfast-data-01/brochure/VF%209_%20Brochure.pdf
VF 9|PlusCaptain||interior|Nội thất|rear_console_box|Hộp đồ hàng ghế sau|6 chỗ: Có, tích hợp sạc không dây 7 chỗ: Không||https://storage.googleapis.com/vinfast-data-01/brochure/VF%209_%20Brochure.pdf
VF 9|PlusCaptain||interior|Nội thất|vip_seat_massage|Ghế VIP massage|Có||https://storage.googleapis.com/vinfast-data-01/brochure/VF%209_%20Brochure.pdf
VF 9|PlusCaptain||interior|Nội thất|vip_seat_ventilation|Ghế VIP thông gió|Có||https://storage.googleapis.com/vinfast-data-01/brochure/VF%209_%20Brochure.pdf
VF 9|PlusCaptain||interior|Nội thất|vip_seat_heating|Ghế VIP sưởi|Có||https://storage.googleapis.com/vinfast-data-01/brochure/VF%209_%20Brochure.pdf
VF 9|PlusCaptain||interior|Nội thất|steering_wheel_adjust|Điều chỉnh vô lăng|Chỉnh điện 4 hướng||https://storage.googleapis.com/vinfast-data-01/brochure/VF%209_%20Brochure.pdf
VF 9|PlusCaptain||interior|Nội thất|heated_steering_wheel|Sưởi tay lái|Có||https://storage.googleapis.com/vinfast-data-01/brochure/VF%209_%20Brochure.pdf
VF 9|PlusCaptain||interior|Nội thất|steering_wheel_memory|Nhớ vị trí vô lăng|Có||https://storage.googleapis.com/vinfast-data-01/brochure/VF%209_%20Brochure.pdf
VF 9|PlusCaptain||interior|Nội thất|ac_type|Hệ thống điều hòa|Tự động, 3 vùng||https://storage.googleapis.com/vinfast-data-01/brochure/VF%209_%20Brochure.pdf
VF 9|PlusCaptain||interior|Nội thất|air_quality_control|Kiểm soát chất lượng không khí|Có||https://storage.googleapis.com/vinfast-data-01/brochure/VF%209_%20Brochure.pdf
VF 9|PlusCaptain||interior|Nội thất|air_ionizer|Ion hóa không khí|Có||https://storage.googleapis.com/vinfast-data-01/brochure/VF%209_%20Brochure.pdf
VF 9|PlusCaptain||interior|Nội thất|cabin_air_filter|Lọc không khí Cabin|Combi 1.0||https://storage.googleapis.com/vinfast-data-01/brochure/VF%209_%20Brochure.pdf
VF 9|PlusCaptain||interior|Nội thất|rear_ac_vents|Ống thông gió dưới chân hành khách sau|Có||https://storage.googleapis.com/vinfast-data-01/brochure/VF%209_%20Brochure.pdf
VF 9|PlusCaptain||interior|Nội thất|row2_ac_vents|Cửa gió điều hòa hàng ghế thứ 2|Có||https://storage.googleapis.com/vinfast-data-01/brochure/VF%209_%20Brochure.pdf
VF 9|PlusCaptain||interior|Nội thất|display_inch|Màn hình giải trí cảm ứng|15,6 Inch|inch|https://storage.googleapis.com/vinfast-data-01/brochure/VF%209_%20Brochure.pdf
VF 9|PlusCaptain||interior|Nội thất|rear_display_inch|Màn hình giải trí hàng ghế sau|8 Inch|inch|https://storage.googleapis.com/vinfast-data-01/brochure/VF%209_%20Brochure.pdf
VF 9|PlusCaptain||interior|Nội thất|head_up_display|Màn hình hiển thị HUD|Có||https://storage.googleapis.com/vinfast-data-01/brochure/VF%209_%20Brochure.pdf
VF 9|PlusCaptain||interior|Nội thất|usb_a_front|Cổng USB loại A hàng ghế lái|2||https://storage.googleapis.com/vinfast-data-01/brochure/VF%209_%20Brochure.pdf
VF 9|PlusCaptain||interior|Nội thất|usb_a_row2|Cổng USB loại A hàng ghế thứ 2|"7 chỗ: 2 | 6 chỗ: 4"||https://storage.googleapis.com/vinfast-data-01/brochure/VF%209_%20Brochure.pdf
VF 9|PlusCaptain||interior|Nội thất|usb_a_row3|Cổng USB loại A hàng ghế thứ 3|2||https://storage.googleapis.com/vinfast-data-01/brochure/VF%209_%20Brochure.pdf
VF 9|PlusCaptain||interior|Nội thất|usb_port_type_c|Cổng kết nối USB loại C|Có||https://storage.googleapis.com/vinfast-data-01/brochure/VF%209_%20Brochure.pdf
VF 9|PlusCaptain||interior|Nội thất|12v_trunk_outlet|Cổng sạc 12V khoang hành lý|Có||https://storage.googleapis.com/vinfast-data-01/brochure/VF%209_%20Brochure.pdf
VF 9|PlusCaptain||interior|Nội thất|ac_power_outlet|Ổ điện xoay chiều|230 V/150 W||https://storage.googleapis.com/vinfast-data-01/brochure/VF%209_%20Brochure.pdf
VF 9|PlusCaptain||interior|Nội thất|wireless_charging|Sạc không dây|Có||https://storage.googleapis.com/vinfast-data-01/brochure/VF%209_%20Brochure.pdf
VF 9|PlusCaptain||interior|Nội thất|speakers|Hệ thống loa|13|số lượng|https://storage.googleapis.com/vinfast-data-01/brochure/VF%209_%20Brochure.pdf
VF 9|PlusCaptain||interior|Nội thất|subwoofer|Loa trầm|1||https://storage.googleapis.com/vinfast-data-01/brochure/VF%209_%20Brochure.pdf
VF 9|PlusCaptain||interior|Nội thất|amplifier|Âm ly|Có||https://storage.googleapis.com/vinfast-data-01/brochure/VF%209_%20Brochure.pdf
VF 9|PlusCaptain||interior|Nội thất|ambient_lighting|Đèn trang trí nội thất|Có (Đa màu)||https://storage.googleapis.com/vinfast-data-01/brochure/VF%209_%20Brochure.pdf
VF 9|PlusCaptain||interior|Nội thất|glovebox_light|Đèn hộc để đồ trước|Có||https://storage.googleapis.com/vinfast-data-01/brochure/VF%209_%20Brochure.pdf
VF 9|PlusCaptain||interior|Nội thất|trunk_light|Đèn khoang hành lý|Có||https://storage.googleapis.com/vinfast-data-01/brochure/VF%209_%20Brochure.pdf
VF 9|PlusCaptain||interior|Nội thất|frunk_light|Đèn khoang hành lý trước|Có||https://storage.googleapis.com/vinfast-data-01/brochure/VF%209_%20Brochure.pdf
VF 9|PlusCaptain||interior|Nội thất|sun_visor_mirror|Tấm che nắng, có gương|Ghế lái và ghế phụ, thêm đèn||https://storage.googleapis.com/vinfast-data-01/brochure/VF%209_%20Brochure.pdf
VF 9|PlusCaptain||interior|Nội thất|parking_brake|Phanh tay|Điện tử||https://storage.googleapis.com/vinfast-data-01/brochure/VF%209_%20Brochure.pdf
VF 9|PlusCaptain||interior|Nội thất|interior_mirror_type|Gương chiếu hậu trong xe|Chống chói tự động||https://storage.googleapis.com/vinfast-data-01/brochure/VF%209_%20Brochure.pdf
VF 9|PlusCaptain||safety|An toàn|abs|Chống bó cứng phanh (ABS)|Có||https://storage.googleapis.com/vinfast-data-01/brochure/VF%209_%20Brochure.pdf
VF 9|PlusCaptain||safety|An toàn|ebd|Phân phối lực phanh điện tử (EBD)|Có||https://storage.googleapis.com/vinfast-data-01/brochure/VF%209_%20Brochure.pdf
VF 9|PlusCaptain||safety|An toàn|brake_assist|Hỗ trợ phanh khẩn cấp (BA)|Có||https://storage.googleapis.com/vinfast-data-01/brochure/VF%209_%20Brochure.pdf
VF 9|PlusCaptain||safety|An toàn|esc|Cân bằng điện tử (ESC)|Có||https://storage.googleapis.com/vinfast-data-01/brochure/VF%209_%20Brochure.pdf
VF 9|PlusCaptain||safety|An toàn|tcs|Kiểm soát lực kéo (TCS)|Có||https://storage.googleapis.com/vinfast-data-01/brochure/VF%209_%20Brochure.pdf
VF 9|PlusCaptain||safety|An toàn|hsa|Hỗ trợ khởi hành ngang dốc (HSA)|Có||https://storage.googleapis.com/vinfast-data-01/brochure/VF%209_%20Brochure.pdf
VF 9|PlusCaptain||safety|An toàn|rollover_mitigation|Chức năng chống lật ROM|Có||https://storage.googleapis.com/vinfast-data-01/brochure/VF%209_%20Brochure.pdf
VF 9|PlusCaptain||safety|An toàn|emergency_stop_signal|Đèn báo phanh khẩn cấp ESS|Có||https://storage.googleapis.com/vinfast-data-01/brochure/VF%209_%20Brochure.pdf
VF 9|PlusCaptain||safety|An toàn|tpms|Giám sát áp suất lốp|dTPMS||https://storage.googleapis.com/vinfast-data-01/brochure/VF%209_%20Brochure.pdf
VF 9|PlusCaptain||security|An ninh|anti_theft_alarm|Cảnh báo chống trộm|Có||https://storage.googleapis.com/vinfast-data-01/brochure/VF%209_%20Brochure.pdf
VF 9|PlusCaptain||safety|An toàn|emergency_call|Gọi cứu hộ tự động & hỗ trợ trên đường|Có||https://storage.googleapis.com/vinfast-data-01/brochure/VF%209_%20Brochure.pdf
VF 9|PlusCaptain||safety|An toàn|airbags|Túi khí|11||https://storage.googleapis.com/vinfast-data-01/brochure/VF%209_%20Brochure.pdf
VF 9|PlusCaptain||safety|An toàn|front_airbags|Túi khí trước|2||https://storage.googleapis.com/vinfast-data-01/brochure/VF%209_%20Brochure.pdf
VF 9|PlusCaptain||safety|An toàn|curtain_airbags|Túi khí rèm|2||https://storage.googleapis.com/vinfast-data-01/brochure/VF%209_%20Brochure.pdf
VF 9|PlusCaptain||safety|An toàn|side_airbags_front|Túi khí bên hông ghế trước|2||https://storage.googleapis.com/vinfast-data-01/brochure/VF%209_%20Brochure.pdf
VF 9|PlusCaptain||safety|An toàn|side_airbags_rear|Túi khí bên hông ghế sau|2||https://storage.googleapis.com/vinfast-data-01/brochure/VF%209_%20Brochure.pdf
VF 9|PlusCaptain||safety|An toàn|knee_airbags|Túi khí bảo vệ chân|2||https://storage.googleapis.com/vinfast-data-01/brochure/VF%209_%20Brochure.pdf
VF 9|PlusCaptain||safety|An toàn|center_airbags|Túi khí trung tâm|1||https://storage.googleapis.com/vinfast-data-01/brochure/VF%209_%20Brochure.pdf
VF 9|PlusCaptain||adas|Hỗ trợ lái nâng cao (ADAS)|traffic_jam_assist|Hỗ trợ di chuyển khi ùn tắc|Có||https://storage.googleapis.com/vinfast-data-01/brochure/VF%209_%20Brochure.pdf
VF 9|PlusCaptain||adas|Hỗ trợ lái nâng cao (ADAS)|highway_assist|Hỗ trợ lái trên đường cao tốc|Có||https://storage.googleapis.com/vinfast-data-01/brochure/VF%209_%20Brochure.pdf
VF 9|PlusCaptain||adas|Hỗ trợ lái nâng cao (ADAS)|lane_departure_warning|Cảnh báo chệch làn|Có||https://storage.googleapis.com/vinfast-data-01/brochure/VF%209_%20Brochure.pdf
VF 9|PlusCaptain||adas|Hỗ trợ lái nâng cao (ADAS)|lane_keep_assist|Hỗ trợ giữ làn|Có||https://storage.googleapis.com/vinfast-data-01/brochure/VF%209_%20Brochure.pdf
VF 9|PlusCaptain||adas|Hỗ trợ lái nâng cao (ADAS)|lane_centering|Kiểm soát đi giữa làn|Có||https://storage.googleapis.com/vinfast-data-01/brochure/VF%209_%20Brochure.pdf
VF 9|PlusCaptain||adas|Hỗ trợ lái nâng cao (ADAS)|adaptive_cruise_control|Điều chỉnh tốc độ thông minh|Có||https://storage.googleapis.com/vinfast-data-01/brochure/VF%209_%20Brochure.pdf
VF 9|PlusCaptain||adas|Hỗ trợ lái nâng cao (ADAS)|traffic_sign_recognition|Nhận biết biển báo giao thông|Có||https://storage.googleapis.com/vinfast-data-01/brochure/VF%209_%20Brochure.pdf
VF 9|PlusCaptain||adas|Hỗ trợ lái nâng cao (ADAS)|forward_collision_warning|Cảnh báo va chạm phía trước|Có||https://storage.googleapis.com/vinfast-data-01/brochure/VF%209_%20Brochure.pdf
VF 9|PlusCaptain||adas|Hỗ trợ lái nâng cao (ADAS)|rear_cross_traffic_alert|Cảnh báo phương tiện cắt ngang phía sau|Có||https://storage.googleapis.com/vinfast-data-01/brochure/VF%209_%20Brochure.pdf
VF 9|PlusCaptain||adas|Hỗ trợ lái nâng cao (ADAS)|blind_spot_warning|Cảnh báo điểm mù|Có||https://storage.googleapis.com/vinfast-data-01/brochure/VF%209_%20Brochure.pdf
VF 9|PlusCaptain||adas|Hỗ trợ lái nâng cao (ADAS)|door_open_warning|Cảnh báo mở cửa|Có||https://storage.googleapis.com/vinfast-data-01/brochure/VF%209_%20Brochure.pdf
VF 9|PlusCaptain||adas|Hỗ trợ lái nâng cao (ADAS)|aeb_front|Phanh tự động khẩn cấp trước|Có||https://storage.googleapis.com/vinfast-data-01/brochure/VF%209_%20Brochure.pdf
VF 9|PlusCaptain||adas|Hỗ trợ lái nâng cao (ADAS)|emergency_lane_keep|Hỗ trợ giữ làn khẩn cấp|Có||https://storage.googleapis.com/vinfast-data-01/brochure/VF%209_%20Brochure.pdf
VF 9|PlusCaptain||adas|Hỗ trợ lái nâng cao (ADAS)|front_parking_assist|Hỗ trợ đỗ xe phía trước|Có||https://storage.googleapis.com/vinfast-data-01/brochure/VF%209_%20Brochure.pdf
VF 9|PlusCaptain||adas|Hỗ trợ lái nâng cao (ADAS)|rear_parking_assist|Hỗ trợ đỗ xe phía sau|Có||https://storage.googleapis.com/vinfast-data-01/brochure/VF%209_%20Brochure.pdf
VF 9|PlusCaptain||adas|Hỗ trợ lái nâng cao (ADAS)|rearview_camera|Camera lùi|Có||https://storage.googleapis.com/vinfast-data-01/brochure/VF%209_%20Brochure.pdf
VF 9|PlusCaptain||adas|Hỗ trợ lái nâng cao (ADAS)|surround_view_camera|Camera 360° / giám sát xung quanh|Có||https://storage.googleapis.com/vinfast-data-01/brochure/VF%209_%20Brochure.pdf
VF 9|PlusCaptain||adas|Hỗ trợ lái nâng cao (ADAS)|driver_monitoring|Cảnh báo tài xế buồn ngủ & mất tập trung|Có||https://storage.googleapis.com/vinfast-data-01/brochure/VF%209_%20Brochure.pdf
VF 9|PlusCaptain||exterior|Ngoại thất|door_handle_type|Tay nắm cửa|Loại ẩn||https://storage.googleapis.com/vinfast-data-01/brochure/VF%209_%20Brochure.pdf
VF 9|PlusCaptain||exterior|Ngoại thất|side_step|Bậc lên xuống|Có||https://storage.googleapis.com/vinfast-data-01/brochure/VF%209_%20Brochure.pdf
VF 9|PlusCaptain||exterior|Ngoại thất|roof_rack|Thanh trang trí nóc xe|AFS||https://storage.googleapis.com/vinfast-data-01/brochure/VF%209_%20Brochure.pdf
VF 9|PlusCaptain||interior|Nội thất|steering_wheel_type|Loại vô lăng|Dạng D-cut||https://storage.googleapis.com/vinfast-data-01/brochure/VF%209_%20Brochure.pdf
VF 9|PlusCaptain||interior|Nội thất|steering_wheel_wrap|Bọc vô lăng|Da thân thiện môi trường||https://storage.googleapis.com/vinfast-data-01/brochure/VF%209_%20Brochure.pdf
VF 9|PlusCaptain||infotainment|Giải trí & kết nối|special_operation_modes|Chế độ vận hành đặc biệt|Có||https://storage.googleapis.com/vinfast-data-01/brochure/VF%209_%20Brochure.pdf
VF 9|PlusCaptain||infotainment|Giải trí & kết nối|activity_limits|Giới hạn thời gian hoạt động & khu vực hoạt động|Có||https://storage.googleapis.com/vinfast-data-01/brochure/VF%209_%20Brochure.pdf
VF 9|PlusCaptain||infotainment|Giải trí & kết nối|online_entertainment|Giải trí trực tuyến|Có||https://storage.googleapis.com/vinfast-data-01/brochure/VF%209_%20Brochure.pdf
VF 9|PlusCaptain||infotainment|Giải trí & kết nối|gaming|Trò chơi|Có||https://storage.googleapis.com/vinfast-data-01/brochure/VF%209_%20Brochure.pdf
VF 9|PlusCaptain||infotainment|Giải trí & kết nối|navigation|Điều hướng & dẫn đường|Có||https://storage.googleapis.com/vinfast-data-01/brochure/VF%209_%20Brochure.pdf
VF 9|PlusCaptain||infotainment|Giải trí & kết nối|web_browser|Trình duyệt web|Có||https://storage.googleapis.com/vinfast-data-01/brochure/VF%209_%20Brochure.pdf
VF 9|PlusCaptain||infotainment|Giải trí & kết nối|self_diagnosis|Tự chẩn đoán lỗi|Có||https://storage.googleapis.com/vinfast-data-01/brochure/VF%209_%20Brochure.pdf
VF 9|PlusCaptain||infotainment|Giải trí & kết nối|voice_search|Hỏi đáp & tìm kiếm thông tin cơ bản|Có||https://storage.googleapis.com/vinfast-data-01/brochure/VF%209_%20Brochure.pdf
VF 9|PlusCaptain||infotainment|Giải trí & kết nối|voice_control|Điều khiển chức năng xe bằng giọng nói|Có||https://storage.googleapis.com/vinfast-data-01/brochure/VF%209_%20Brochure.pdf
VF 9|PlusCaptain||infotainment|Giải trí & kết nối|phone_app|Ứng dụng điện thoại|Có||https://storage.googleapis.com/vinfast-data-01/brochure/VF%209_%20Brochure.pdf
VF 9|PlusCaptain||infotainment|Giải trí & kết nối|ota_update|Cập nhật phần mềm từ xa|Có||https://storage.googleapis.com/vinfast-data-01/brochure/VF%209_%20Brochure.pdf
