model_code|version_name|version_code|spec_category|spec_category_vn|spec_key|spec_key_vn|spec_value|spec_unit|source_document|source_url|source_page|source_bbox|source_block_id|confidence
VF 2|||dimension|Kích thước & trọng lượng|length_mm|length_mm|3090|mm|vf2_brochure|https://static-cms-prod.vinfastauto.com/brochure_vf_2.pdf|2|[21.0, 89.3, 188.8, 119.1]|p02_b02|0.98
VF 2|||dimension|Kích thước & trọng lượng|width_mm|width_mm|1496|mm|vf2_brochure|https://static-cms-prod.vinfastauto.com/brochure_vf_2.pdf|2|[21.0, 89.3, 188.8, 119.1]|p02_b02|0.98
VF 2|||dimension|Kích thước & trọng lượng|height_mm|height_mm|1663.2|mm|vf2_brochure|https://static-cms-prod.vinfastauto.com/brochure_vf_2.pdf|2|[21.0, 89.3, 188.8, 119.1]|p02_b02|0.98
VF 2|||dimension|Kích thước & trọng lượng|wheelbase_mm|wheelbase_mm|2065|mm|vf2_brochure|https://static-cms-prod.vinfastauto.com/brochure_vf_2.pdf|2|[21.0, 119.1, 188.8, 148.8]|p02_b02|0.98
VF 2|||dimension|Kích thước & trọng lượng|ground_clearance_mm|ground_clearance_mm|166.3|mm|vf2_brochure|https://static-cms-prod.vinfastauto.com/brochure_vf_2.pdf|2|[21.0, 148.8, 188.8, 178.6]|p02_b02|0.98
VF 2|||powertrain|Hệ thống truyền động|power_kw|power_kw|30|kW|vf2_brochure|https://static-cms-prod.vinfastauto.com/brochure_vf_2.pdf|2|[21.0, 178.6, 188.8, 208.3]|p02_b02|0.98
VF 2|||powertrain|Hệ thống truyền động|torque_nm|torque_nm|65|Nm|vf2_brochure|https://static-cms-prod.vinfastauto.com/brochure_vf_2.pdf|2|[21.0, 208.3, 188.8, 238.1]|p02_b02|0.98
VF 2|||powertrain|Hệ thống truyền động|top_speed_kmh|top_speed_kmh|80|km/h|vf2_brochure|https://static-cms-prod.vinfastauto.com/brochure_vf_2.pdf|2|[21.0, 238.1, 188.8, 267.9]|p02_b02|0.98
VF 2|||battery|Pin & sạc|range_km|range_km|210|km|vf2_brochure|https://static-cms-prod.vinfastauto.com/brochure_vf_2.pdf|2|[21.0, 267.9, 188.8, 297.6]|p02_b02|0.98
VF 2|||battery|Pin & sạc|battery_kwh|battery_kwh|18.3|kWh|vf2_brochure|https://static-cms-prod.vinfastauto.com/brochure_vf_2.pdf|2|[21.0, 297.6, 188.8, 327.4]|p02_b02|0.98
VF 2|||battery|Pin & sạc|Dây sạc di động|Dây sạc di động|Phụ kiện chính hãng||vf2_brochure|https://static-cms-prod.vinfastauto.com/brochure_vf_2.pdf|2|[21.0, 327.4, 188.8, 357.2]|p02_b02|0.98
VF 2|||battery|Pin & sạc|power_kw|power_kw|24|kW|vf2_brochure|https://static-cms-prod.vinfastauto.com/brochure_vf_2.pdf|2|[21.0, 357.2, 188.8, 386.9]|p02_b02|0.98
VF 2|||battery|Pin & sạc|fast_charge_min|fast_charge_min|34|phút|vf2_brochure|https://static-cms-prod.vinfastauto.com/brochure_vf_2.pdf|2|[21.0, 386.9, 188.8, 416.7]|p02_b02|0.98
VF 2|||powertrain|Hệ thống truyền động|drivetrain|drivetrain|RWD/Cầu sau||vf2_brochure|https://static-cms-prod.vinfastauto.com/brochure_vf_2.pdf|2|[21.0, 416.7, 188.8, 446.5]|p02_b02|0.98
VF 2|||powertrain|Hệ thống truyền động|Hệ thống phanh tái sinh|Hệ thống phanh tái sinh|Có||vf2_brochure|https://static-cms-prod.vinfastauto.com/brochure_vf_2.pdf|2|[21.0, 446.5, 188.8, 476.2]|p02_b02|0.98
VF 2|||powertrain|Hệ thống truyền động|Chế độ lái|Chế độ lái|Eco/Normal||vf2_brochure|https://static-cms-prod.vinfastauto.com/brochure_vf_2.pdf|2|[21.0, 476.2, 188.8, 506.0]|p02_b02|0.98
VF 2|||exterior|Ngoại thất|Đèn chiếu sáng phía trước|Đèn chiếu sáng phía trước|LED||vf2_brochure|https://static-cms-prod.vinfastauto.com/brochure_vf_2.pdf|2|[21.0, 506.0, 188.8, 535.7]|p02_b02|0.98
VF 2|||exterior|Ngoại thất|Đèn hậu|Đèn hậu|Halogen||vf2_brochure|https://static-cms-prod.vinfastauto.com/brochure_vf_2.pdf|2|[21.0, 535.7, 188.8, 565.5]|p02_b02|0.98
VF 2|||exterior|Ngoại thất|Gương chiếu hậu ngoài|Gương chiếu hậu ngoài|Chỉnh cơ||vf2_brochure|https://static-cms-prod.vinfastauto.com/brochure_vf_2.pdf|2|[21.0, 565.5, 188.8, 595.3]|p02_b02|0.98
VF 2|||exterior|Ngoại thất|Gạt mưa trước|Gạt mưa trước|Điều chỉnh gián đoạn||vf2_brochure|https://static-cms-prod.vinfastauto.com/brochure_vf_2.pdf|2|[21.0, 595.3, 188.8, 595.3]|p02_b02|0.4
VF 2|||exterior|Ngoại thất|Đóng/mở cốp sau|Đóng/mở cốp sau|Chỉnh cơ||vf2_brochure|https://static-cms-prod.vinfastauto.com/brochure_vf_2.pdf|2|[21.0, 595.3, 188.8, 595.3]|p02_b02|0.4
VF 2|||connected|Kết nối thông minh|Tự chẩn đoán lỗi|Tự chẩn đoán lỗi|Có||vf2_brochure|https://static-cms-prod.vinfastauto.com/brochure_vf_2.pdf|2|[21.0, 595.3, 188.8, 595.3]|p02_b02|0.4
VF 2|||connected|Kết nối thông minh|Thanh toán phí sạc qua mã QR trên ứng dụng điện thoại|Thanh toán phí sạc qua app|Có||vf2_brochure|https://static-cms-prod.vinfastauto.com/brochure_vf_2.pdf|2|[21.0, 595.3, 188.8, 595.3]|p02_b02|0.4
VF 2|||chassis|Khung gầm & hệ thống treo|Hệ thống treo (trước/sau)|Hệ thống treo (trước/sau)|Macpherson/Macpherson||vf2_brochure|https://static-cms-prod.vinfastauto.com/brochure_vf_2.pdf|2|[21.0, 595.3, 188.8, 595.3]|p02_b02|0.4
VF 2|||chassis|Khung gầm & hệ thống treo|Hệ thống phanh (trước/sau)|Hệ thống phanh (trước/sau)|Đĩa/tang trống||vf2_brochure|https://static-cms-prod.vinfastauto.com/brochure_vf_2.pdf|2|[21.0, 595.3, 188.8, 595.3]|p02_b02|0.4
VF 2|||dimension|Kích thước & trọng lượng|length_mm|length_mm|13|mm|vf2_brochure|https://static-cms-prod.vinfastauto.com/brochure_vf_2.pdf|2|[21.0, 595.3, 188.8, 595.3]|p02_b02|0.4
VF 2|||chassis|Khung gầm & hệ thống treo|Bộ và lốp|Bộ vá lốp|Phụ kiện chính hãng||vf2_brochure|https://static-cms-prod.vinfastauto.com/brochure_vf_2.pdf|2|[21.0, 595.3, 188.8, 595.3]|p02_b02|0.4
VF 2|||chassis|Khung gầm & hệ thống treo|Bộ dụng cụ kích xe|Bộ dụng cụ kích xe|Phụ kiện chính hãng||vf2_brochure|https://static-cms-prod.vinfastauto.com/brochure_vf_2.pdf|2|[21.0, 595.3, 188.8, 595.3]|p02_b02|0.4
VF 2|||interior|Nội thất|Hệ thống điều hòa|Hệ thống điều hòa|Máy lạnh, chỉnh cơ||vf2_brochure|https://static-cms-prod.vinfastauto.com/brochure_vf_2.pdf|2|[21.0, 595.3, 188.8, 595.3]|p02_b02|0.4
VF 2|||infotainment|Giải trí & kết nối|Màn hình thông tin lái|Màn hình thông tin lái|7 inch||vf2_brochure|https://static-cms-prod.vinfastauto.com/brochure_vf_2.pdf|2|[21.0, 595.3, 188.8, 595.3]|p02_b02|0.4
VF 2|||infotainment|Giải trí & kết nối|Hệ thống âm thanh|Hệ thống âm thanh|2 loa||vf2_brochure|https://static-cms-prod.vinfastauto.com/brochure_vf_2.pdf|2|[21.0, 595.3, 188.8, 595.3]|p02_b02|0.4
VF 2|||infotainment|Giải trí & kết nối|Chức năng giải trí|Chức năng giải trí|FM||vf2_brochure|https://static-cms-prod.vinfastauto.com/brochure_vf_2.pdf|2|[21.0, 595.3, 188.8, 595.3]|p02_b02|0.4
VF 2|||interior|Nội thất|Ghế lái|Ghế lái|Chỉnh cơ 4 hướng||vf2_brochure|https://static-cms-prod.vinfastauto.com/brochure_vf_2.pdf|2|[21.0, 595.3, 188.8, 595.3]|p02_b02|0.4
VF 2|||safety|An toàn|Móc cố định ghế trẻ em ISOFIX|Móc cố định ghế trẻ em ISOFIX|Có||vf2_brochure|https://static-cms-prod.vinfastauto.com/brochure_vf_2.pdf|2|[21.0, 595.3, 188.8, 595.3]|p02_b02|0.4
VF 2|||interior|Nội thất|Bọc ghế|Chất liệu bọc ghế|Nỉ||vf2_brochure|https://static-cms-prod.vinfastauto.com/brochure_vf_2.pdf|2|[21.0, 595.3, 188.8, 595.3]|p02_b02|0.4
VF 2|||interior|Nội thất|Gương chiếu hậu trong xe|Gương chiếu hậu trong xe|Chế độ ngày & đêm||vf2_brochure|https://static-cms-prod.vinfastauto.com/brochure_vf_2.pdf|2|[21.0, 595.3, 188.8, 595.3]|p02_b02|0.4
VF 2|||safety|An toàn|airbags|airbags|Có||vf2_brochure|https://static-cms-prod.vinfastauto.com/brochure_vf_2.pdf|2|[21.0, 595.3, 188.8, 595.3]|p02_b02|0.4
VF 2|||safety|An toàn|Hệ thống chống bó cứng phanh (ABS)|Hệ thống chống bó cứng phanh (ABS)|Có||vf2_brochure|https://static-cms-prod.vinfastauto.com/brochure_vf_2.pdf|2|[21.0, 595.3, 188.8, 595.3]|p02_b02|0.4
VF 2|||safety|An toàn|Chức năng phân phối lực phanh điện tử (EBD)|Phân phối lực phanh điện tử (EBD)|Có||vf2_brochure|https://static-cms-prod.vinfastauto.com/brochure_vf_2.pdf|2|[21.0, 595.3, 188.8, 595.3]|p02_b02|0.4
VF 2|||safety|An toàn|Kiểm soát lực kéo (TCS)|Hệ thống kiểm soát lực kéo (TCS)|Có||vf2_brochure|https://static-cms-prod.vinfastauto.com/brochure_vf_2.pdf|2|[21.0, 595.3, 188.8, 595.3]|p02_b02|0.4
VF 3|Eco||pricing|Pricing|Giá bán chính thức|Giá bán chính thức|302|triệu|vf3_brochure|https://storage.googleapis.com/vinfast-data-01/brochure/29012026/VFVN_VF%203_Brochure%20280126.pdf|2|[560.1, 178.6, 700.1, 297.6]|p02_b02|0.98
VF 3|Plus||pricing|Pricing|Giá bán chính thức|Giá bán chính thức|315|triệu|vf3_brochure|https://storage.googleapis.com/vinfast-data-01/brochure/29012026/VFVN_VF%203_Brochure%20280126.pdf|2|[746.8, 178.6, 886.8, 297.6]|p02_b02|0.98
VF 3|||dimension|Kích thước & trọng lượng|Chiều dài tổng thể|Chiều dài tổng thể|3190|mm|vf3_brochure|https://storage.googleapis.com/vinfast-data-01/brochure/29012026/VFVN_VF%203_Brochure%20280126.pdf|4|[46.7, 178.6, 466.7, 208.3]|p04_b02|0.98
VF 3|||dimension|Kích thước & trọng lượng|Chiều rộng tổng thể|Chiều rộng tổng thể|1679|mm|vf3_brochure|https://storage.googleapis.com/vinfast-data-01/brochure/29012026/VFVN_VF%203_Brochure%20280126.pdf|4|[46.7, 238.1, 466.7, 267.9]|p04_b02|0.98
VF 3|||dimension|Kích thước & trọng lượng|Chiều cao tổng thể|Chiều cao tổng thể|1652|mm|vf3_brochure|https://storage.googleapis.com/vinfast-data-01/brochure/29012026/VFVN_VF%203_Brochure%20280126.pdf|4|[46.7, 297.6, 466.7, 327.4]|p04_b02|0.98
VF 3|||dimension|Kích thước & trọng lượng|wheelbase_mm|wheelbase_mm|2075|mm|vf3_brochure|https://storage.googleapis.com/vinfast-data-01/brochure/29012026/VFVN_VF%203_Brochure%20280126.pdf|4|[46.7, 357.2, 466.7, 386.9]|p04_b02|0.98
VF 3|||powertrain|Hệ thống truyền động|Động cơ|Loại động cơ|01 Motor||vf3_brochure|https://storage.googleapis.com/vinfast-data-01/brochure/29012026/VFVN_VF%203_Brochure%20280126.pdf|4|[513.4, 119.1, 886.8, 148.8]|p04_b02|0.98
VF 3|||powertrain|Hệ thống truyền động|power_kw|power_kw|30|kW|vf3_brochure|https://storage.googleapis.com/vinfast-data-01/brochure/29012026/VFVN_VF%203_Brochure%20280126.pdf|4|[513.4, 178.6, 886.8, 208.3]|p04_b02|0.98
VF 3|||powertrain|Hệ thống truyền động|torque_nm|torque_nm|110|Nm|vf3_brochure|https://storage.googleapis.com/vinfast-data-01/brochure/29012026/VFVN_VF%203_Brochure%20280126.pdf|4|[513.4, 238.1, 886.8, 267.9]|p04_b02|0.98
VF 3|||battery|Pin & sạc|fast_charge_min|fast_charge_min|36|phút|vf3_brochure|https://storage.googleapis.com/vinfast-data-01/brochure/29012026/VFVN_VF%203_Brochure%20280126.pdf|4|[513.4, 297.6, 886.8, 327.4]|p04_b02|0.98
VF 3|||powertrain|Hệ thống truyền động|drivetrain|drivetrain|RWD/Cầu sau||vf3_brochure|https://storage.googleapis.com/vinfast-data-01/brochure/29012026/VFVN_VF%203_Brochure%20280126.pdf|4|[513.4, 357.2, 886.8, 386.9]|p04_b02|0.98
VF 3|||dimension|Kích thước & trọng lượng|Tải trọng|Tải trọng|300|kg|vf3_brochure|https://storage.googleapis.com/vinfast-data-01/brochure/29012026/VFVN_VF%203_Brochure%20280126.pdf|5|[560.1, 119.1, 746.8, 178.6]|p05_b02|0.98
VF 3|||dimension|Kích thước & trọng lượng|Tải hành lý|Tải hành lý|50|kg|vf3_brochure|https://storage.googleapis.com/vinfast-data-01/brochure/29012026/VFVN_VF%203_Brochure%20280126.pdf|5|[186.7, 89.3, 373.4, 148.8]|p05_b02|0.98
VF 3|||dimension|Kích thước & trọng lượng|length_mm|length_mm|10|mm|vf3_brochure|https://storage.googleapis.com/vinfast-data-01/brochure/29012026/VFVN_VF%203_Brochure%20280126.pdf|5|[560.1, 238.1, 746.8, 297.6]|p05_b02|0.4
VF 3|||dimension|Kích thước & trọng lượng|Linh hoạt|Bán kính quay vòng tối thiểu|4.5|m|vf3_brochure|https://storage.googleapis.com/vinfast-data-01/brochure/29012026/VFVN_VF%203_Brochure%20280126.pdf|5|[373.4, 357.2, 560.1, 416.7]|p05_b02|0.98
VF 3|||convenience|Tiện nghi|Tối đa|Tối đa|215|km|vf3_brochure|https://storage.googleapis.com/vinfast-data-01/brochure/29012026/VFVN_VF%203_Brochure%20280126.pdf|5|[186.7, 476.2, 373.4, 535.7]|p05_b02|0.98
VF 3|||convenience|Tiện nghi|Cao|Cao|175|mm|vf3_brochure|https://storage.googleapis.com/vinfast-data-01/brochure/29012026/VFVN_VF%203_Brochure%20280126.pdf|5|[560.1, 416.7, 746.8, 476.2]|p05_b02|0.98
VF 3|||battery|Pin & sạc|Thời gian|Thời gian|36|phút|vf3_brochure|https://storage.googleapis.com/vinfast-data-01/brochure/29012026/VFVN_VF%203_Brochure%20280126.pdf|5|[46.7, 535.7, 233.4, 595.3]|p05_b02|0.98
VF 3|||convenience|Tiện nghi|Đỏ|Đỏ|Solar Ruby||vf3_brochure|https://storage.googleapis.com/vinfast-data-01/brochure/29012026/VFVN_VF%203_Brochure%20280126.pdf|7|[46.7, 119.1, 280.0, 178.6]|p07_b02|0.98
VF 3|||convenience|Tiện nghi|Hồng|Hồng|Rose Pink + Nóc Trắng||vf3_brochure|https://storage.googleapis.com/vinfast-data-01/brochure/29012026/VFVN_VF%203_Brochure%20280126.pdf|7|[606.7, 119.1, 840.1, 178.6]|p07_b02|0.98
VF 3|||convenience|Tiện nghi|Vàng|Vàng|Yellow Summer + Nóc Trắng||vf3_brochure|https://storage.googleapis.com/vinfast-data-01/brochure/29012026/VFVN_VF%203_Brochure%20280126.pdf|7|[886.8, 119.1, 933.4, 178.6]|p07_b02|0.98
VF 3|||convenience|Tiện nghi|Xanh Dương|Xanh Dương|Sky Blue + Nóc Trắng||vf3_brochure|https://storage.googleapis.com/vinfast-data-01/brochure/29012026/VFVN_VF%203_Brochure%20280126.pdf|7|[886.8, 238.1, 933.4, 297.6]|p07_b02|0.98
VF 3|||convenience|Tiện nghi|Trắng|Trắng|Infinity Blanc||vf3_brochure|https://storage.googleapis.com/vinfast-data-01/brochure/29012026/VFVN_VF%203_Brochure%20280126.pdf|7|[46.7, 238.1, 280.0, 297.6]|p07_b02|0.98
VF 3|||convenience|Tiện nghi|Xám|Xám|Zenith Grey||vf3_brochure|https://storage.googleapis.com/vinfast-data-01/brochure/29012026/VFVN_VF%203_Brochure%20280126.pdf|7|[46.7, 357.2, 280.0, 416.7]|p07_b02|0.98
VF 3|||convenience|Tiện nghi|Xanh Lá Nhạt|Xanh Lá Nhạt|Urban Mint||vf3_brochure|https://storage.googleapis.com/vinfast-data-01/brochure/29012026/VFVN_VF%203_Brochure%20280126.pdf|7|[606.7, 357.2, 840.1, 416.7]|p07_b02|0.98
VF 3|||warranty|Warranty|Thời gian bảo hành tiêu chuẩn|Thời gian bảo hành tiêu chuẩn|7|năm|vf3_brochure|https://storage.googleapis.com/vinfast-data-01/brochure/29012026/VFVN_VF%203_Brochure%20280126.pdf|8|[93.3, 119.1, 373.4, 148.8]|p08_b02|0.98
VF 3|||convenience|Tiện nghi|range_km|range_km|160000|km|vf3_brochure|https://storage.googleapis.com/vinfast-data-01/brochure/29012026/VFVN_VF%203_Brochure%20280126.pdf|8|[373.4, 119.1, 653.4, 148.8]|p08_b02|0.4
VF 3|||convenience|Tiện nghi|Thời gian bảo hành dịch vụ thương mại|Thời gian bảo hành dịch vụ thương mại|3|năm|vf3_brochure|https://storage.googleapis.com/vinfast-data-01/brochure/29012026/VFVN_VF%203_Brochure%20280126.pdf|8|[93.3, 178.6, 373.4, 208.3]|p08_b02|0.98
VF 3|||convenience|Tiện nghi|range_km|range_km|100000|km|vf3_brochure|https://storage.googleapis.com/vinfast-data-01/brochure/29012026/VFVN_VF%203_Brochure%20280126.pdf|8|[373.4, 178.6, 653.4, 208.3]|p08_b02|0.4
VF 3|||warranty|Warranty|Thời gian bảo hành tiêu chuẩn|Thời gian bảo hành tiêu chuẩn|8|năm|vf3_brochure|https://storage.googleapis.com/vinfast-data-01/brochure/29012026/VFVN_VF%203_Brochure%20280126.pdf|8|[93.3, 238.1, 373.4, 267.9]|p08_b02|0.98
VF 3|||battery|Pin & sạc|range_km|range_km|160000|km|vf3_brochure|https://storage.googleapis.com/vinfast-data-01/brochure/29012026/VFVN_VF%203_Brochure%20280126.pdf|8|[373.4, 238.1, 653.4, 267.9]|p08_b02|0.4
VF 3|||battery|Pin & sạc|Thời gian bảo hành dịch vụ thương mại|Thời gian bảo hành dịch vụ thương mại|3|năm|vf3_brochure|https://storage.googleapis.com/vinfast-data-01/brochure/29012026/VFVN_VF%203_Brochure%20280126.pdf|8|[93.3, 297.6, 373.4, 327.4]|p08_b02|0.98
VF 3|||battery|Pin & sạc|range_km|range_km|100000|km|vf3_brochure|https://storage.googleapis.com/vinfast-data-01/brochure/29012026/VFVN_VF%203_Brochure%20280126.pdf|8|[373.4, 297.6, 653.4, 327.4]|p08_b02|0.4
VF 5|||dimension|Kích thước & trọng lượng|length_mm|length_mm|3967|mm|vf5_brochure|https://storage.googleapis.com/vinfast-data-01/brochure/09042026/VFVN_VF%205_Brochure%20B%E1%BA%A3n%20s%E1%BB%ADa%20290126_1333PM.pdf|5|[64.0, 103.6, 348.5, 135.7]|p05_b02|0.98
VF 5|||dimension|Kích thước & trọng lượng|width_mm|width_mm|1723|mm|vf5_brochure|https://storage.googleapis.com/vinfast-data-01/brochure/09042026/VFVN_VF%205_Brochure%20B%E1%BA%A3n%20s%E1%BB%ADa%20290126_1333PM.pdf|5|[64.0, 103.6, 348.5, 135.7]|p05_b02|0.98
VF 5|||dimension|Kích thước & trọng lượng|height_mm|height_mm|1579|mm|vf5_brochure|https://storage.googleapis.com/vinfast-data-01/brochure/09042026/VFVN_VF%205_Brochure%20B%E1%BA%A3n%20s%E1%BB%ADa%20290126_1333PM.pdf|5|[64.0, 103.6, 348.5, 135.7]|p05_b02|0.98
VF 5|||dimension|Kích thước & trọng lượng|wheelbase_mm|wheelbase_mm|2514|mm|vf5_brochure|https://storage.googleapis.com/vinfast-data-01/brochure/09042026/VFVN_VF%205_Brochure%20B%E1%BA%A3n%20s%E1%BB%ADa%20290126_1333PM.pdf|5|[64.0, 195.8, 358.6, 228.6]|p05_b02|0.98
VF 5|||dimension|Kích thước & trọng lượng|seats|seats|5|chỗ|vf5_brochure|https://storage.googleapis.com/vinfast-data-01/brochure/09042026/VFVN_VF%205_Brochure%20B%E1%BA%A3n%20s%E1%BB%ADa%20290126_1333PM.pdf|5|[64.0, 195.8, 358.6, 228.6]|p05_b02|0.98
VF 5|||adas|Hỗ trợ lái nâng cao (ADAS)|Tính năng hỗ trợ lái|Tính năng hỗ trợ lái|6||vf5_brochure|https://storage.googleapis.com/vinfast-data-01/brochure/09042026/VFVN_VF%205_Brochure%20B%E1%BA%A3n%20s%E1%BB%ADa%20290126_1333PM.pdf|5|[64.0, 284.5, 355.3, 314.9]|p05_b02|0.98
VF 5|||adas|Hỗ trợ lái nâng cao (ADAS)|Tính năng thông minh|Tính năng thông minh|21||vf5_brochure|https://storage.googleapis.com/vinfast-data-01/brochure/09042026/VFVN_VF%205_Brochure%20B%E1%BA%A3n%20s%E1%BB%ADa%20290126_1333PM.pdf|5|[64.0, 284.5, 355.3, 314.9]|p05_b02|0.98
VF 5|||adas|Hỗ trợ lái nâng cao (ADAS)|Cảnh báo phương tiện cắt ngang phía sau|Cảnh báo phương tiện cắt ngang phía sau|Hỗ trợ phát hiện vật cản hay phương tiện di chuyển từ phía sau hoặc hai bên, đặc biệt là các điểm mù.||vf5_brochure|https://storage.googleapis.com/vinfast-data-01/brochure/09042026/VFVN_VF%205_Brochure%20B%E1%BA%A3n%20s%E1%BB%ADa%20290126_1333PM.pdf|5|[909.2, 100.6, 1246.0, 297.6]|p05_b02|0.98
VF 5|||adas|Hỗ trợ lái nâng cao (ADAS)|Cảnh báo mở cửa|Cảnh báo mở cửa|Hỗ trợ và cảnh báo khi có chướng ngại vật, xe hoặc người từ hai bên hoặc phía sau, giúp tránh va chạm khi mở cửa xe.||vf5_brochure|https://storage.googleapis.com/vinfast-data-01/brochure/09042026/VFVN_VF%205_Brochure%20B%E1%BA%A3n%20s%E1%BB%ADa%20290126_1333PM.pdf|5|[1276.3, 100.6, 1609.7, 297.6]|p05_b02|0.98
VF 5|||adas|Hỗ trợ lái nâng cao (ADAS)|Cảnh báo điểm mù|Cảnh báo điểm mù (BSD)|Cảm biến giúp phát hiện người hoặc xe từ phía sau, đưa ra cảnh báo để người lái chú ý quan sát và xử lý tình huống.||vf5_brochure|https://storage.googleapis.com/vinfast-data-01/brochure/09042026/VFVN_VF%205_Brochure%20B%E1%BA%A3n%20s%E1%BB%ADa%20290126_1333PM.pdf|5|[909.2, 339.3, 1246.0, 532.2]|p05_b02|0.98
VF 5|||adas|Hỗ trợ lái nâng cao (ADAS)|Hỗ trợ đỗ phía sau|Hỗ trợ đỗ phía sau|Cụm cảm biến phía sau phát hiện chướng ngại vật và gửi cảnh báo, hỗ trợ bạn đỗ xe an toàn.||vf5_brochure|https://storage.googleapis.com/vinfast-data-01/brochure/09042026/VFVN_VF%205_Brochure%20B%E1%BA%A3n%20s%E1%BB%ADa%20290126_1333PM.pdf|5|[1276.3, 339.3, 1609.7, 532.2]|p05_b02|0.98
VF 5|||interior|Nội thất|Ra lệnh bằng giọng nói|Ra lệnh bằng giọng nói|Trợ lý ảo ViVi giúp điều khiển dễ dàng các tính năng trên xe như điều hòa, giải trí, bản đồ và nhiều hơn thế, chỉ bằng giọng nói.||vf5_brochure|https://storage.googleapis.com/vinfast-data-01/brochure/09042026/VFVN_VF%205_Brochure%20B%E1%BA%A3n%20s%E1%BB%ADa%20290126_1333PM.pdf|6|[909.2, 117.9, 1335.2, 192.9]|p06_b02|0.98
VF 5|||interior|Nội thất|Hỏi đáp thông tin & hỗ trợ nâng cao|Hỏi đáp thông tin & hỗ trợ nâng cao|Trợ lý ảo ViVi có khả năng hỏi đáp những câu hỏi cơ bản như tin tức, thời tiết, truyện cười – mang đến trải nghiệm lái xe sinh động và trọn vẹn hơn.||vf5_brochure|https://storage.googleapis.com/vinfast-data-01/brochure/09042026/VFVN_VF%205_Brochure%20B%E1%BA%A3n%20s%E1%BB%ADa%20290126_1333PM.pdf|6|[909.2, 219.7, 1338.6, 344.7]|p06_b02|0.98
VF 5|||interior|Nội thất|Độ chính xác khi nhận diện ngôn ngữ Tiếng Việt|Độ chính xác khi nhận diện ngôn ngữ Tiếng Việt|98|%|vf5_brochure|https://storage.googleapis.com/vinfast-data-01/brochure/09042026/VFVN_VF%205_Brochure%20B%E1%BA%A3n%20s%E1%BB%ADa%20290126_1333PM.pdf|6|[62.3, 437.5, 431.0, 519.7]|p06_b02|0.98
VF 5|||interior|Nội thất|Nghe hiểu được ngôn ngữ tiếng Việt đa vùng miền|Nghe hiểu được ngôn ngữ tiếng Việt đa vùng miền|Có||vf5_brochure|https://storage.googleapis.com/vinfast-data-01/brochure/09042026/VFVN_VF%205_Brochure%20B%E1%BA%A3n%20s%E1%BB%ADa%20290126_1333PM.pdf|6|[250.9, 437.5, 463.0, 520.3]|p06_b02|0.98
VF 5|VF 5||exterior|Ngoại thất|Đầu xe|Đầu xe|Thiết kế chữ V đặc trưng được mạ crom tinh tế, không có lưới tản nhiệt nhờ công nghệ điện hóa||vf5_brochure|https://storage.googleapis.com/vinfast-data-01/brochure/09042026/VFVN_VF%205_Brochure%20B%E1%BA%A3n%20s%E1%BB%ADa%20290126_1333PM.pdf|7|[33.7, 452.4, 210.5, 565.5]|p07_b02|0.98
VF 5|VF 5||exterior|Ngoại thất|Thân xe|Thân xe|Phối màu sắc độc đáo hai màu của thân và nóc xe; các chi tiết ngoại thất đồng màu của ốp ngoài gương chiếu hậu với nóc xe, tạo sự hài hòa với thân xe, tạo nên phong cách riêng của VF 5||vf5_brochure|https://storage.googleapis.com/vinfast-data-01/brochure/09042026/VFVN_VF%205_Brochure%20B%E1%BA%A3n%20s%E1%BB%ADa%20290126_1333PM.pdf|7|[210.5, 452.4, 454.6, 565.5]|p07_b02|0.98
VF 5|VF 5||exterior|Ngoại thất|Mâm xe|Mâm xe|La-zăng hợp kim 17|inch|vf5_brochure|https://storage.googleapis.com/vinfast-data-01/brochure/09042026/VFVN_VF%205_Brochure%20B%E1%BA%A3n%20s%E1%BB%ADa%20290126_1333PM.pdf|7|[454.6, 452.4, 926.1, 565.5]|p07_b02|0.98
VF 5|||exterior|Ngoại thất|Kính chắn gió chống tia UV|Kính chắn gió chống tia UV|Có||vf5_brochure|https://storage.googleapis.com/vinfast-data-01/brochure/09042026/VFVN_VF%205_Brochure%20B%E1%BA%A3n%20s%E1%BB%ADa%20290126_1333PM.pdf|7|[1077.6, 452.4, 1262.8, 565.5]|p07_b02|0.98
VF 5|||exterior|Ngoại thất|Gương chiếu hậu chỉnh điện|Gương chiếu hậu|Có||vf5_brochure|https://storage.googleapis.com/vinfast-data-01/brochure/09042026/VFVN_VF%205_Brochure%20B%E1%BA%A3n%20s%E1%BB%ADa%20290126_1333PM.pdf|7|[1431.2, 452.4, 1675.4, 565.5]|p07_b02|0.98
VF 5|VF 5||exterior|Ngoại thất|Đuôi xe|Đuôi xe|Thiết kế vuông vức, tối giản; điểm nhấn là dải chữ V được làm từ chất liệu phản quang. Được trang bị đầy đủ hệ thống cảm biến đỗ xe và camera lùi||vf5_brochure|https://storage.googleapis.com/vinfast-data-01/brochure/09042026/VFVN_VF%205_Brochure%20B%E1%BA%A3n%20s%E1%BB%ADa%20290126_1333PM.pdf|7|[1448.1, 238.1, 1641.7, 381.0]|p07_b02|0.98
VF 5|||interior|Nội thất|Bảng đồng hồ kỹ thuật số sau vô lăng|Vô lăng|7|inch|vf5_brochure|https://storage.googleapis.com/vinfast-data-01/brochure/09042026/VFVN_VF%205_Brochure%20B%E1%BA%A3n%20s%E1%BB%ADa%20290126_1333PM.pdf|8|[52.2, 407.2, 397.4, 482.2]|p08_b02|0.98
VF 5|||infotainment|Giải trí & kết nối|Màn hình trung tâm cảm ứng|Màn hình giải trí trung tâm|8|inch|vf5_brochure|https://storage.googleapis.com/vinfast-data-01/brochure/09042026/VFVN_VF%205_Brochure%20B%E1%BA%A3n%20s%E1%BB%ADa%20290126_1333PM.pdf|8|[52.2, 407.2, 397.4, 482.2]|p08_b02|0.98
VF 5|||infotainment|Giải trí & kết nối|Hệ thống loa|Hệ thống loa|4|loa|vf5_brochure|https://storage.googleapis.com/vinfast-data-01/brochure/09042026/VFVN_VF%205_Brochure%20B%E1%BA%A3n%20s%E1%BB%ADa%20290126_1333PM.pdf|8|[50.5, 503.0, 207.1, 529.8]|p08_b02|0.98
VF 5|||infotainment|Giải trí & kết nối|Cổng USB|Cổng sạc USB|Có||vf5_brochure|https://storage.googleapis.com/vinfast-data-01/brochure/09042026/VFVN_VF%205_Brochure%20B%E1%BA%A3n%20s%E1%BB%ADa%20290126_1333PM.pdf|8|[1363.9, 74.4, 1645.1, 214.3]|p08_b02|0.98
VF 5|||infotainment|Giải trí & kết nối|Vị trí cổng USB|Cổng sạc USB|2 hàng ghế||vf5_brochure|https://storage.googleapis.com/vinfast-data-01/brochure/09042026/VFVN_VF%205_Brochure%20B%E1%BA%A3n%20s%E1%BB%ADa%20290126_1333PM.pdf|8|[1363.9, 74.4, 1645.1, 214.3]|p08_b02|0.98
VF 5|||interior|Nội thất|Điều hoà|Hệ thống điều hòa|Chỉnh cơ 1 vùng, màng lọc bụi PM2.5||vf5_brochure|https://storage.googleapis.com/vinfast-data-01/brochure/09042026/VFVN_VF%205_Brochure%20B%E1%BA%A3n%20s%E1%BB%ADa%20290126_1333PM.pdf|8|[1363.9, 236.9, 1645.1, 408.4]|p08_b02|0.98
VF 5|||safety|An toàn|HỆ THỐNG CHỐNG BÓ CỨNG PHANH ABS|Hệ thống chống bó cứng phanh (ABS)|Có||vf5_brochure|https://storage.googleapis.com/vinfast-data-01/brochure/09042026/VFVN_VF%205_Brochure%20B%E1%BA%A3n%20s%E1%BB%ADa%20290126_1333PM.pdf|9|[858.7, 169.7, 1060.8, 297.6]|p09_b02|0.98
VF 5|||safety|An toàn|CHỨC NĂNG PHÂN PHỐI LỰC PHANH ĐIỆN TỬ EBD|CHỨC NĂNG PHÂN PHỐI LỰC PHANH ĐIỆN TỬ EBD|Có||vf5_brochure|https://storage.googleapis.com/vinfast-data-01/brochure/09042026/VFVN_VF%205_Brochure%20B%E1%BA%A3n%20s%E1%BB%ADa%20290126_1333PM.pdf|9|[1069.2, 169.7, 1271.3, 297.6]|p09_b02|0.98
VF 5|||safety|An toàn|HỖ TRỢ LỰC PHANH KHẨN CẤP (BA)|HỖ TRỢ LỰC PHANH KHẨN CẤP (BA)|Có||vf5_brochure|https://storage.googleapis.com/vinfast-data-01/brochure/09042026/VFVN_VF%205_Brochure%20B%E1%BA%A3n%20s%E1%BB%ADa%20290126_1333PM.pdf|9|[1279.7, 169.7, 1473.3, 297.6]|p09_b02|0.98
VF 5|||safety|An toàn|HỆ THỐNG CÂN BẰNG ĐIỆN TỬ ESC|HỆ THỐNG CÂN BẰNG ĐIỆN TỬ ESC|Có||vf5_brochure|https://storage.googleapis.com/vinfast-data-01/brochure/09042026/VFVN_VF%205_Brochure%20B%E1%BA%A3n%20s%E1%BB%ADa%20290126_1333PM.pdf|9|[1481.7, 169.7, 1683.8, 297.6]|p09_b02|0.98
VF 5|||safety|An toàn|CHỨC NĂNG KIỂM SOÁT LỰC KÉO TCS|CHỨC NĂNG KIỂM SOÁT LỰC KÉO TCS|Có||vf5_brochure|https://storage.googleapis.com/vinfast-data-01/brochure/09042026/VFVN_VF%205_Brochure%20B%E1%BA%A3n%20s%E1%BB%ADa%20290126_1333PM.pdf|9|[858.7, 297.6, 1060.8, 446.5]|p09_b02|0.98
VF 5|||safety|An toàn|HỖ TRỢ KHỞI HÀNH NGANG DỐC HSA|HỖ TRỢ KHỞI HÀNH NGANG DỐC HSA|Có||vf5_brochure|https://storage.googleapis.com/vinfast-data-01/brochure/09042026/VFVN_VF%205_Brochure%20B%E1%BA%A3n%20s%E1%BB%ADa%20290126_1333PM.pdf|9|[1069.2, 297.6, 1271.3, 446.5]|p09_b02|0.98
VF 5|||safety|An toàn|ĐÈN BÁO PHANH KHẨN CẤP ESS|ĐÈN BÁO PHANH KHẨN CẤP ESS|Có||vf5_brochure|https://storage.googleapis.com/vinfast-data-01/brochure/09042026/VFVN_VF%205_Brochure%20B%E1%BA%A3n%20s%E1%BB%ADa%20290126_1333PM.pdf|9|[1279.7, 297.6, 1473.3, 446.5]|p09_b02|0.98
VF 5|||safety|An toàn|KHÓA CỬA XE TỰ ĐỘNG KHI XE DI CHUYỂN|KHÓA CỬA XE TỰ ĐỘNG KHI XE DI CHUYỂN|Có||vf5_brochure|https://storage.googleapis.com/vinfast-data-01/brochure/09042026/VFVN_VF%205_Brochure%20B%E1%BA%A3n%20s%E1%BB%ADa%20290126_1333PM.pdf|9|[1481.7, 297.6, 1683.8, 446.5]|p09_b02|0.98
VF 5|||safety|An toàn|CĂNG ĐAI KHẨN CẤP|CĂNG ĐAI KHẨN CẤP|Có||vf5_brochure|https://storage.googleapis.com/vinfast-data-01/brochure/09042026/VFVN_VF%205_Brochure%20B%E1%BA%A3n%20s%E1%BB%ADa%20290126_1333PM.pdf|9|[858.7, 446.5, 1128.1, 577.4]|p09_b02|0.98
VF 5|||safety|An toàn|MÓC CỐ ĐỊNH GHẾ TRẺ EM ISOFIX|Móc cố định ghế trẻ em ISOFIX|Có||vf5_brochure|https://storage.googleapis.com/vinfast-data-01/brochure/09042026/VFVN_VF%205_Brochure%20B%E1%BA%A3n%20s%E1%BB%ADa%20290126_1333PM.pdf|9|[1128.1, 446.5, 1406.0, 577.4]|p09_b02|0.98
VF 5|||safety|An toàn|airbags|airbags|6|túi khí|vf5_brochure|https://storage.googleapis.com/vinfast-data-01/brochure/09042026/VFVN_VF%205_Brochure%20B%E1%BA%A3n%20s%E1%BB%ADa%20290126_1333PM.pdf|9|[1406.0, 446.5, 1683.8, 577.4]|p09_b02|0.98
VF 5|||battery|Pin & sạc|Bộ sạc tại nhà|Bộ sạc tại nhà|Bộ sạc di động tiện lợi||vf5_brochure|https://storage.googleapis.com/vinfast-data-01/brochure/09042026/VFVN_VF%205_Brochure%20B%E1%BA%A3n%20s%E1%BB%ADa%20290126_1333PM.pdf|10|[33.7, 165.5, 323.3, 367.9]|p10_b02|0.98
VF 5|||battery|Pin & sạc|Khoảng cách trung bình giữa các trạm sạc|Khoảng cách trung bình giữa các trạm sạc|3.5|km|vf5_brochure|https://storage.googleapis.com/vinfast-data-01/brochure/09042026/VFVN_VF%205_Brochure%20B%E1%BA%A3n%20s%E1%BB%ADa%20290126_1333PM.pdf|10|[33.7, 380.4, 323.3, 567.3]|p10_b02|0.98
VF 5|||battery|Pin & sạc|Thời điểm cập nhật thông tin trạm sạc|Thời điểm cập nhật thông tin trạm sạc|09/2023||vf5_brochure|https://storage.googleapis.com/vinfast-data-01/brochure/09042026/VFVN_VF%205_Brochure%20B%E1%BA%A3n%20s%E1%BB%ADa%20290126_1333PM.pdf|10|[33.7, 380.4, 323.3, 567.3]|p10_b02|0.98
VF 5|||convenience|Tiện nghi|Bảo hành xe mới|Bảo hành xe mới|7 năm hoặc 160.000 km tùy điều kiện nào đến trước||vf5_brochure|https://storage.googleapis.com/vinfast-data-01/brochure/09042026/VFVN_VF%205_Brochure%20B%E1%BA%A3n%20s%E1%BB%ADa%20290126_1333PM.pdf|10|[885.7, 218.5, 1252.7, 288.1]|p10_b02|0.98
VF 5|||warranty|Warranty|Bảo hành pin cao áp|Thời gian bảo hành pin|8 năm hoặc 160.000 km tùy điều kiện nào đến trước||vf5_brochure|https://storage.googleapis.com/vinfast-data-01/brochure/09042026/VFVN_VF%205_Brochure%20B%E1%BA%A3n%20s%E1%BB%ADa%20290126_1333PM.pdf|10|[885.7, 218.5, 1252.7, 288.1]|p10_b02|0.98
VF 5|||convenience|Tiện nghi|Cứu hộ bằng xe kéo|Cứu hộ bằng xe kéo|RSA||vf5_brochure|https://storage.googleapis.com/vinfast-data-01/brochure/09042026/VFVN_VF%205_Brochure%20B%E1%BA%A3n%20s%E1%BB%ADa%20290126_1333PM.pdf|10|[885.7, 301.2, 1252.7, 363.1]|p10_b02|0.98
VF 5|||convenience|Tiện nghi|Cứu hộ|Cứu hộ|24/7 trong suốt thời gian bảo hành||vf5_brochure|https://storage.googleapis.com/vinfast-data-01/brochure/09042026/VFVN_VF%205_Brochure%20B%E1%BA%A3n%20s%E1%BB%ADa%20290126_1333PM.pdf|10|[885.7, 301.2, 1252.7, 363.1]|p10_b02|0.98
VF 5|||convenience|Tiện nghi|Mạng lưới|Mạng lưới|150.000 cộng sự phủ rộng toàn quốc||vf5_brochure|https://storage.googleapis.com/vinfast-data-01/brochure/09042026/VFVN_VF%205_Brochure%20B%E1%BA%A3n%20s%E1%BB%ADa%20290126_1333PM.pdf|10|[885.7, 301.2, 1252.7, 363.1]|p10_b02|0.98
VF 5|||powertrain|Hệ thống truyền động|power_kw|power_kw|100|kW (HP)|vf5_brochure|https://storage.googleapis.com/vinfast-data-01/brochure/09042026/VFVN_VF%205_Brochure%20B%E1%BA%A3n%20s%E1%BB%ADa%20290126_1333PM.pdf|11|[1301.6, 54.2, 1624.8, 111.3]|p11_b02|0.98
VF 5|||powertrain|Hệ thống truyền động|torque_nm|torque_nm|135|Nm|vf5_brochure|https://storage.googleapis.com/vinfast-data-01/brochure/09042026/VFVN_VF%205_Brochure%20B%E1%BA%A3n%20s%E1%BB%ADa%20290126_1333PM.pdf|11|[1301.6, 194.1, 1613.1, 256.6]|p11_b02|0.98
VF 5|||battery|Pin & sạc|range_km|range_km|326|Km|vf5_brochure|https://storage.googleapis.com/vinfast-data-01/brochure/09042026/VFVN_VF%205_Brochure%20B%E1%BA%A3n%20s%E1%BB%ADa%20290126_1333PM.pdf|11|[1301.6, 357.2, 1611.4, 426.2]|p11_b02|0.98
VF 5|||dimension|Kích thước & trọng lượng|wheelbase_mm|wheelbase_mm|2514|mm|vf5_brochure|https://storage.googleapis.com/vinfast-data-01/brochure/09042026/VFVN_VF%205_Brochure%20B%E1%BA%A3n%20s%E1%BB%ADa%20290126_1333PM.pdf|12|[33.7, 141.7, 234.0, 153.6]|p12_b02|0.98
VF 5|||dimension|Kích thước & trọng lượng|length_mm|length_mm|3967|mm|vf5_brochure|https://storage.googleapis.com/vinfast-data-01/brochure/09042026/VFVN_VF%205_Brochure%20B%E1%BA%A3n%20s%E1%BB%ADa%20290126_1333PM.pdf|12|[33.7, 157.7, 234.0, 168.5]|p12_b02|0.98
VF 5|||dimension|Kích thước & trọng lượng|width_mm|width_mm|1723|mm|vf5_brochure|https://storage.googleapis.com/vinfast-data-01/brochure/09042026/VFVN_VF%205_Brochure%20B%E1%BA%A3n%20s%E1%BB%ADa%20290126_1333PM.pdf|12|[33.7, 157.7, 234.0, 168.5]|p12_b02|0.98
VF 5|||dimension|Kích thước & trọng lượng|height_mm|height_mm|1579|mm|vf5_brochure|https://storage.googleapis.com/vinfast-data-01/brochure/09042026/VFVN_VF%205_Brochure%20B%E1%BA%A3n%20s%E1%BB%ADa%20290126_1333PM.pdf|12|[33.7, 157.7, 234.0, 168.5]|p12_b02|0.98
VF 5|||dimension|Kích thước & trọng lượng|ground_clearance_mm|ground_clearance_mm|160|mm|vf5_brochure|https://storage.googleapis.com/vinfast-data-01/brochure/09042026/VFVN_VF%205_Brochure%20B%E1%BA%A3n%20s%E1%BB%ADa%20290126_1333PM.pdf|12|[33.7, 172.6, 234.0, 183.3]|p12_b02|0.98
VF 5|||dimension|Kích thước & trọng lượng|Dung tích khoang chứa hành lý (Có/gập hàng ghế cuối)|Dung tích khoang chứa hành lý (Có/gập hàng ghế cuối)|331/1015|lít|vf5_brochure|https://storage.googleapis.com/vinfast-data-01/brochure/09042026/VFVN_VF%205_Brochure%20B%E1%BA%A3n%20s%E1%BB%ADa%20290126_1333PM.pdf|12|[33.7, 187.5, 234.0, 208.3]|p12_b02|0.98
VF 5|||dimension|Kích thước & trọng lượng|Trọng lượng không tải|Trọng lượng không tải|1.340|kg|vf5_brochure|https://storage.googleapis.com/vinfast-data-01/brochure/09042026/VFVN_VF%205_Brochure%20B%E1%BA%A3n%20s%E1%BB%ADa%20290126_1333PM.pdf|12|[33.7, 214.3, 234.0, 225.0]|p12_b02|0.98
VF 5|||dimension|Kích thước & trọng lượng|Tải trọng|Tải trọng|325|kg|vf5_brochure|https://storage.googleapis.com/vinfast-data-01/brochure/09042026/VFVN_VF%205_Brochure%20B%E1%BA%A3n%20s%E1%BB%ADa%20290126_1333PM.pdf|12|[33.7, 231.0, 234.0, 241.7]|p12_b02|0.98
VF 5|||chassis|Khung gầm & hệ thống treo|Hệ thống treo - trước|Hệ thống treo|Độc lập, MacPherson||vf5_brochure|https://storage.googleapis.com/vinfast-data-01/brochure/09042026/VFVN_VF%205_Brochure%20B%E1%BA%A3n%20s%E1%BB%ADa%20290126_1333PM.pdf|12|[33.7, 303.6, 234.0, 315.5]|p12_b02|0.98
VF 5|||chassis|Khung gầm & hệ thống treo|Hệ thống treo - sau|Hệ thống treo|Dầm xoắn||vf5_brochure|https://storage.googleapis.com/vinfast-data-01/brochure/09042026/VFVN_VF%205_Brochure%20B%E1%BA%A3n%20s%E1%BB%ADa%20290126_1333PM.pdf|12|[33.7, 319.1, 234.0, 330.4]|p12_b02|0.98
VF 5|||chassis|Khung gầm & hệ thống treo|Hệ thống phanh trước/sau|Phanh trước|Đĩa thông gió/đĩa||vf5_brochure|https://storage.googleapis.com/vinfast-data-01/brochure/09042026/VFVN_VF%205_Brochure%20B%E1%BA%A3n%20s%E1%BB%ADa%20290126_1333PM.pdf|12|[33.7, 334.5, 234.0, 345.9]|p12_b02|0.98
VF 5|||chassis|Khung gầm & hệ thống treo|Loại la-zăng|Kích thước la-zăng|Hợp kim 17 inch||vf5_brochure|https://storage.googleapis.com/vinfast-data-01/brochure/09042026/VFVN_VF%205_Brochure%20B%E1%BA%A3n%20s%E1%BB%ADa%20290126_1333PM.pdf|12|[33.7, 349.4, 234.0, 361.3]|p12_b02|0.98
VF 5|||chassis|Khung gầm & hệ thống treo|Trợ lực lái|Trợ lực lái|EPS/Trợ lực điện||vf5_brochure|https://storage.googleapis.com/vinfast-data-01/brochure/09042026/VFVN_VF%205_Brochure%20B%E1%BA%A3n%20s%E1%BB%ADa%20290126_1333PM.pdf|12|[33.7, 365.5, 234.0, 376.8]|p12_b02|0.98
VF 5|||exterior|Ngoại thất|Đèn pha|Đèn pha|Halogen Tự động bật/tắt||vf5_brochure|https://storage.googleapis.com/vinfast-data-01/brochure/09042026/VFVN_VF%205_Brochure%20B%E1%BA%A3n%20s%E1%BB%ADa%20290126_1333PM.pdf|12|[33.7, 435.1, 234.0, 446.5]|p12_b02|0.98
VF 5|||exterior|Ngoại thất|Đèn hậu|Đèn hậu|Halogen||vf5_brochure|https://storage.googleapis.com/vinfast-data-01/brochure/09042026/VFVN_VF%205_Brochure%20B%E1%BA%A3n%20s%E1%BB%ADa%20290126_1333PM.pdf|12|[33.7, 450.6, 234.0, 461.9]|p12_b02|0.98
VF 5|||exterior|Ngoại thất|Gương chiếu hậu|Gương chiếu hậu|Chỉnh điện tích hợp báo rẽ||vf5_brochure|https://storage.googleapis.com/vinfast-data-01/brochure/09042026/VFVN_VF%205_Brochure%20B%E1%BA%A3n%20s%E1%BB%ADa%20290126_1333PM.pdf|12|[33.7, 466.1, 234.0, 477.4]|p12_b02|0.98
VF 5|||exterior|Ngoại thất|Kính cửa sổ chỉnh điện|Kính cửa sổ chỉnh điện|Có||vf5_brochure|https://storage.googleapis.com/vinfast-data-01/brochure/09042026/VFVN_VF%205_Brochure%20B%E1%BA%A3n%20s%E1%BB%ADa%20290126_1333PM.pdf|12|[33.7, 481.6, 234.0, 492.9]|p12_b02|0.98
VF 5|||exterior|Ngoại thất|Kính chắn gió|Kính chắn gió|Lên/xuống một chạm cửa tài xế||vf5_brochure|https://storage.googleapis.com/vinfast-data-01/brochure/09042026/VFVN_VF%205_Brochure%20B%E1%BA%A3n%20s%E1%BB%ADa%20290126_1333PM.pdf|12|[33.7, 494.7, 234.0, 506.6]|p12_b02|0.98
VF 5|||exterior|Ngoại thất|Kính chắn gió|Kính chắn gió|Chống tia UV||vf5_brochure|https://storage.googleapis.com/vinfast-data-01/brochure/09042026/VFVN_VF%205_Brochure%20B%E1%BA%A3n%20s%E1%BB%ADa%20290126_1333PM.pdf|12|[33.7, 508.4, 234.0, 519.7]|p12_b02|0.98
VF 5|||exterior|Ngoại thất|Tấm bảo vệ dưới thân xe|Tấm bảo vệ dưới thân xe|Có||vf5_brochure|https://storage.googleapis.com/vinfast-data-01/brochure/09042026/VFVN_VF%205_Brochure%20B%E1%BA%A3n%20s%E1%BB%ADa%20290126_1333PM.pdf|12|[33.7, 523.8, 234.0, 535.2]|p12_b02|0.98
VF 5|||powertrain|Hệ thống truyền động|Cấu hình động cơ|Loại động cơ|1 Motor điện||vf5_brochure|https://storage.googleapis.com/vinfast-data-01/brochure/09042026/VFVN_VF%205_Brochure%20B%E1%BA%A3n%20s%E1%BB%ADa%20290126_1333PM.pdf|12|[316.6, 166.7, 516.9, 177.4]|p12_b02|0.98
VF 5|||powertrain|Hệ thống truyền động|power_kw|power_kw|100|kW/hp|vf5_brochure|https://storage.googleapis.com/vinfast-data-01/brochure/09042026/VFVN_VF%205_Brochure%20B%E1%BA%A3n%20s%E1%BB%ADa%20290126_1333PM.pdf|12|[316.6, 182.7, 516.9, 193.5]|p12_b02|0.98
VF 5|||powertrain|Hệ thống truyền động|torque_nm|torque_nm|135|Nm|vf5_brochure|https://storage.googleapis.com/vinfast-data-01/brochure/09042026/VFVN_VF%205_Brochure%20B%E1%BA%A3n%20s%E1%BB%ADa%20290126_1333PM.pdf|12|[316.6, 198.8, 516.9, 209.5]|p12_b02|0.98
VF 5|||powertrain|Hệ thống truyền động|Tăng tốc 0 - 100 km/h|Tăng tốc 0 - 100 km/h|12|s|vf5_brochure|https://storage.googleapis.com/vinfast-data-01/brochure/09042026/VFVN_VF%205_Brochure%20B%E1%BA%A3n%20s%E1%BB%ADa%20290126_1333PM.pdf|12|[316.6, 214.9, 516.9, 225.6]|p12_b02|0.98
VF 5|||powertrain|Hệ thống truyền động|drivetrain|drivetrain|FWD/Cầu trước||vf5_brochure|https://storage.googleapis.com/vinfast-data-01/brochure/09042026/VFVN_VF%205_Brochure%20B%E1%BA%A3n%20s%E1%BB%ADa%20290126_1333PM.pdf|12|[316.6, 276.8, 516.9, 287.5]|p12_b02|0.98
VF 5|||powertrain|Hệ thống truyền động|Chọn chế độ lái|Chế độ lái|Eco/Sport||vf5_brochure|https://storage.googleapis.com/vinfast-data-01/brochure/09042026/VFVN_VF%205_Brochure%20B%E1%BA%A3n%20s%E1%BB%ADa%20290126_1333PM.pdf|12|[316.6, 292.9, 516.9, 303.6]|p12_b02|0.98
VF 5|||battery|Pin & sạc|battery_type|battery_type|LFP||vf5_brochure|https://storage.googleapis.com/vinfast-data-01/brochure/09042026/VFVN_VF%205_Brochure%20B%E1%BA%A3n%20s%E1%BB%ADa%20290126_1333PM.pdf|12|[316.6, 345.3, 516.9, 356.0]|p12_b02|0.98
VF 5|||battery|Pin & sạc|battery_kwh|battery_kwh|37.23|kWh|vf5_brochure|https://storage.googleapis.com/vinfast-data-01/brochure/09042026/VFVN_VF%205_Brochure%20B%E1%BA%A3n%20s%E1%BB%ADa%20290126_1333PM.pdf|12|[316.6, 361.3, 516.9, 372.0]|p12_b02|0.98
VF 5|||battery|Pin & sạc|range_km|range_km|326|km|vf5_brochure|https://storage.googleapis.com/vinfast-data-01/brochure/09042026/VFVN_VF%205_Brochure%20B%E1%BA%A3n%20s%E1%BB%ADa%20290126_1333PM.pdf|12|[316.6, 377.4, 516.9, 401.2]|p12_b02|0.98
VF 5|||battery|Pin & sạc|fast_charge_min|fast_charge_min|33|phút|vf5_brochure|https://storage.googleapis.com/vinfast-data-01/brochure/09042026/VFVN_VF%205_Brochure%20B%E1%BA%A3n%20s%E1%BB%ADa%20290126_1333PM.pdf|12|[316.6, 406.0, 516.9, 427.4]|p12_b02|0.98
VF 5|||interior|Nội thất|seats|seats|5||vf5_brochure|https://storage.googleapis.com/vinfast-data-01/brochure/09042026/VFVN_VF%205_Brochure%20B%E1%BA%A3n%20s%E1%BB%ADa%20290126_1333PM.pdf|12|[586.0, 147.6, 813.3, 158.3]|p12_b02|0.98
VF 5|||interior|Nội thất|Chất liệu bọc ghế|Chất liệu bọc ghế|Giả da||vf5_brochure|https://storage.googleapis.com/vinfast-data-01/brochure/09042026/VFVN_VF%205_Brochure%20B%E1%BA%A3n%20s%E1%BB%ADa%20290126_1333PM.pdf|12|[586.0, 163.1, 813.3, 173.8]|p12_b02|0.98
VF 5|||interior|Nội thất|Ghế lái|Ghế lái|Chỉnh cơ 6 hướng||vf5_brochure|https://storage.googleapis.com/vinfast-data-01/brochure/09042026/VFVN_VF%205_Brochure%20B%E1%BA%A3n%20s%E1%BB%ADa%20290126_1333PM.pdf|12|[586.0, 178.6, 813.3, 189.3]|p12_b02|0.98
VF 5|||interior|Nội thất|Ghế phụ|Ghế phụ|Chỉnh cơ 4 hướng||vf5_brochure|https://storage.googleapis.com/vinfast-data-01/brochure/09042026/VFVN_VF%205_Brochure%20B%E1%BA%A3n%20s%E1%BB%ADa%20290126_1333PM.pdf|12|[586.0, 194.1, 813.3, 204.8]|p12_b02|0.98
VF 5|||interior|Nội thất|Hàng ghế thứ hai|Hàng ghế thứ 2|Có thể gập theo tỷ lệ 60:40||vf5_brochure|https://storage.googleapis.com/vinfast-data-01/brochure/09042026/VFVN_VF%205_Brochure%20B%E1%BA%A3n%20s%E1%BB%ADa%20290126_1333PM.pdf|12|[586.0, 209.5, 813.3, 220.3]|p12_b02|0.98
VF 5|||interior|Nội thất|Vô lăng|Vô lăng|Chỉnh cơ 2 hướng, tích hợp nút bấm điều khiển tính năng giải trí và ga tự động||vf5_brochure|https://storage.googleapis.com/vinfast-data-01/brochure/09042026/VFVN_VF%205_Brochure%20B%E1%BA%A3n%20s%E1%BB%ADa%20290126_1333PM.pdf|12|[586.0, 225.0, 813.3, 246.4]|p12_b02|0.98
VF 5|||interior|Nội thất|Hệ thống điều hòa|Hệ thống điều hòa|1 vùng||vf5_brochure|https://storage.googleapis.com/vinfast-data-01/brochure/09042026/VFVN_VF%205_Brochure%20B%E1%BA%A3n%20s%E1%BB%ADa%20290126_1333PM.pdf|12|[586.0, 263.7, 813.3, 274.4]|p12_b02|0.98
VF 5|||interior|Nội thất|Lọc không khí Cabin|Lọc không khí|PM2.5||vf5_brochure|https://storage.googleapis.com/vinfast-data-01/brochure/09042026/VFVN_VF%205_Brochure%20B%E1%BA%A3n%20s%E1%BB%ADa%20290126_1333PM.pdf|12|[586.0, 279.8, 813.3, 290.5]|p12_b02|0.98
VF 5|||interior|Nội thất|Chức năng làm tan sương/tan băng|Chức năng làm tan sương/tan băng|Có||vf5_brochure|https://storage.googleapis.com/vinfast-data-01/brochure/09042026/VFVN_VF%205_Brochure%20B%E1%BA%A3n%20s%E1%BB%ADa%20290126_1333PM.pdf|12|[586.0, 295.9, 813.3, 306.6]|p12_b02|0.98
VF 5|||interior|Nội thất|display_inch|display_inch|8|inch|vf5_brochure|https://storage.googleapis.com/vinfast-data-01/brochure/09042026/VFVN_VF%205_Brochure%20B%E1%BA%A3n%20s%E1%BB%ADa%20290126_1333PM.pdf|12|[586.0, 311.3, 813.3, 322.0]|p12_b02|0.98
VF 5|||interior|Nội thất|Bảng đồng hồ thông tin lái|Bảng đồng hồ thông tin lái|7-inch|inch|vf5_brochure|https://storage.googleapis.com/vinfast-data-01/brochure/09042026/VFVN_VF%205_Brochure%20B%E1%BA%A3n%20s%E1%BB%ADa%20290126_1333PM.pdf|12|[586.0, 327.4, 813.3, 338.1]|p12_b02|0.98
VF 5|||infotainment|Giải trí & kết nối|Cổng kết nối USB|Kết nối (Bluetooth/Wifi/USB)|Hàng ghế trước: 1 (Cổng dữ liệu và sạc 7,5W); Hàng ghế thứ hai: 1 (Cổng sạc 18W)||vf5_brochure|https://storage.googleapis.com/vinfast-data-01/brochure/09042026/VFVN_VF%205_Brochure%20B%E1%BA%A3n%20s%E1%BB%ADa%20290126_1333PM.pdf|12|[586.0, 342.9, 813.3, 361.3]|p12_b02|0.98
VF 5|||infotainment|Giải trí & kết nối|Quản lý WiFi (kết nối/phát hotspot)|Kết nối (Bluetooth/Wifi/USB)|Có||vf5_brochure|https://storage.googleapis.com/vinfast-data-01/brochure/09042026/VFVN_VF%205_Brochure%20B%E1%BA%A3n%20s%E1%BB%ADa%20290126_1333PM.pdf|12|[586.0, 378.6, 813.3, 389.3]|p12_b02|0.98
VF 5|||interior|Nội thất|Quản lý thiết bị Bluetooth (Điện thoại và nghe nhạc)|Quản lý thiết bị Bluetooth (Điện thoại và nghe nhạc)|Có||vf5_brochure|https://storage.googleapis.com/vinfast-data-01/brochure/09042026/VFVN_VF%205_Brochure%20B%E1%BA%A3n%20s%E1%BB%ADa%20290126_1333PM.pdf|12|[586.0, 394.7, 813.3, 405.4]|p12_b02|0.98
VF 5|||interior|Nội thất|Chìa khóa|Chìa khóa|Chìa khóa từ xa||vf5_brochure|https://storage.googleapis.com/vinfast-data-01/brochure/09042026/VFVN_VF%205_Brochure%20B%E1%BA%A3n%20s%E1%BB%ADa%20290126_1333PM.pdf|12|[586.0, 410.7, 813.3, 421.5]|p12_b02|0.98
VF 5|||infotainment|Giải trí & kết nối|Hệ thống loa|Hệ thống loa|4||vf5_brochure|https://storage.googleapis.com/vinfast-data-01/brochure/09042026/VFVN_VF%205_Brochure%20B%E1%BA%A3n%20s%E1%BB%ADa%20290126_1333PM.pdf|12|[586.0, 426.2, 813.3, 436.9]|p12_b02|0.98
VF 5|||safety|An toàn|Hệ thống chống bó cứng phanh ABS|Hệ thống chống bó cứng phanh (ABS)|Có||vf5_brochure|https://storage.googleapis.com/vinfast-data-01/brochure/09042026/VFVN_VF%205_Brochure%20B%E1%BA%A3n%20s%E1%BB%ADa%20290126_1333PM.pdf|12|[870.5, 148.2, 1118.0, 158.9]|p12_b02|0.98
VF 5|||safety|An toàn|Chức năng phân phối lực phanh điện tử EBD|Chức năng phân phối lực phanh điện tử EBD|Có||vf5_brochure|https://storage.googleapis.com/vinfast-data-01/brochure/09042026/VFVN_VF%205_Brochure%20B%E1%BA%A3n%20s%E1%BB%ADa%20290126_1333PM.pdf|12|[870.5, 164.3, 1118.0, 175.0]|p12_b02|0.98
VF 5|||safety|An toàn|Hỗ trợ lực phanh khẩn cấp (BA)|Hỗ trợ lực phanh khẩn cấp (BA)|Có||vf5_brochure|https://storage.googleapis.com/vinfast-data-01/brochure/09042026/VFVN_VF%205_Brochure%20B%E1%BA%A3n%20s%E1%BB%ADa%20290126_1333PM.pdf|12|[870.5, 180.4, 1118.0, 191.1]|p12_b02|0.98
VF 5|||safety|An toàn|Hệ thống cân bằng điện tử ESC|Hệ thống cân bằng điện tử ESC|Có||vf5_brochure|https://storage.googleapis.com/vinfast-data-01/brochure/09042026/VFVN_VF%205_Brochure%20B%E1%BA%A3n%20s%E1%BB%ADa%20290126_1333PM.pdf|12|[870.5, 196.4, 1118.0, 207.2]|p12_b02|0.98
VF 5|||safety|An toàn|Chức năng kiểm soát lực kéo TCS|Chức năng kiểm soát lực kéo TCS|Có||vf5_brochure|https://storage.googleapis.com/vinfast-data-01/brochure/09042026/VFVN_VF%205_Brochure%20B%E1%BA%A3n%20s%E1%BB%ADa%20290126_1333PM.pdf|12|[870.5, 212.5, 1118.0, 223.2]|p12_b02|0.98
VF 5|||safety|An toàn|Hỗ trợ khởi hành ngang dốc HSA|Hỗ trợ khởi hành ngang dốc HSA|Có||vf5_brochure|https://storage.googleapis.com/vinfast-data-01/brochure/09042026/VFVN_VF%205_Brochure%20B%E1%BA%A3n%20s%E1%BB%ADa%20290126_1333PM.pdf|12|[870.5, 228.6, 1118.0, 239.3]|p12_b02|0.98
VF 5|||safety|An toàn|Đèn báo nguy hiểm khi phanh khẩn cấp ESS|Đèn báo nguy hiểm khi phanh khẩn cấp ESS|Có||vf5_brochure|https://storage.googleapis.com/vinfast-data-01/brochure/09042026/VFVN_VF%205_Brochure%20B%E1%BA%A3n%20s%E1%BB%ADa%20290126_1333PM.pdf|12|[870.5, 244.7, 1118.0, 255.4]|p12_b02|0.98
VF 5|||safety|An toàn|Giám sát áp suất lốp|Giám sát áp suất lốp|ITPMS||vf5_brochure|https://storage.googleapis.com/vinfast-data-01/brochure/09042026/VFVN_VF%205_Brochure%20B%E1%BA%A3n%20s%E1%BB%ADa%20290126_1333PM.pdf|12|[870.5, 260.7, 1118.0, 271.4]|p12_b02|0.98
VF 5|||safety|An toàn|Khóa cửa xe tự động khi xe di chuyển|Khóa cửa xe tự động khi xe di chuyển|Có||vf5_brochure|https://storage.googleapis.com/vinfast-data-01/brochure/09042026/VFVN_VF%205_Brochure%20B%E1%BA%A3n%20s%E1%BB%ADa%20290126_1333PM.pdf|12|[870.5, 276.8, 1118.0, 287.5]|p12_b02|0.98
VF 5|||safety|An toàn|Càng đai khẩn cấp ghế trước|Càng đai khẩn cấp ghế trước|Có||vf5_brochure|https://storage.googleapis.com/vinfast-data-01/brochure/09042026/VFVN_VF%205_Brochure%20B%E1%BA%A3n%20s%E1%BB%ADa%20290126_1333PM.pdf|12|[870.5, 292.9, 1118.0, 303.6]|p12_b02|0.98
VF 5|||safety|An toàn|Móc cố định ghế trẻ em ISOFIX, hàng ghế thứ 2|Móc cố định ghế trẻ em ISOFIX|Có||vf5_brochure|https://storage.googleapis.com/vinfast-data-01/brochure/09042026/VFVN_VF%205_Brochure%20B%E1%BA%A3n%20s%E1%BB%ADa%20290126_1333PM.pdf|12|[870.5, 308.9, 1118.0, 319.7]|p12_b02|0.98
VF 5|||safety|An toàn|Cảnh báo thắt dây an toàn hàng ghế trước|Cảnh báo thắt dây an toàn hàng ghế trước|Có||vf5_brochure|https://storage.googleapis.com/vinfast-data-01/brochure/09042026/VFVN_VF%205_Brochure%20B%E1%BA%A3n%20s%E1%BB%ADa%20290126_1333PM.pdf|12|[870.5, 325.0, 1118.0, 335.7]|p12_b02|0.98
VF 5|||safety|An toàn|Cảnh báo chống trộm|Cảnh báo chống trộm|Có||vf5_brochure|https://storage.googleapis.com/vinfast-data-01/brochure/09042026/VFVN_VF%205_Brochure%20B%E1%BA%A3n%20s%E1%BB%ADa%20290126_1333PM.pdf|12|[870.5, 341.1, 1118.0, 351.8]|p12_b02|0.98
VF 5|||powertrain|Hệ thống truyền động|Tính năng khóa động cơ khi có trộm|Loại động cơ|Có||vf5_brochure|https://storage.googleapis.com/vinfast-data-01/brochure/09042026/VFVN_VF%205_Brochure%20B%E1%BA%A3n%20s%E1%BB%ADa%20290126_1333PM.pdf|12|[870.5, 357.2, 1118.0, 367.9]|p12_b02|0.98
VF 5|||safety|An toàn|airbags|airbags|6||vf5_brochure|https://storage.googleapis.com/vinfast-data-01/brochure/09042026/VFVN_VF%205_Brochure%20B%E1%BA%A3n%20s%E1%BB%ADa%20290126_1333PM.pdf|12|[870.5, 386.9, 1118.0, 398.8]|p12_b02|0.98
VF 5|||safety|An toàn|airbags|airbags|2||vf5_brochure|https://storage.googleapis.com/vinfast-data-01/brochure/09042026/VFVN_VF%205_Brochure%20B%E1%BA%A3n%20s%E1%BB%ADa%20290126_1333PM.pdf|12|[870.5, 405.4, 1118.0, 416.1]|p12_b02|0.98
VF 5|||safety|An toàn|airbags|airbags|2||vf5_brochure|https://storage.googleapis.com/vinfast-data-01/brochure/09042026/VFVN_VF%205_Brochure%20B%E1%BA%A3n%20s%E1%BB%ADa%20290126_1333PM.pdf|12|[870.5, 420.9, 1118.0, 431.6]|p12_b02|0.98
VF 5|||safety|An toàn|airbags|airbags|2||vf5_brochure|https://storage.googleapis.com/vinfast-data-01/brochure/09042026/VFVN_VF%205_Brochure%20B%E1%BA%A3n%20s%E1%BB%ADa%20290126_1333PM.pdf|12|[870.5, 436.3, 1118.0, 447.1]|p12_b02|0.98
VF 5|||adas|Hỗ trợ lái nâng cao (ADAS)|Ga tự động|Ga tự động|Có||vf5_brochure|https://storage.googleapis.com/vinfast-data-01/brochure/09042026/VFVN_VF%205_Brochure%20B%E1%BA%A3n%20s%E1%BB%ADa%20290126_1333PM.pdf|12|[1143.3, 148.2, 1387.4, 158.9]|p12_b02|0.98
VF 5|||adas|Hỗ trợ lái nâng cao (ADAS)|Cảnh báo phương tiện cắt ngang phía sau|Cảnh báo phương tiện cắt ngang phía sau|Có||vf5_brochure|https://storage.googleapis.com/vinfast-data-01/brochure/09042026/VFVN_VF%205_Brochure%20B%E1%BA%A3n%20s%E1%BB%ADa%20290126_1333PM.pdf|12|[1143.3, 164.3, 1387.4, 175.0]|p12_b02|0.98
VF 5|||adas|Hỗ trợ lái nâng cao (ADAS)|Cảnh báo điểm mù|Cảnh báo điểm mù (BSD)|Có||vf5_brochure|https://storage.googleapis.com/vinfast-data-01/brochure/09042026/VFVN_VF%205_Brochure%20B%E1%BA%A3n%20s%E1%BB%ADa%20290126_1333PM.pdf|12|[1143.3, 180.4, 1387.4, 191.1]|p12_b02|0.98
VF 5|||adas|Hỗ trợ lái nâng cao (ADAS)|Cảnh báo mở cửa|Cảnh báo mở cửa|Có||vf5_brochure|https://storage.googleapis.com/vinfast-data-01/brochure/09042026/VFVN_VF%205_Brochure%20B%E1%BA%A3n%20s%E1%BB%ADa%20290126_1333PM.pdf|12|[1143.3, 196.4, 1387.4, 207.2]|p12_b02|0.98
VF 5|||safety|An toàn|Camera lùi|Camera lùi|Có||vf5_brochure|https://storage.googleapis.com/vinfast-data-01/brochure/09042026/VFVN_VF%205_Brochure%20B%E1%BA%A3n%20s%E1%BB%ADa%20290126_1333PM.pdf|12|[1143.3, 212.5, 1387.4, 223.2]|p12_b02|0.98
VF 5|||adas|Hỗ trợ lái nâng cao (ADAS)|Hỗ trợ đỗ phía sau|Hỗ trợ đỗ phía sau|Có||vf5_brochure|https://storage.googleapis.com/vinfast-data-01/brochure/09042026/VFVN_VF%205_Brochure%20B%E1%BA%A3n%20s%E1%BB%ADa%20290126_1333PM.pdf|12|[1143.3, 228.6, 1387.4, 239.3]|p12_b02|0.98
VF 5|||safety|An toàn|Chẩn đoán lỗi trên xe tự động|Chẩn đoán lỗi trên xe tự động|Có||vf5_brochure|https://storage.googleapis.com/vinfast-data-01/brochure/09042026/VFVN_VF%205_Brochure%20B%E1%BA%A3n%20s%E1%BB%ADa%20290126_1333PM.pdf|12|[1143.3, 323.8, 1387.4, 334.5]|p12_b02|0.98
VF 5|||infotainment|Giải trí & kết nối|Đồng bộ tài khoản & Quản lý hồ sơ người lái|Đồng bộ tài khoản & Quản lý hồ sơ người lái|Có||vf5_brochure|https://storage.googleapis.com/vinfast-data-01/brochure/09042026/VFVN_VF%205_Brochure%20B%E1%BA%A3n%20s%E1%BB%ADa%20290126_1333PM.pdf|12|[1143.3, 372.0, 1387.4, 382.8]|p12_b02|0.98
VF 5|||infotainment|Giải trí & kết nối|Giải trí âm thanh: FM Radio, USB, Bluetooth|Giải trí âm thanh: FM Radio, USB, Bluetooth|Có||vf5_brochure|https://storage.googleapis.com/vinfast-data-01/brochure/09042026/VFVN_VF%205_Brochure%20B%E1%BA%A3n%20s%E1%BB%ADa%20290126_1333PM.pdf|12|[1143.3, 388.1, 1387.4, 398.8]|p12_b02|0.98
VF 5|||infotainment|Giải trí & kết nối|Kết nối Android Auto và Apple Carplay không dây|Kết nối (Bluetooth/Wifi/USB)|Có||vf5_brochure|https://storage.googleapis.com/vinfast-data-01/brochure/09042026/VFVN_VF%205_Brochure%20B%E1%BA%A3n%20s%E1%BB%ADa%20290126_1333PM.pdf|12|[1143.3, 404.2, 1387.4, 414.9]|p12_b02|0.98
VF 5|||infotainment|Giải trí & kết nối|Điều khiển xe bằng giọng nói|Điều khiển xe bằng giọng nói|Có||vf5_brochure|https://storage.googleapis.com/vinfast-data-01/brochure/09042026/VFVN_VF%205_Brochure%20B%E1%BA%A3n%20s%E1%BB%ADa%20290126_1333PM.pdf|12|[1404.3, 163.1, 1629.9, 173.8]|p12_b02|0.98
VF 5|||infotainment|Giải trí & kết nối|Hỏi đáp thông tin thời tiết, tiện ích, tính năng xe|Hỏi đáp thông tin thời tiết, tiện ích, tính năng xe|Có||vf5_brochure|https://storage.googleapis.com/vinfast-data-01/brochure/09042026/VFVN_VF%205_Brochure%20B%E1%BA%A3n%20s%E1%BB%ADa%20290126_1333PM.pdf|12|[1404.3, 179.2, 1629.9, 189.9]|p12_b02|0.98
VF 5|||connected|Kết nối thông minh|Giám sát xe từ xa (vị trí, thông số)|Giám sát xe từ xa (vị trí, thông số)|Có||vf5_brochure|https://storage.googleapis.com/vinfast-data-01/brochure/09042026/VFVN_VF%205_Brochure%20B%E1%BA%A3n%20s%E1%BB%ADa%20290126_1333PM.pdf|12|[1404.3, 224.4, 1629.9, 235.1]|p12_b02|0.98
VF 5|||connected|Kết nối thông minh|Tìm kiếm trạm sạc|Tìm kiếm trạm sạc|Có||vf5_brochure|https://storage.googleapis.com/vinfast-data-01/brochure/09042026/VFVN_VF%205_Brochure%20B%E1%BA%A3n%20s%E1%BB%ADa%20290126_1333PM.pdf|12|[1404.3, 240.5, 1629.9, 251.2]|p12_b02|0.98
VF 5|||connected|Kết nối thông minh|Thanh toán phí sạc|Thanh toán phí sạc qua app|Có||vf5_brochure|https://storage.googleapis.com/vinfast-data-01/brochure/09042026/VFVN_VF%205_Brochure%20B%E1%BA%A3n%20s%E1%BB%ADa%20290126_1333PM.pdf|12|[1404.3, 256.6, 1629.9, 267.3]|p12_b02|0.98
VF 5|||connected|Kết nối thông minh|Đặt lịch sửa chữa, bảo dưỡng|Đặt lịch sửa chữa, bảo dưỡng|Có||vf5_brochure|https://storage.googleapis.com/vinfast-data-01/brochure/09042026/VFVN_VF%205_Brochure%20B%E1%BA%A3n%20s%E1%BB%ADa%20290126_1333PM.pdf|12|[1404.3, 272.6, 1629.9, 283.4]|p12_b02|0.98
VF 5|||connected|Kết nối thông minh|Thông tin khuyến mại & phụ kiện|Thông tin khuyến mại & phụ kiện|Có||vf5_brochure|https://storage.googleapis.com/vinfast-data-01/brochure/09042026/VFVN_VF%205_Brochure%20B%E1%BA%A3n%20s%E1%BB%ADa%20290126_1333PM.pdf|12|[1404.3, 288.7, 1629.9, 299.4]|p12_b02|0.98
VF 6|||exterior|Ngoại thất|Dải Đèn Định Vị LED|Dải Đèn Định Vị LED|Tạo Hình Cánh Chim||vf6_brochure|https://xeotovinfast.com.vn/wp-content/uploads/2024/03/VF6_Brochure_VN.pdf|5|[1678.7, 177.3, 1678.7, 206.8]|p05_b02|0.4
VF 6|VF 6 Plus||exterior|Ngoại thất|Đèn Pha tự động|Đèn pha|Cải thiện tầm nhìn ban đêm||vf6_brochure|https://xeotovinfast.com.vn/wp-content/uploads/2024/03/VF6_Brochure_VN.pdf|5|[1678.7, 236.3, 1678.7, 265.9]|p05_b02|0.4
VF 6|VF 6 Plus||chassis|Khung gầm & hệ thống treo|La-zăng Hợp Kim Nhôm 18 inch|Kích thước la-zăng|Khỏe khoắn & cứng cáp||vf6_brochure|https://xeotovinfast.com.vn/wp-content/uploads/2024/03/VF6_Brochure_VN.pdf|5|[1678.7, 295.4, 1678.7, 325.0]|p05_b02|0.4
VF 6|||dimension|Kích thước & trọng lượng|wheelbase_mm|wheelbase_mm|2730|mm|vf6_brochure|https://xeotovinfast.com.vn/wp-content/uploads/2024/03/VF6_Brochure_VN.pdf|5|[83.9, 384.1, 419.7, 413.6]|p05_b02|0.98
VF 6|Plus||powertrain|Hệ thống truyền động|torque_nm|torque_nm|310|Nm|vf6_brochure|https://xeotovinfast.com.vn/wp-content/uploads/2024/03/VF6_Brochure_VN.pdf|6|[83.9, 472.7, 503.6, 502.2]|p06_b02|0.98
VF 6|Eco||powertrain|Hệ thống truyền động|Phạm vi di chuyển|Phạm vi di chuyển|485|km|vf6_brochure|https://xeotovinfast.com.vn/wp-content/uploads/2024/03/VF6_Brochure_VN.pdf|6|[587.5, 472.7, 1007.2, 502.2]|p06_b02|0.98
VF 6|Plus||powertrain|Hệ thống truyền động|power_kw|power_kw|150|kW|vf6_brochure|https://xeotovinfast.com.vn/wp-content/uploads/2024/03/VF6_Brochure_VN.pdf|6|[1091.1, 472.7, 1594.7, 502.2]|p06_b02|0.98
VF 6|||powertrain|Hệ thống truyền động|Chế độ lái|Chế độ lái|ECO / NORMAL / SPORT||vf6_brochure|https://xeotovinfast.com.vn/wp-content/uploads/2024/03/VF6_Brochure_VN.pdf|6|[503.6, 472.7, 1594.7, 502.2]|p06_b02|0.98
VF 6|||exterior|Ngoại thất|Màu cơ bản|Màu cơ bản|Đỏ - Solar Ruby, Trắng - Infinity Blanc, Xám - Zenith Grey, Đen - Jet Black||vf6_brochure|https://xeotovinfast.com.vn/wp-content/uploads/2024/03/VF6_Brochure_VN.pdf|9|[1678.7, 118.2, 1678.7, 177.3]|p09_b02|0.4
VF 6|||exterior|Ngoại thất|Màu nâng cao|Màu nâng cao|Xanh Lá Nhạt - Urban Mint||vf6_brochure|https://xeotovinfast.com.vn/wp-content/uploads/2024/03/VF6_Brochure_VN.pdf|9|[1678.7, 177.3, 1678.7, 206.8]|p09_b02|0.4
VF 6|Eco||interior|Nội thất|Màu nội thất ECO|Màu nội thất ECO|Be - Beige, Đen - Granite Black||vf6_brochure|https://xeotovinfast.com.vn/wp-content/uploads/2024/03/VF6_Brochure_VN.pdf|9|[1678.7, 354.5, 1678.7, 413.6]|p09_b02|0.4
VF 6|Plus||interior|Nội thất|Màu nội thất PLUS|Màu nội thất PLUS|Nâu Mocha - Mocha Brown, Be - Beige||vf6_brochure|https://xeotovinfast.com.vn/wp-content/uploads/2024/03/VF6_Brochure_VN.pdf|9|[1678.7, 413.6, 1678.7, 472.7]|p09_b02|0.4
VF 6|VF 6 Plus||dimension|Kích thước & trọng lượng|length_mm|length_mm|4241|mm|vf6_brochure|https://xeotovinfast.com.vn/wp-content/uploads/2024/03/VF6_Brochure_VN.pdf|11|[83.9, 29.5, 1594.7, 59.1]|p11_b02|0.98
VF 6|VF 6 Plus||dimension|Kích thước & trọng lượng|width_mm|width_mm|1834|mm|vf6_brochure|https://xeotovinfast.com.vn/wp-content/uploads/2024/03/VF6_Brochure_VN.pdf|11|[83.9, 29.5, 1594.7, 59.1]|p11_b02|0.98
VF 6|VF 6 Plus||dimension|Kích thước & trọng lượng|height_mm|height_mm|1580|mm|vf6_brochure|https://xeotovinfast.com.vn/wp-content/uploads/2024/03/VF6_Brochure_VN.pdf|11|[83.9, 29.5, 1594.7, 59.1]|p11_b02|0.98
VF 6|||dimension|Kích thước & trọng lượng|wheelbase_mm|wheelbase_mm|2730|mm|vf6_brochure|https://xeotovinfast.com.vn/wp-content/uploads/2024/03/VF6_Brochure_VN.pdf|11|[83.9, 59.1, 1594.7, 88.6]|p11_b02|0.98
VF 6|||dimension|Kích thước & trọng lượng|ground_clearance_mm|ground_clearance_mm|170|mm|vf6_brochure|https://xeotovinfast.com.vn/wp-content/uploads/2024/03/VF6_Brochure_VN.pdf|11|[83.9, 88.6, 1594.7, 118.2]|p11_b02|0.98
VF 6|VF 6 Eco||powertrain|Hệ thống truyền động|power_kw|power_kw|130|kW|vf6_brochure|https://xeotovinfast.com.vn/wp-content/uploads/2024/03/VF6_Brochure_VN.pdf|11|[83.9, 118.2, 1594.7, 147.7]|p11_b02|0.98
VF 6|VF 6 Plus||powertrain|Hệ thống truyền động|power_kw|power_kw|150|kW|vf6_brochure|https://xeotovinfast.com.vn/wp-content/uploads/2024/03/VF6_Brochure_VN.pdf|11|[83.9, 118.2, 1594.7, 147.7]|p11_b02|0.98
VF 6|VF 6 Eco||powertrain|Hệ thống truyền động|torque_nm|torque_nm|250|Nm|vf6_brochure|https://xeotovinfast.com.vn/wp-content/uploads/2024/03/VF6_Brochure_VN.pdf|11|[83.9, 147.7, 1594.7, 177.3]|p11_b02|0.98
VF 6|VF 6 Plus||powertrain|Hệ thống truyền động|torque_nm|torque_nm|310|Nm|vf6_brochure|https://xeotovinfast.com.vn/wp-content/uploads/2024/03/VF6_Brochure_VN.pdf|11|[83.9, 147.7, 1594.7, 177.3]|p11_b02|0.98
VF 6|VF 6 Eco||battery|Pin & sạc|range_km|range_km|485|km|vf6_brochure|https://xeotovinfast.com.vn/wp-content/uploads/2024/03/VF6_Brochure_VN.pdf|11|[83.9, 177.3, 1594.7, 206.8]|p11_b02|0.98
VF 6|VF 6 Plus||battery|Pin & sạc|range_km|range_km|460|km|vf6_brochure|https://xeotovinfast.com.vn/wp-content/uploads/2024/03/VF6_Brochure_VN.pdf|11|[83.9, 177.3, 1594.7, 206.8]|p11_b02|0.98
VF 6|||battery|Pin & sạc|battery_kwh|battery_kwh|59.6|kWh|vf6_brochure|https://xeotovinfast.com.vn/wp-content/uploads/2024/03/VF6_Brochure_VN.pdf|11|[83.9, 206.8, 1594.7, 236.3]|p11_b02|0.98
VF 6|VF 6 Eco||battery|Pin & sạc|Dây sạc di động|Dây sạc di động|Có||vf6_brochure|https://xeotovinfast.com.vn/wp-content/uploads/2024/03/VF6_Brochure_VN.pdf|11|[83.9, 236.3, 1594.7, 265.9]|p11_b02|0.98
VF 6|VF 6 Plus||battery|Pin & sạc|Dây sạc di động|Dây sạc di động|Có||vf6_brochure|https://xeotovinfast.com.vn/wp-content/uploads/2024/03/VF6_Brochure_VN.pdf|11|[83.9, 236.3, 1594.7, 265.9]|p11_b02|0.98
VF 6|VF 6 Eco||battery|Pin & sạc|Bộ sạc tại nhà|Bộ sạc tại nhà|Phù kiện (AFS 3.5kW)||vf6_brochure|https://xeotovinfast.com.vn/wp-content/uploads/2024/03/VF6_Brochure_VN.pdf|11|[83.9, 265.9, 1594.7, 295.4]|p11_b02|0.98
VF 6|VF 6 Plus||battery|Pin & sạc|Bộ sạc tại nhà|Bộ sạc tại nhà|Phù kiện (AFS 7.4kW)||vf6_brochure|https://xeotovinfast.com.vn/wp-content/uploads/2024/03/VF6_Brochure_VN.pdf|11|[83.9, 265.9, 1594.7, 295.4]|p11_b02|0.98
VF 6|||battery|Pin & sạc|fast_charge_min|fast_charge_min|25|phút|vf6_brochure|https://xeotovinfast.com.vn/wp-content/uploads/2024/03/VF6_Brochure_VN.pdf|11|[83.9, 295.4, 1594.7, 325.0]|p11_b02|0.98
VF 6|||powertrain|Hệ thống truyền động|drivetrain|drivetrain|Cầu trước (FWD)||vf6_brochure|https://xeotovinfast.com.vn/wp-content/uploads/2024/03/VF6_Brochure_VN.pdf|11|[83.9, 325.0, 1594.7, 354.5]|p11_b02|0.98
VF 6|||powertrain|Hệ thống truyền động|Chế độ lái|Chế độ lái|Eco/Normal/Sport||vf6_brochure|https://xeotovinfast.com.vn/wp-content/uploads/2024/03/VF6_Brochure_VN.pdf|11|[83.9, 354.5, 1594.7, 384.1]|p11_b02|0.98
VF 6|||dimension|Kích thước & trọng lượng|length_mm|length_mm|17|mm|vf6_brochure|https://xeotovinfast.com.vn/wp-content/uploads/2024/03/VF6_Brochure_VN.pdf|11|[83.9, 384.1, 1594.7, 413.6]|p11_b02|0.4
VF 6|||chassis|Khung gầm & hệ thống treo|Hệ thống treo - trước|Hệ thống treo|Độc lập, MacPherson||vf6_brochure|https://xeotovinfast.com.vn/wp-content/uploads/2024/03/VF6_Brochure_VN.pdf|11|[83.9, 413.6, 1594.7, 443.1]|p11_b02|0.98
VF 6|||chassis|Khung gầm & hệ thống treo|Hệ thống treo - sau|Hệ thống treo|Thanh ổn định hướng đa điểm||vf6_brochure|https://xeotovinfast.com.vn/wp-content/uploads/2024/03/VF6_Brochure_VN.pdf|11|[83.9, 443.1, 1594.7, 472.7]|p11_b02|0.98
VF 6|||exterior|Ngoại thất|Đèn chiếu sáng phía trước|Đèn chiếu sáng phía trước|LED||vf6_brochure|https://xeotovinfast.com.vn/wp-content/uploads/2024/03/VF6_Brochure_VN.pdf|11|[83.9, 472.7, 1594.7, 502.2]|p11_b02|0.98
VF 6|||exterior|Ngoại thất|Tự động bật/tắt đèn|Tự động bật/tắt đèn|Không||vf6_brochure|https://xeotovinfast.com.vn/wp-content/uploads/2024/03/VF6_Brochure_VN.pdf|11|[83.9, 502.2, 1594.7, 531.8]|p11_b02|0.98
VF 6|||exterior|Ngoại thất|Đèn chiếu sáng ban ngày|Đèn chiếu sáng ban ngày|Có||vf6_brochure|https://xeotovinfast.com.vn/wp-content/uploads/2024/03/VF6_Brochure_VN.pdf|11|[83.9, 531.8, 1594.7, 561.3]|p11_b02|0.98
VF 6|||exterior|Ngoại thất|Tự động bật/tắt chế độ chiếu xa|Tự động bật/tắt chế độ chiếu xa|Không||vf6_brochure|https://xeotovinfast.com.vn/wp-content/uploads/2024/03/VF6_Brochure_VN.pdf|11|[83.9, 561.3, 1594.7, 590.9]|p11_b02|0.98
VF 6|||exterior|Ngoại thất|Đèn hậu|Đèn hậu|LED||vf6_brochure|https://xeotovinfast.com.vn/wp-content/uploads/2024/03/VF6_Brochure_VN.pdf|11|[83.9, 590.9, 1594.7, 590.9]|p11_b02|0.4
VF 6|||exterior|Ngoại thất|Đèn nhận diện thương hiệu phía trước|Đèn nhận diện thương hiệu phía trước|Có||vf6_brochure|https://xeotovinfast.com.vn/wp-content/uploads/2024/03/VF6_Brochure_VN.pdf|11|[83.9, 590.9, 1594.7, 590.9]|p11_b02|0.4
VF 6|||exterior|Ngoại thất|Đèn nhận diện thương hiệu phía sau|Đèn nhận diện thương hiệu phía sau|Không||vf6_brochure|https://xeotovinfast.com.vn/wp-content/uploads/2024/03/VF6_Brochure_VN.pdf|11|[83.9, 590.9, 1594.7, 590.9]|p11_b02|0.4
VF 6|VF 6 Eco||infotainment|Giải trí & kết nối|Màn hình hiển thị thông tin trên kính lái (HUD)|Hiển thị kính lái HUD|Không||vf6_brochure|https://xeotovinfast.com.vn/wp-content/uploads/2024/03/VF6_Brochure_VN.pdf|11|[83.9, 590.9, 1594.7, 590.9]|p11_b02|0.4
VF 6|VF 6 Plus||infotainment|Giải trí & kết nối|Màn hình hiển thị thông tin trên kính lái (HUD)|Hiển thị kính lái HUD|Có||vf6_brochure|https://xeotovinfast.com.vn/wp-content/uploads/2024/03/VF6_Brochure_VN.pdf|11|[83.9, 590.9, 1594.7, 590.9]|p11_b02|0.4
VF 6|VF 6 Eco||interior|Nội thất|display_inch|display_inch|10|inch|vf6_brochure|https://xeotovinfast.com.vn/wp-content/uploads/2024/03/VF6_Brochure_VN.pdf|11|[83.9, 590.9, 1594.7, 590.9]|p11_b02|0.4
VF 6|VF 6 Plus||interior|Nội thất|display_inch|display_inch|12.9|inch|vf6_brochure|https://xeotovinfast.com.vn/wp-content/uploads/2024/03/VF6_Brochure_VN.pdf|11|[83.9, 590.9, 1594.7, 590.9]|p11_b02|0.4
VF 6|VF 6 Eco||infotainment|Giải trí & kết nối|Kết nối với Android Auto và Apple CarPlay|Kết nối (Bluetooth/Wifi/USB)|Có||vf6_brochure|https://xeotovinfast.com.vn/wp-content/uploads/2024/03/VF6_Brochure_VN.pdf|11|[83.9, 590.9, 1594.7, 590.9]|p11_b02|0.4
VF 6|VF 6 Plus||infotainment|Giải trí & kết nối|Kết nối với Android Auto và Apple CarPlay|Kết nối (Bluetooth/Wifi/USB)|Có||vf6_brochure|https://xeotovinfast.com.vn/wp-content/uploads/2024/03/VF6_Brochure_VN.pdf|11|[83.9, 590.9, 1594.7, 590.9]|p11_b02|0.4
VF 6|VF 6 Eco||infotainment|Giải trí & kết nối|Hệ thống loa|Hệ thống loa|6 loa||vf6_brochure|https://xeotovinfast.com.vn/wp-content/uploads/2024/03/VF6_Brochure_VN.pdf|11|[83.9, 590.9, 1594.7, 590.9]|p11_b02|0.4
VF 6|VF 6 Plus||infotainment|Giải trí & kết nối|Hệ thống loa|Hệ thống loa|8 loa||vf6_brochure|https://xeotovinfast.com.vn/wp-content/uploads/2024/03/VF6_Brochure_VN.pdf|11|[83.9, 590.9, 1594.7, 590.9]|p11_b02|0.4
VF 6|VF 6 Eco||interior|Nội thất|Ghế lái|Ghế lái|Chỉnh cơ 6 hướng||vf6_brochure|https://xeotovinfast.com.vn/wp-content/uploads/2024/03/VF6_Brochure_VN.pdf|11|[83.9, 590.9, 1594.7, 590.9]|p11_b02|0.4
VF 6|VF 6 Plus||interior|Nội thất|Ghế lái|Ghế lái|Chỉnh điện 8 hướng||vf6_brochure|https://xeotovinfast.com.vn/wp-content/uploads/2024/03/VF6_Brochure_VN.pdf|11|[83.9, 590.9, 1594.7, 590.9]|p11_b02|0.4
VF 6|VF 6 Eco||convenience|Tiện nghi|Chế độ ga nhàn tay|Chế độ ga nhàn tay|Có||vf6_brochure|https://xeotovinfast.com.vn/wp-content/uploads/2024/03/VF6_Brochure_VN.pdf|11|[83.9, 590.9, 1594.7, 590.9]|p11_b02|0.4
VF 6|VF 6 Plus||convenience|Tiện nghi|Chế độ ga nhàn tay|Chế độ ga nhàn tay|Có||vf6_brochure|https://xeotovinfast.com.vn/wp-content/uploads/2024/03/VF6_Brochure_VN.pdf|11|[83.9, 590.9, 1594.7, 590.9]|p11_b02|0.4
VF 6|VF 6 Eco||convenience|Tiện nghi|Kính cửa sổ chỉnh điện, lên/xuống một chạm|Kính cửa sổ chỉnh điện, lên/xuống một chạm|Tất cả các vị trí||vf6_brochure|https://xeotovinfast.com.vn/wp-content/uploads/2024/03/VF6_Brochure_VN.pdf|11|[83.9, 590.9, 1594.7, 590.9]|p11_b02|0.4
VF 6|VF 6 Plus||convenience|Tiện nghi|Kính cửa sổ chỉnh điện, lên/xuống một chạm|Kính cửa sổ chỉnh điện, lên/xuống một chạm|Tất cả các vị trí||vf6_brochure|https://xeotovinfast.com.vn/wp-content/uploads/2024/03/VF6_Brochure_VN.pdf|11|[83.9, 590.9, 1594.7, 590.9]|p11_b02|0.4
VF 6|VF 6 Eco||convenience|Tiện nghi|Phanh đỗ điện tử và chế độ tự động giữ phanh|Phanh đỗ điện tử và chế độ tự động giữ phanh|Có||vf6_brochure|https://xeotovinfast.com.vn/wp-content/uploads/2024/03/VF6_Brochure_VN.pdf|11|[83.9, 590.9, 1594.7, 590.9]|p11_b02|0.4
VF 6|VF 6 Plus||convenience|Tiện nghi|Phanh đỗ điện tử và chế độ tự động giữ phanh|Phanh đỗ điện tử và chế độ tự động giữ phanh|Có||vf6_brochure|https://xeotovinfast.com.vn/wp-content/uploads/2024/03/VF6_Brochure_VN.pdf|11|[83.9, 590.9, 1594.7, 590.9]|p11_b02|0.4
VF 6|VF 6 Eco||safety|An toàn|airbags|airbags|4||vf6_brochure|https://xeotovinfast.com.vn/wp-content/uploads/2024/03/VF6_Brochure_VN.pdf|11|[83.9, 590.9, 1594.7, 590.9]|p11_b02|0.4
VF 6|VF 6 Plus||safety|An toàn|airbags|airbags|7||vf6_brochure|https://xeotovinfast.com.vn/wp-content/uploads/2024/03/VF6_Brochure_VN.pdf|11|[83.9, 590.9, 1594.7, 590.9]|p11_b02|0.4
VF 6|VF 6 Eco||safety|An toàn|Hệ thống chống bó cứng phanh ABS|Hệ thống chống bó cứng phanh (ABS)|Có||vf6_brochure|https://xeotovinfast.com.vn/wp-content/uploads/2024/03/VF6_Brochure_VN.pdf|11|[83.9, 590.9, 1594.7, 590.9]|p11_b02|0.4
VF 6|VF 6 Plus||safety|An toàn|Hệ thống chống bó cứng phanh ABS|Hệ thống chống bó cứng phanh (ABS)|Có||vf6_brochure|https://xeotovinfast.com.vn/wp-content/uploads/2024/03/VF6_Brochure_VN.pdf|11|[83.9, 590.9, 1594.7, 590.9]|p11_b02|0.4
VF 6|VF 6 Eco||safety|An toàn|Chức năng phân phối lực phanh điện tử EBD|Chức năng phân phối lực phanh điện tử EBD|Có||vf6_brochure|https://xeotovinfast.com.vn/wp-content/uploads/2024/03/VF6_Brochure_VN.pdf|11|[83.9, 590.9, 1594.7, 590.9]|p11_b02|0.4
VF 6|VF 6 Plus||safety|An toàn|Chức năng phân phối lực phanh điện tử EBD|Chức năng phân phối lực phanh điện tử EBD|Có||vf6_brochure|https://xeotovinfast.com.vn/wp-content/uploads/2024/03/VF6_Brochure_VN.pdf|11|[83.9, 590.9, 1594.7, 590.9]|p11_b02|0.4
VF 6|VF 6 Eco||safety|An toàn|Hỗ trợ phanh khẩn cấp BA|Hỗ trợ phanh khẩn cấp BA|Có||vf6_brochure|https://xeotovinfast.com.vn/wp-content/uploads/2024/03/VF6_Brochure_VN.pdf|11|[83.9, 590.9, 1594.7, 590.9]|p11_b02|0.4
VF 6|VF 6 Plus||safety|An toàn|Hỗ trợ phanh khẩn cấp BA|Hỗ trợ phanh khẩn cấp BA|Có||vf6_brochure|https://xeotovinfast.com.vn/wp-content/uploads/2024/03/VF6_Brochure_VN.pdf|11|[83.9, 590.9, 1594.7, 590.9]|p11_b02|0.4
VF 6|VF 6 Eco||safety|An toàn|Hệ thống cân bằng điện tử ESC|Hệ thống cân bằng điện tử ESC|Có||vf6_brochure|https://xeotovinfast.com.vn/wp-content/uploads/2024/03/VF6_Brochure_VN.pdf|11|[83.9, 590.9, 1594.7, 590.9]|p11_b02|0.4
VF 6|VF 6 Plus||safety|An toàn|Hệ thống cân bằng điện tử ESC|Hệ thống cân bằng điện tử ESC|Có||vf6_brochure|https://xeotovinfast.com.vn/wp-content/uploads/2024/03/VF6_Brochure_VN.pdf|11|[83.9, 590.9, 1594.7, 590.9]|p11_b02|0.4
VF 6|VF 6 Eco||safety|An toàn|Chức năng kiểm soát lực kéo TCS|Chức năng kiểm soát lực kéo TCS|Có||vf6_brochure|https://xeotovinfast.com.vn/wp-content/uploads/2024/03/VF6_Brochure_VN.pdf|11|[83.9, 590.9, 1594.7, 590.9]|p11_b02|0.4
VF 6|VF 6 Plus||safety|An toàn|Chức năng kiểm soát lực kéo TCS|Chức năng kiểm soát lực kéo TCS|Có||vf6_brochure|https://xeotovinfast.com.vn/wp-content/uploads/2024/03/VF6_Brochure_VN.pdf|11|[83.9, 590.9, 1594.7, 590.9]|p11_b02|0.4
VF 6|VF 6 Eco||safety|An toàn|Hỗ trợ khởi hành ngang dốc HSA|Hỗ trợ khởi hành ngang dốc HSA|Có||vf6_brochure|https://xeotovinfast.com.vn/wp-content/uploads/2024/03/VF6_Brochure_VN.pdf|11|[83.9, 590.9, 1594.7, 590.9]|p11_b02|0.4
VF 6|VF 6 Plus||safety|An toàn|Hỗ trợ khởi hành ngang dốc HSA|Hỗ trợ khởi hành ngang dốc HSA|Có||vf6_brochure|https://xeotovinfast.com.vn/wp-content/uploads/2024/03/VF6_Brochure_VN.pdf|11|[83.9, 590.9, 1594.7, 590.9]|p11_b02|0.4
VF 6|VF 6 Eco||safety|An toàn|Giám sát áp suất lốp|Giám sát áp suất lốp|Có||vf6_brochure|https://xeotovinfast.com.vn/wp-content/uploads/2024/03/VF6_Brochure_VN.pdf|11|[83.9, 590.9, 1594.7, 590.9]|p11_b02|0.4
VF 6|VF 6 Plus||safety|An toàn|Giám sát áp suất lốp|Giám sát áp suất lốp|Có||vf6_brochure|https://xeotovinfast.com.vn/wp-content/uploads/2024/03/VF6_Brochure_VN.pdf|11|[83.9, 590.9, 1594.7, 590.9]|p11_b02|0.4
VF 6|VF 6 Eco||safety|An toàn|Trợ lái tiên cao tốc/di chuyển tắc đường|Trợ lái tiên cao tốc/di chuyển tắc đường|Có||vf6_brochure|https://xeotovinfast.com.vn/wp-content/uploads/2024/03/VF6_Brochure_VN.pdf|11|[83.9, 590.9, 1594.7, 590.9]|p11_b02|0.4
VF 6|VF 6 Plus||safety|An toàn|Trợ lái tiên cao tốc/di chuyển tắc đường|Trợ lái tiên cao tốc/di chuyển tắc đường|Có||vf6_brochure|https://xeotovinfast.com.vn/wp-content/uploads/2024/03/VF6_Brochure_VN.pdf|11|[83.9, 590.9, 1594.7, 590.9]|p11_b02|0.4
VF 6|VF 6 Eco||safety|An toàn|Hỗ trợ di chuyển làn|Hỗ trợ di chuyển làn|Có||vf6_brochure|https://xeotovinfast.com.vn/wp-content/uploads/2024/03/VF6_Brochure_VN.pdf|11|[83.9, 590.9, 1594.7, 590.9]|p11_b02|0.4
VF 6|VF 6 Plus||safety|An toàn|Hỗ trợ di chuyển làn|Hỗ trợ di chuyển làn|Có||vf6_brochure|https://xeotovinfast.com.vn/wp-content/uploads/2024/03/VF6_Brochure_VN.pdf|11|[83.9, 590.9, 1594.7, 590.9]|p11_b02|0.4
VF 6|VF 6 Eco||safety|An toàn|Giám sát hành trình|Giám sát hành trình|Có||vf6_brochure|https://xeotovinfast.com.vn/wp-content/uploads/2024/03/VF6_Brochure_VN.pdf|11|[83.9, 590.9, 1594.7, 590.9]|p11_b02|0.4
VF 6|VF 6 Plus||safety|An toàn|Giám sát hành trình|Giám sát hành trình|Có||vf6_brochure|https://xeotovinfast.com.vn/wp-content/uploads/2024/03/VF6_Brochure_VN.pdf|11|[83.9, 590.9, 1594.7, 590.9]|p11_b02|0.4
VF 6|VF 6 Eco||safety|An toàn|Nhận biết biển báo giao thông|Nhận biết biển báo giao thông|Có||vf6_brochure|https://xeotovinfast.com.vn/wp-content/uploads/2024/03/VF6_Brochure_VN.pdf|11|[83.9, 590.9, 1594.7, 590.9]|p11_b02|0.4
VF 6|VF 6 Plus||safety|An toàn|Nhận biết biển báo giao thông|Nhận biết biển báo giao thông|Có||vf6_brochure|https://xeotovinfast.com.vn/wp-content/uploads/2024/03/VF6_Brochure_VN.pdf|11|[83.9, 590.9, 1594.7, 590.9]|p11_b02|0.4
VF 6|VF 6 Eco||safety|An toàn|Điều chỉnh tốc độ thông minh|Điều chỉnh tốc độ thông minh|Có||vf6_brochure|https://xeotovinfast.com.vn/wp-content/uploads/2024/03/VF6_Brochure_VN.pdf|11|[83.9, 590.9, 1594.7, 590.9]|p11_b02|0.4
VF 6|VF 6 Plus||safety|An toàn|Điều chỉnh tốc độ thông minh|Điều chỉnh tốc độ thông minh|Có||vf6_brochure|https://xeotovinfast.com.vn/wp-content/uploads/2024/03/VF6_Brochure_VN.pdf|11|[83.9, 590.9, 1594.7, 590.9]|p11_b02|0.4
VF 6|||convenience|Tiện nghi|Hệ thống Showroom & Xưởng dịch vụ|Hệ thống Showroom & Xưởng dịch vụ|không ngày nghỉ||vf6_brochure|https://xeotovinfast.com.vn/wp-content/uploads/2024/03/VF6_Brochure_VN.pdf|12|[83.9, 88.6, 1594.7, 118.2]|p12_b02|0.98
VF 6|||convenience|Tiện nghi|Chính sách bảo hành|Chính sách bảo hành|tốt nhất thị trường||vf6_brochure|https://xeotovinfast.com.vn/wp-content/uploads/2024/03/VF6_Brochure_VN.pdf|12|[83.9, 147.7, 1594.7, 177.3]|p12_b02|0.98
VF 6|||convenience|Tiện nghi|Dịch vụ hậu mãi|Dịch vụ hậu mãi|xuất sắc||vf6_brochure|https://xeotovinfast.com.vn/wp-content/uploads/2024/03/VF6_Brochure_VN.pdf|12|[83.9, 206.8, 1594.7, 236.3]|p12_b02|0.98
VF 7|Plus||dimension|Kích thước & trọng lượng|Chiều cao tổng thể|Chiều cao tổng thể|1.635,75|mm|vf7_brochure|https://vinfastnamtuliem.vn/wp-content/uploads/2025/02/VF7_Brochure_T062025.pdf|6|[128.0, 264.9, 222.3, 410.7]|p06_b02|0.98
VF 7|Plus||dimension|Kích thước & trọng lượng|Chiều rộng tổng thể|Chiều rộng tổng thể|1.890|mm|vf7_brochure|https://vinfastnamtuliem.vn/wp-content/uploads/2025/02/VF7_Brochure_T062025.pdf|6|[153.2, 430.9, 303.1, 547.6]|p06_b02|0.98
VF 7|Plus||dimension|Kích thước & trọng lượng|Chiều dài tổng thể|Chiều dài tổng thể|4.545|mm|vf7_brochure|https://vinfastnamtuliem.vn/wp-content/uploads/2025/02/VF7_Brochure_T062025.pdf|6|[420.9, 369.0, 707.2, 562.5]|p06_b02|0.98
VF 7|Plus||dimension|Kích thước & trọng lượng|wheelbase_mm|wheelbase_mm|2840|mm|vf7_brochure|https://vinfastnamtuliem.vn/wp-content/uploads/2025/02/VF7_Brochure_T062025.pdf|6|[420.9, 363.1, 681.9, 514.9]|p06_b02|0.98
VF 7|Plus||exterior|Ngoại thất|Đèn pha LED|Đèn pha|tự động bật/tắt chế độ chiếu xa||vf7_brochure|https://vinfastnamtuliem.vn/wp-content/uploads/2025/02/VF7_Brochure_T062025.pdf|6|[1052.4, 29.8, 1397.5, 291.7]|p06_b02|0.98
VF 7|Plus||exterior|Ngoại thất|Tay nắm ẩn trong thân xe|Tay nắm ẩn trong thân xe|tạo ra sự liền mạch||vf7_brochure|https://vinfastnamtuliem.vn/wp-content/uploads/2025/02/VF7_Brochure_T062025.pdf|6|[1414.4, 29.8, 1658.5, 291.7]|p06_b02|0.98
VF 7|Plus||exterior|Ngoại thất|Gương chiếu hậu chống chói tự động|Gương chiếu hậu|hiện đại & an toàn||vf7_brochure|https://vinfastnamtuliem.vn/wp-content/uploads/2025/02/VF7_Brochure_T062025.pdf|6|[825.1, 297.6, 1178.6, 488.1]|p06_b02|0.98
VF 7|Plus||exterior|Ngoại thất|Kiểu dáng vuốt coupe|Kiểu dáng vuốt coupe|tối ưu khí động học||vf7_brochure|https://vinfastnamtuliem.vn/wp-content/uploads/2025/02/VF7_Brochure_T062025.pdf|6|[1178.6, 297.6, 1406.0, 488.1]|p06_b02|0.98
VF 7|Plus||exterior|Ngoại thất|Lazang hợp kim|Lazang hợp kim|20|inch|vf7_brochure|https://vinfastnamtuliem.vn/wp-content/uploads/2025/02/VF7_Brochure_T062025.pdf|6|[1406.0, 297.6, 1675.4, 488.1]|p06_b02|0.98
VF 7|||infotainment|Giải trí & kết nối|HUD|Hiển thị kính lái HUD|Hiện đại||vf7_brochure|https://vinfastnamtuliem.vn/wp-content/uploads/2025/02/VF7_Brochure_T062025.pdf|8|[65.7, 171.4, 617.9, 246.4]|p08_b02|0.98
VF 7|||interior|Nội thất|Vô lăng|Vô lăng|D-cut thể thao||vf7_brochure|https://vinfastnamtuliem.vn/wp-content/uploads/2025/02/VF7_Brochure_T062025.pdf|8|[65.7, 171.4, 617.9, 246.4]|p08_b02|0.98
VF 7|||dimension|Kích thước & trọng lượng|Dung tích khoang chứa đồ|Dung tích khoang chứa đồ|1.576|L|vf7_brochure|https://vinfastnamtuliem.vn/wp-content/uploads/2025/02/VF7_Brochure_T062025.pdf|8|[65.7, 226.8, 617.9, 246.4]|p08_b02|0.98
VF 7|VF 7 Plus AWD||powertrain|Hệ thống truyền động|Thời gian tăng tốc|Thời gian tăng tốc|5,8|giây|vf7_brochure|https://vinfastnamtuliem.vn/wp-content/uploads/2025/02/VF7_Brochure_T062025.pdf|8|[449.6, 432.7, 766.1, 533.3]|p08_b02|0.98
VF 7|||powertrain|Hệ thống truyền động|Chế độ lái tùy chỉnh|Chế độ lái|3 chế độ: Eco/Normal/Sport||vf7_brochure|https://vinfastnamtuliem.vn/wp-content/uploads/2025/02/VF7_Brochure_T062025.pdf|9|[30.3, 169.6, 185.2, 258.9]|p09_b02|0.98
VF 7|||chassis|Khung gầm & hệ thống treo|Hệ thống treo|Hệ thống treo|Đa điểm||vf7_brochure|https://vinfastnamtuliem.vn/wp-content/uploads/2025/02/VF7_Brochure_T062025.pdf|9|[218.9, 169.6, 319.9, 258.9]|p09_b02|0.98
VF 7|VF 7 Plus AWD||powertrain|Hệ thống truyền động|power_kw|power_kw|260|kW|vf7_brochure|https://vinfastnamtuliem.vn/wp-content/uploads/2025/02/VF7_Brochure_T062025.pdf|9|[370.4, 169.6, 530.4, 261.9]|p09_b02|0.98
VF 7|||battery|Pin & sạc|range_km|range_km|496|km|vf7_brochure|https://vinfastnamtuliem.vn/wp-content/uploads/2025/02/VF7_Brochure_T062025.pdf|9|[530.4, 169.6, 656.7, 264.9]|p09_b02|0.98
VF 7|||powertrain|Hệ thống truyền động|Phanh tái sinh|Phanh tái sinh|Tiết kiệm năng lượng & giảm khí thải||vf7_brochure|https://vinfastnamtuliem.vn/wp-content/uploads/2025/02/VF7_Brochure_T062025.pdf|9|[126.3, 339.3, 261.0, 461.3]|p09_b02|0.98
VF 7|VF 7 Plus AWD||battery|Pin & sạc|Sạc đầy PIN từ 10-70%|Sạc đầy PIN từ 10-70%|Trong 28 phút||vf7_brochure|https://vinfastnamtuliem.vn/wp-content/uploads/2025/02/VF7_Brochure_T062025.pdf|9|[294.7, 339.3, 429.4, 473.2]|p09_b02|0.98
VF 7|VF 7 Plus AWD||powertrain|Hệ thống truyền động|torque_nm|torque_nm|500|Nm|vf7_brochure|https://vinfastnamtuliem.vn/wp-content/uploads/2025/02/VF7_Brochure_T062025.pdf|9|[437.8, 339.3, 555.6, 461.3]|p09_b02|0.98
VF 7|VF 7 Plus||adas|Hỗ trợ lái nâng cao (ADAS)|Giám sát hành trình thích ứng|Giám sát hành trình thích ứng|Có||vf7_brochure|https://vinfastnamtuliem.vn/wp-content/uploads/2025/02/VF7_Brochure_T062025.pdf|11|[880.6, 129.8, 1059.1, 251.8]|p11_b02|0.98
VF 7|VF 7 Plus||adas|Hỗ trợ lái nâng cao (ADAS)|Phanh tự động khẩn cấp TRƯỚC|Phanh tự động khẩn cấp (AEB)|Có||vf7_brochure|https://vinfastnamtuliem.vn/wp-content/uploads/2025/02/VF7_Brochure_T062025.pdf|11|[1060.8, 129.8, 1229.2, 251.8]|p11_b02|0.98
VF 7|VF 7 Plus||adas|Hỗ trợ lái nâng cao (ADAS)|Phanh tự động khẩn cấp SAU|Phanh tự động khẩn cấp (AEB)|Có||vf7_brochure|https://vinfastnamtuliem.vn/wp-content/uploads/2025/02/VF7_Brochure_T062025.pdf|11|[1229.2, 129.8, 1363.9, 251.8]|p11_b02|0.98
VF 7|VF 7 Plus||adas|Hỗ trợ lái nâng cao (ADAS)|Hỗ trợ tự động chuyển làn|Hỗ trợ tự động chuyển làn|Có||vf7_brochure|https://vinfastnamtuliem.vn/wp-content/uploads/2025/02/VF7_Brochure_T062025.pdf|11|[1363.9, 129.8, 1525.5, 251.8]|p11_b02|0.98
VF 7|VF 7 Plus||adas|Hỗ trợ lái nâng cao (ADAS)|Kiểm soát đi giữa làn|Kiểm soát đi giữa làn|Có||vf7_brochure|https://vinfastnamtuliem.vn/wp-content/uploads/2025/02/VF7_Brochure_T062025.pdf|11|[1525.5, 129.8, 1675.4, 251.8]|p11_b02|0.98
VF 7|Eco||powertrain|Hệ thống truyền động|power_kw|power_kw|130|kW / hp|vf7_brochure|https://vinfastnamtuliem.vn/wp-content/uploads/2025/02/VF7_Brochure_T062025.pdf|12|[639.8, 154.8, 1141.6, 190.5]|p12_b02|0.98
VF 7|Plus||powertrain|Hệ thống truyền động|power_kw|power_kw|150|kW / hp|vf7_brochure|https://vinfastnamtuliem.vn/wp-content/uploads/2025/02/VF7_Brochure_T062025.pdf|12|[1141.6, 154.8, 1342.0, 190.5]|p12_b02|0.98
VF 7|Plus AWD (Optional)||powertrain|Hệ thống truyền động|power_kw|power_kw|260|kW / hp|vf7_brochure|https://vinfastnamtuliem.vn/wp-content/uploads/2025/02/VF7_Brochure_T062025.pdf|12|[1342.0, 154.8, 538.8, 557.1]|p12_b02|0.4
VF 7|Eco||powertrain|Hệ thống truyền động|torque_nm|torque_nm|250|Nm|vf7_brochure|https://vinfastnamtuliem.vn/wp-content/uploads/2025/02/VF7_Brochure_T062025.pdf|12|[639.8, 190.5, 1141.6, 226.2]|p12_b02|0.98
VF 7|Plus||powertrain|Hệ thống truyền động|torque_nm|torque_nm|310|Nm|vf7_brochure|https://vinfastnamtuliem.vn/wp-content/uploads/2025/02/VF7_Brochure_T062025.pdf|12|[1141.6, 190.5, 1342.0, 226.2]|p12_b02|0.98
VF 7|Plus AWD (Optional)||powertrain|Hệ thống truyền động|torque_nm|torque_nm|500|Nm|vf7_brochure|https://vinfastnamtuliem.vn/wp-content/uploads/2025/02/VF7_Brochure_T062025.pdf|12|[1342.0, 190.5, 1576.0, 226.2]|p12_b02|0.98
VF 7|Eco||powertrain|Hệ thống truyền động|drivetrain|drivetrain|Dẫn động cầu trước (FWD)||vf7_brochure|https://vinfastnamtuliem.vn/wp-content/uploads/2025/02/VF7_Brochure_T062025.pdf|12|[639.8, 226.2, 1141.6, 261.9]|p12_b02|0.98
VF 7|Plus||powertrain|Hệ thống truyền động|drivetrain|drivetrain|Dẫn động cầu trước (FWD)||vf7_brochure|https://vinfastnamtuliem.vn/wp-content/uploads/2025/02/VF7_Brochure_T062025.pdf|12|[1141.6, 226.2, 1342.0, 261.9]|p12_b02|0.98
VF 7|Plus AWD (Optional)||powertrain|Hệ thống truyền động|drivetrain|drivetrain|Hai cầu (AWD)||vf7_brochure|https://vinfastnamtuliem.vn/wp-content/uploads/2025/02/VF7_Brochure_T062025.pdf|12|[1342.0, 226.2, 1576.0, 261.9]|p12_b02|0.98
VF 7|Eco||battery|Pin & sạc|range_km|range_km|498|km (NEDC)|vf7_brochure|https://vinfastnamtuliem.vn/wp-content/uploads/2025/02/VF7_Brochure_T062025.pdf|12|[639.8, 261.9, 1141.6, 298.2]|p12_b02|0.98
VF 7|Plus||battery|Pin & sạc|range_km|range_km|Cập nhật sau|km|vf7_brochure|https://vinfastnamtuliem.vn/wp-content/uploads/2025/02/VF7_Brochure_T062025.pdf|12|[1141.6, 261.9, 1342.0, 298.2]|p12_b02|0.98
VF 7|Plus AWD (Optional)||battery|Pin & sạc|range_km|range_km|496|km (NEDC)|vf7_brochure|https://vinfastnamtuliem.vn/wp-content/uploads/2025/02/VF7_Brochure_T062025.pdf|12|[1342.0, 261.9, 1576.0, 298.2]|p12_b02|0.98
VF 7|Eco||battery|Pin & sạc|battery_kwh|battery_kwh|59.6|kWh|vf7_brochure|https://vinfastnamtuliem.vn/wp-content/uploads/2025/02/VF7_Brochure_T062025.pdf|12|[639.8, 298.2, 1141.6, 333.9]|p12_b02|0.98
VF 7|Plus||battery|Pin & sạc|battery_kwh|battery_kwh|75.6|kWh|vf7_brochure|https://vinfastnamtuliem.vn/wp-content/uploads/2025/02/VF7_Brochure_T062025.pdf|12|[1141.6, 298.2, 1342.0, 333.9]|p12_b02|0.98
VF 7|Plus AWD (Optional)||battery|Pin & sạc|battery_kwh|battery_kwh|75.6|kWh|vf7_brochure|https://vinfastnamtuliem.vn/wp-content/uploads/2025/02/VF7_Brochure_T062025.pdf|12|[1342.0, 298.2, 1576.0, 333.9]|p12_b02|0.98
VF 7|Eco||battery|Pin & sạc|Chi phí sạc pin|Chi phí sạc pin|0|VNĐ|vf7_brochure|https://vinfastnamtuliem.vn/wp-content/uploads/2025/02/VF7_Brochure_T062025.pdf|12|[639.8, 333.9, 1141.6, 401.2]|p12_b02|0.98
VF 7|Plus||battery|Pin & sạc|Chi phí sạc pin|Chi phí sạc pin|0|VNĐ|vf7_brochure|https://vinfastnamtuliem.vn/wp-content/uploads/2025/02/VF7_Brochure_T062025.pdf|12|[1141.6, 333.9, 1342.0, 401.2]|p12_b02|0.98
VF 7|Plus AWD (Optional)||battery|Pin & sạc|Chi phí sạc pin|Chi phí sạc pin|0|VNĐ|vf7_brochure|https://vinfastnamtuliem.vn/wp-content/uploads/2025/02/VF7_Brochure_T062025.pdf|12|[1342.0, 333.9, 1576.0, 401.2]|p12_b02|0.98
VF 7|Eco||dimension|Kích thước & trọng lượng|length_mm|length_mm|4.545|mm|vf7_brochure|https://vinfastnamtuliem.vn/wp-content/uploads/2025/02/VF7_Brochure_T062025.pdf|13|[84.2, 57.1, 648.3, 70.2]|p13_b02|0.4
VF 7|Eco||dimension|Kích thước & trọng lượng|width_mm|width_mm|1.89|mm|vf7_brochure|https://vinfastnamtuliem.vn/wp-content/uploads/2025/02/VF7_Brochure_T062025.pdf|13|[84.2, 57.1, 648.3, 70.2]|p13_b02|0.4
VF 7|Eco||dimension|Kích thước & trọng lượng|height_mm|height_mm|1,635.75|mm|vf7_brochure|https://vinfastnamtuliem.vn/wp-content/uploads/2025/02/VF7_Brochure_T062025.pdf|13|[84.2, 57.1, 648.3, 70.2]|p13_b02|0.4
VF 7|Plus||dimension|Kích thước & trọng lượng|length_mm|length_mm|4.545|mm|vf7_brochure|https://vinfastnamtuliem.vn/wp-content/uploads/2025/02/VF7_Brochure_T062025.pdf|13|[84.2, 57.1, 648.3, 70.2]|p13_b02|0.4
VF 7|Plus||dimension|Kích thước & trọng lượng|width_mm|width_mm|1.89|mm|vf7_brochure|https://vinfastnamtuliem.vn/wp-content/uploads/2025/02/VF7_Brochure_T062025.pdf|13|[84.2, 57.1, 648.3, 70.2]|p13_b02|0.4
VF 7|Plus||dimension|Kích thước & trọng lượng|height_mm|height_mm|1,635.75|mm|vf7_brochure|https://vinfastnamtuliem.vn/wp-content/uploads/2025/02/VF7_Brochure_T062025.pdf|13|[84.2, 57.1, 648.3, 70.2]|p13_b02|0.4
VF 7|Plus AWD||dimension|Kích thước & trọng lượng|length_mm|length_mm|4.545|mm|vf7_brochure|https://vinfastnamtuliem.vn/wp-content/uploads/2025/02/VF7_Brochure_T062025.pdf|13|[84.2, 57.1, 648.3, 70.2]|p13_b02|0.4
VF 7|Plus AWD||dimension|Kích thước & trọng lượng|width_mm|width_mm|1.89|mm|vf7_brochure|https://vinfastnamtuliem.vn/wp-content/uploads/2025/02/VF7_Brochure_T062025.pdf|13|[84.2, 57.1, 648.3, 70.2]|p13_b02|0.4
VF 7|Plus AWD||dimension|Kích thước & trọng lượng|height_mm|height_mm|1,635.75|mm|vf7_brochure|https://vinfastnamtuliem.vn/wp-content/uploads/2025/02/VF7_Brochure_T062025.pdf|13|[84.2, 57.1, 648.3, 70.2]|p13_b02|0.4
VF 7|Eco||dimension|Kích thước & trọng lượng|wheelbase_mm|wheelbase_mm|2.84|mm|vf7_brochure|https://vinfastnamtuliem.vn/wp-content/uploads/2025/02/VF7_Brochure_T062025.pdf|13|[84.2, 70.8, 648.3, 84.5]|p13_b02|0.4
VF 7|Plus||dimension|Kích thước & trọng lượng|wheelbase_mm|wheelbase_mm|2.84|mm|vf7_brochure|https://vinfastnamtuliem.vn/wp-content/uploads/2025/02/VF7_Brochure_T062025.pdf|13|[84.2, 70.8, 648.3, 84.5]|p13_b02|0.4
VF 7|Plus AWD||dimension|Kích thước & trọng lượng|wheelbase_mm|wheelbase_mm|2.84|mm|vf7_brochure|https://vinfastnamtuliem.vn/wp-content/uploads/2025/02/VF7_Brochure_T062025.pdf|13|[84.2, 70.8, 648.3, 84.5]|p13_b02|0.4
VF 7|Eco||dimension|Kích thước & trọng lượng|ground_clearance_mm|ground_clearance_mm|190|mm|vf7_brochure|https://vinfastnamtuliem.vn/wp-content/uploads/2025/02/VF7_Brochure_T062025.pdf|13|[84.2, 85.1, 648.3, 98.2]|p13_b02|0.98
VF 7|Plus||dimension|Kích thước & trọng lượng|ground_clearance_mm|ground_clearance_mm|190|mm|vf7_brochure|https://vinfastnamtuliem.vn/wp-content/uploads/2025/02/VF7_Brochure_T062025.pdf|13|[84.2, 85.1, 648.3, 98.2]|p13_b02|0.98
VF 7|Plus AWD||dimension|Kích thước & trọng lượng|ground_clearance_mm|ground_clearance_mm|190|mm|vf7_brochure|https://vinfastnamtuliem.vn/wp-content/uploads/2025/02/VF7_Brochure_T062025.pdf|13|[84.2, 85.1, 648.3, 98.2]|p13_b02|0.98
VF 7|Eco||powertrain|Hệ thống truyền động|power_kw|power_kw|130|kW|vf7_brochure|https://vinfastnamtuliem.vn/wp-content/uploads/2025/02/VF7_Brochure_T062025.pdf|13|[84.2, 126.8, 648.3, 140.5]|p13_b02|0.98
VF 7|Plus||powertrain|Hệ thống truyền động|power_kw|power_kw|150|kW|vf7_brochure|https://vinfastnamtuliem.vn/wp-content/uploads/2025/02/VF7_Brochure_T062025.pdf|13|[84.2, 126.8, 648.3, 140.5]|p13_b02|0.98
VF 7|Plus AWD||powertrain|Hệ thống truyền động|power_kw|power_kw|260|kW|vf7_brochure|https://vinfastnamtuliem.vn/wp-content/uploads/2025/02/VF7_Brochure_T062025.pdf|13|[84.2, 126.8, 648.3, 140.5]|p13_b02|0.98
VF 7|Eco||powertrain|Hệ thống truyền động|torque_nm|torque_nm|250|Nm|vf7_brochure|https://vinfastnamtuliem.vn/wp-content/uploads/2025/02/VF7_Brochure_T062025.pdf|13|[84.2, 140.5, 648.3, 153.6]|p13_b02|0.98
VF 7|Plus||powertrain|Hệ thống truyền động|torque_nm|torque_nm|310|Nm|vf7_brochure|https://vinfastnamtuliem.vn/wp-content/uploads/2025/02/VF7_Brochure_T062025.pdf|13|[84.2, 140.5, 648.3, 153.6]|p13_b02|0.98
VF 7|Plus AWD||powertrain|Hệ thống truyền động|torque_nm|torque_nm|500|Nm|vf7_brochure|https://vinfastnamtuliem.vn/wp-content/uploads/2025/02/VF7_Brochure_T062025.pdf|13|[84.2, 140.5, 648.3, 153.6]|p13_b02|0.98
VF 7|Eco||battery|Pin & sạc|range_km|range_km|498|km (NEDC)|vf7_brochure|https://vinfastnamtuliem.vn/wp-content/uploads/2025/02/VF7_Brochure_T062025.pdf|13|[84.2, 167.3, 648.3, 180.9]|p13_b02|0.98
VF 7|Plus||battery|Pin & sạc|range_km|range_km|Thông báo sau|km|vf7_brochure|https://vinfastnamtuliem.vn/wp-content/uploads/2025/02/VF7_Brochure_T062025.pdf|13|[84.2, 167.3, 648.3, 180.9]|p13_b02|0.98
VF 7|Plus AWD||battery|Pin & sạc|range_km|range_km|496|km (NEDC)|vf7_brochure|https://vinfastnamtuliem.vn/wp-content/uploads/2025/02/VF7_Brochure_T062025.pdf|13|[84.2, 167.3, 648.3, 180.9]|p13_b02|0.98
VF 7|Eco||battery|Pin & sạc|battery_kwh|battery_kwh|59.6|kWh|vf7_brochure|https://vinfastnamtuliem.vn/wp-content/uploads/2025/02/VF7_Brochure_T062025.pdf|13|[84.2, 180.9, 648.3, 194.6]|p13_b02|0.98
VF 7|Plus||battery|Pin & sạc|battery_kwh|battery_kwh|75.6|kWh|vf7_brochure|https://vinfastnamtuliem.vn/wp-content/uploads/2025/02/VF7_Brochure_T062025.pdf|13|[84.2, 180.9, 648.3, 194.6]|p13_b02|0.98
VF 7|Plus AWD||battery|Pin & sạc|battery_kwh|battery_kwh|75.6|kWh|vf7_brochure|https://vinfastnamtuliem.vn/wp-content/uploads/2025/02/VF7_Brochure_T062025.pdf|13|[84.2, 180.9, 648.3, 194.6]|p13_b02|0.98
VF 7|Eco||battery|Pin & sạc|Dây sạc di động|Dây sạc di động|Phụ kiện (AFS 3,5 kW)||vf7_brochure|https://vinfastnamtuliem.vn/wp-content/uploads/2025/02/VF7_Brochure_T062025.pdf|13|[84.2, 194.6, 648.3, 208.3]|p13_b02|0.98
VF 7|Plus||battery|Pin & sạc|Dây sạc di động|Dây sạc di động|Phụ kiện (AFS 3,5 kW)||vf7_brochure|https://vinfastnamtuliem.vn/wp-content/uploads/2025/02/VF7_Brochure_T062025.pdf|13|[84.2, 194.6, 648.3, 208.3]|p13_b02|0.98
VF 7|Plus AWD||battery|Pin & sạc|Dây sạc di động|Dây sạc di động|Phụ kiện (AFS 3,5 kW)||vf7_brochure|https://vinfastnamtuliem.vn/wp-content/uploads/2025/02/VF7_Brochure_T062025.pdf|13|[84.2, 194.6, 648.3, 208.3]|p13_b02|0.98
VF 7|Eco||battery|Pin & sạc|Bộ sạc tại nhà|Bộ sạc tại nhà|Phụ kiện (AFS 7,4 kW)||vf7_brochure|https://vinfastnamtuliem.vn/wp-content/uploads/2025/02/VF7_Brochure_T062025.pdf|13|[84.2, 208.3, 648.3, 222.0]|p13_b02|0.98
VF 7|Plus||battery|Pin & sạc|Bộ sạc tại nhà|Bộ sạc tại nhà|Phụ kiện (AFS 7,4 kW)||vf7_brochure|https://vinfastnamtuliem.vn/wp-content/uploads/2025/02/VF7_Brochure_T062025.pdf|13|[84.2, 208.3, 648.3, 222.0]|p13_b02|0.98
VF 7|Plus AWD||battery|Pin & sạc|Bộ sạc tại nhà|Bộ sạc tại nhà|Phụ kiện (AFS 7,4 kW)||vf7_brochure|https://vinfastnamtuliem.vn/wp-content/uploads/2025/02/VF7_Brochure_T062025.pdf|13|[84.2, 208.3, 648.3, 222.0]|p13_b02|0.98
VF 7|Eco||battery|Pin & sạc|fast_charge_min|fast_charge_min|24.1|phút|vf7_brochure|https://vinfastnamtuliem.vn/wp-content/uploads/2025/02/VF7_Brochure_T062025.pdf|13|[84.2, 222.0, 648.3, 235.7]|p13_b02|0.98
VF 7|Plus||battery|Pin & sạc|fast_charge_min|fast_charge_min|28.15|phút|vf7_brochure|https://vinfastnamtuliem.vn/wp-content/uploads/2025/02/VF7_Brochure_T062025.pdf|13|[84.2, 222.0, 648.3, 235.7]|p13_b02|0.98
VF 7|Plus AWD||battery|Pin & sạc|fast_charge_min|fast_charge_min|28.15|phút|vf7_brochure|https://vinfastnamtuliem.vn/wp-content/uploads/2025/02/VF7_Brochure_T062025.pdf|13|[84.2, 222.0, 648.3, 235.7]|p13_b02|0.98
VF 7|Eco||powertrain|Hệ thống truyền động|drivetrain|drivetrain|Cầu trước (FWD)||vf7_brochure|https://vinfastnamtuliem.vn/wp-content/uploads/2025/02/VF7_Brochure_T062025.pdf|13|[84.2, 250.6, 648.3, 264.3]|p13_b02|0.98
VF 7|Plus||powertrain|Hệ thống truyền động|drivetrain|drivetrain|Cầu trước (FWD)||vf7_brochure|https://vinfastnamtuliem.vn/wp-content/uploads/2025/02/VF7_Brochure_T062025.pdf|13|[84.2, 250.6, 648.3, 264.3]|p13_b02|0.98
VF 7|Plus AWD||powertrain|Hệ thống truyền động|drivetrain|drivetrain|Hai cầu (AWD)||vf7_brochure|https://vinfastnamtuliem.vn/wp-content/uploads/2025/02/VF7_Brochure_T062025.pdf|13|[84.2, 250.6, 648.3, 264.3]|p13_b02|0.98
VF 7|Eco||powertrain|Hệ thống truyền động|Chế độ lái|Chế độ lái|Eco/ Normal/ Sport||vf7_brochure|https://vinfastnamtuliem.vn/wp-content/uploads/2025/02/VF7_Brochure_T062025.pdf|13|[84.2, 264.3, 648.3, 277.4]|p13_b02|0.98
VF 7|Plus||powertrain|Hệ thống truyền động|Chế độ lái|Chế độ lái|Eco/ Normal/ Sport||vf7_brochure|https://vinfastnamtuliem.vn/wp-content/uploads/2025/02/VF7_Brochure_T062025.pdf|13|[84.2, 264.3, 648.3, 277.4]|p13_b02|0.98
VF 7|Plus AWD||powertrain|Hệ thống truyền động|Chế độ lái|Chế độ lái|Eco/ Normal/ Sport||vf7_brochure|https://vinfastnamtuliem.vn/wp-content/uploads/2025/02/VF7_Brochure_T062025.pdf|13|[84.2, 264.3, 648.3, 277.4]|p13_b02|0.98
VF 7|Eco||chassis|Khung gầm & hệ thống treo|wheel_size_inch|wheel_size_inch|19|inch|vf7_brochure|https://vinfastnamtuliem.vn/wp-content/uploads/2025/02/VF7_Brochure_T062025.pdf|13|[84.2, 291.1, 648.3, 304.7]|p13_b02|0.98
VF 7|Plus||chassis|Khung gầm & hệ thống treo|wheel_size_inch|wheel_size_inch|20|inch|vf7_brochure|https://vinfastnamtuliem.vn/wp-content/uploads/2025/02/VF7_Brochure_T062025.pdf|13|[84.2, 291.1, 648.3, 304.7]|p13_b02|0.98
VF 7|Plus AWD||chassis|Khung gầm & hệ thống treo|wheel_size_inch|wheel_size_inch|20|inch|vf7_brochure|https://vinfastnamtuliem.vn/wp-content/uploads/2025/02/VF7_Brochure_T062025.pdf|13|[84.2, 291.1, 648.3, 304.7]|p13_b02|0.98
VF 7|Eco||chassis|Khung gầm & hệ thống treo|Hệ thống treo - trước|Hệ thống treo|Độc lập, MacPherson||vf7_brochure|https://vinfastnamtuliem.vn/wp-content/uploads/2025/02/VF7_Brochure_T062025.pdf|13|[84.2, 304.7, 648.3, 318.4]|p13_b02|0.98
VF 7|Plus||chassis|Khung gầm & hệ thống treo|Hệ thống treo - trước|Hệ thống treo|Độc lập, MacPherson||vf7_brochure|https://vinfastnamtuliem.vn/wp-content/uploads/2025/02/VF7_Brochure_T062025.pdf|13|[84.2, 304.7, 648.3, 318.4]|p13_b02|0.98
VF 7|Plus AWD||chassis|Khung gầm & hệ thống treo|Hệ thống treo - trước|Hệ thống treo|Độc lập, MacPherson||vf7_brochure|https://vinfastnamtuliem.vn/wp-content/uploads/2025/02/VF7_Brochure_T062025.pdf|13|[84.2, 304.7, 648.3, 318.4]|p13_b02|0.98
VF 7|Eco||chassis|Khung gầm & hệ thống treo|Hệ thống treo - sau|Hệ thống treo|Thanh điều hướng đa điểm||vf7_brochure|https://vinfastnamtuliem.vn/wp-content/uploads/2025/02/VF7_Brochure_T062025.pdf|13|[84.2, 318.4, 648.3, 331.5]|p13_b02|0.98
VF 7|Plus||chassis|Khung gầm & hệ thống treo|Hệ thống treo - sau|Hệ thống treo|Thanh điều hướng đa điểm||vf7_brochure|https://vinfastnamtuliem.vn/wp-content/uploads/2025/02/VF7_Brochure_T062025.pdf|13|[84.2, 318.4, 648.3, 331.5]|p13_b02|0.98
VF 7|Plus AWD||chassis|Khung gầm & hệ thống treo|Hệ thống treo - sau|Hệ thống treo|Thanh điều hướng đa điểm||vf7_brochure|https://vinfastnamtuliem.vn/wp-content/uploads/2025/02/VF7_Brochure_T062025.pdf|13|[84.2, 318.4, 648.3, 331.5]|p13_b02|0.98
VF 7|Eco||exterior|Ngoại thất|Đèn chiếu sáng phía trước|Đèn chiếu sáng phía trước|LED||vf7_brochure|https://vinfastnamtuliem.vn/wp-content/uploads/2025/02/VF7_Brochure_T062025.pdf|13|[84.2, 359.5, 648.3, 373.2]|p13_b02|0.98
VF 7|Plus||exterior|Ngoại thất|Đèn chiếu sáng phía trước|Đèn chiếu sáng phía trước|LED||vf7_brochure|https://vinfastnamtuliem.vn/wp-content/uploads/2025/02/VF7_Brochure_T062025.pdf|13|[84.2, 359.5, 648.3, 373.2]|p13_b02|0.98
VF 7|Plus AWD||exterior|Ngoại thất|Đèn chiếu sáng phía trước|Đèn chiếu sáng phía trước|LED||vf7_brochure|https://vinfastnamtuliem.vn/wp-content/uploads/2025/02/VF7_Brochure_T062025.pdf|13|[84.2, 359.5, 648.3, 373.2]|p13_b02|0.98
VF 7|Eco||exterior|Ngoại thất|Tự động bật/tắt đèn|Tự động bật/tắt đèn|Có||vf7_brochure|https://vinfastnamtuliem.vn/wp-content/uploads/2025/02/VF7_Brochure_T062025.pdf|13|[84.2, 373.2, 648.3, 386.9]|p13_b02|0.98
VF 7|Plus||exterior|Ngoại thất|Tự động bật/tắt đèn|Tự động bật/tắt đèn|Có||vf7_brochure|https://vinfastnamtuliem.vn/wp-content/uploads/2025/02/VF7_Brochure_T062025.pdf|13|[84.2, 373.2, 648.3, 386.9]|p13_b02|0.98
VF 7|Plus AWD||exterior|Ngoại thất|Tự động bật/tắt đèn|Tự động bật/tắt đèn|Có||vf7_brochure|https://vinfastnamtuliem.vn/wp-content/uploads/2025/02/VF7_Brochure_T062025.pdf|13|[84.2, 373.2, 648.3, 386.9]|p13_b02|0.98
VF 7|Eco||exterior|Ngoại thất|Đèn chiếu sáng ban ngày|Đèn chiếu sáng ban ngày|LED||vf7_brochure|https://vinfastnamtuliem.vn/wp-content/uploads/2025/02/VF7_Brochure_T062025.pdf|13|[84.2, 386.9, 648.3, 401.2]|p13_b02|0.98
VF 7|Plus||exterior|Ngoại thất|Đèn chiếu sáng ban ngày|Đèn chiếu sáng ban ngày|LED||vf7_brochure|https://vinfastnamtuliem.vn/wp-content/uploads/2025/02/VF7_Brochure_T062025.pdf|13|[84.2, 386.9, 648.3, 401.2]|p13_b02|0.98
VF 7|Plus AWD||exterior|Ngoại thất|Đèn chiếu sáng ban ngày|Đèn chiếu sáng ban ngày|LED||vf7_brochure|https://vinfastnamtuliem.vn/wp-content/uploads/2025/02/VF7_Brochure_T062025.pdf|13|[84.2, 386.9, 648.3, 401.2]|p13_b02|0.98
VF 7|Eco||exterior|Ngoại thất|Tự động bật/tắt chế độ chiếu xa|Tự động bật/tắt chế độ chiếu xa|Không||vf7_brochure|https://vinfastnamtuliem.vn/wp-content/uploads/2025/02/VF7_Brochure_T062025.pdf|13|[84.2, 401.2, 648.3, 414.9]|p13_b02|0.98
VF 7|Plus||exterior|Ngoại thất|Tự động bật/tắt chế độ chiếu xa|Tự động bật/tắt chế độ chiếu xa|Có||vf7_brochure|https://vinfastnamtuliem.vn/wp-content/uploads/2025/02/VF7_Brochure_T062025.pdf|13|[84.2, 401.2, 648.3, 414.9]|p13_b02|0.98
VF 7|Plus AWD||exterior|Ngoại thất|Tự động bật/tắt chế độ chiếu xa|Tự động bật/tắt chế độ chiếu xa|Có||vf7_brochure|https://vinfastnamtuliem.vn/wp-content/uploads/2025/02/VF7_Brochure_T062025.pdf|13|[84.2, 401.2, 648.3, 414.9]|p13_b02|0.98
VF 7|Eco||exterior|Ngoại thất|Đèn hậu|Đèn hậu|LED||vf7_brochure|https://vinfastnamtuliem.vn/wp-content/uploads/2025/02/VF7_Brochure_T062025.pdf|13|[84.2, 414.9, 648.3, 428.5]|p13_b02|0.98
VF 7|Plus||exterior|Ngoại thất|Đèn hậu|Đèn hậu|LED||vf7_brochure|https://vinfastnamtuliem.vn/wp-content/uploads/2025/02/VF7_Brochure_T062025.pdf|13|[84.2, 414.9, 648.3, 428.5]|p13_b02|0.98
VF 7|Plus AWD||exterior|Ngoại thất|Đèn hậu|Đèn hậu|LED||vf7_brochure|https://vinfastnamtuliem.vn/wp-content/uploads/2025/02/VF7_Brochure_T062025.pdf|13|[84.2, 414.9, 648.3, 428.5]|p13_b02|0.98
VF 7|Eco||exterior|Ngoại thất|Gương chiếu hậu chỉnh điện, gập điện, tích hợp đèn báo rẽ, sấy mặt gương, tự động chỉnh khi lùi, nhớ vị trí|Gương chiếu hậu|Có||vf7_brochure|https://vinfastnamtuliem.vn/wp-content/uploads/2025/02/VF7_Brochure_T062025.pdf|13|[649.9, 58.9, 1217.4, 101.2]|p13_b02|0.98
VF 7|Plus||exterior|Ngoại thất|Gương chiếu hậu chỉnh điện, gập điện, tích hợp đèn báo rẽ, sấy mặt gương, tự động chỉnh khi lùi, nhớ vị trí|Gương chiếu hậu|Có||vf7_brochure|https://vinfastnamtuliem.vn/wp-content/uploads/2025/02/VF7_Brochure_T062025.pdf|13|[649.9, 58.9, 1217.4, 101.2]|p13_b02|0.98
VF 7|Plus AWD||exterior|Ngoại thất|Gương chiếu hậu chỉnh điện, gập điện, tích hợp đèn báo rẽ, sấy mặt gương, tự động chỉnh khi lùi, nhớ vị trí|Gương chiếu hậu|Có||vf7_brochure|https://vinfastnamtuliem.vn/wp-content/uploads/2025/02/VF7_Brochure_T062025.pdf|13|[649.9, 58.9, 1217.4, 101.2]|p13_b02|0.98
VF 7|Eco||exterior|Ngoại thất|Gương chiếu hậu chống chói tự động|Gương chiếu hậu|Không||vf7_brochure|https://vinfastnamtuliem.vn/wp-content/uploads/2025/02/VF7_Brochure_T062025.pdf|13|[649.9, 101.2, 1217.4, 114.9]|p13_b02|0.98
VF 7|Plus||exterior|Ngoại thất|Gương chiếu hậu chống chói tự động|Gương chiếu hậu|Có||vf7_brochure|https://vinfastnamtuliem.vn/wp-content/uploads/2025/02/VF7_Brochure_T062025.pdf|13|[649.9, 101.2, 1217.4, 114.9]|p13_b02|0.98
VF 7|Plus AWD||exterior|Ngoại thất|Gương chiếu hậu chống chói tự động|Gương chiếu hậu|Có||vf7_brochure|https://vinfastnamtuliem.vn/wp-content/uploads/2025/02/VF7_Brochure_T062025.pdf|13|[649.9, 101.2, 1217.4, 114.9]|p13_b02|0.98
VF 7|Eco||exterior|Ngoại thất|Gạt mưa trước tự động|Gạt mưa trước|Có||vf7_brochure|https://vinfastnamtuliem.vn/wp-content/uploads/2025/02/VF7_Brochure_T062025.pdf|13|[649.9, 114.9, 1217.4, 128.6]|p13_b02|0.98
VF 7|Plus||exterior|Ngoại thất|Gạt mưa trước tự động|Gạt mưa trước|Có||vf7_brochure|https://vinfastnamtuliem.vn/wp-content/uploads/2025/02/VF7_Brochure_T062025.pdf|13|[649.9, 114.9, 1217.4, 128.6]|p13_b02|0.98
VF 7|Plus AWD||exterior|Ngoại thất|Gạt mưa trước tự động|Gạt mưa trước|Có||vf7_brochure|https://vinfastnamtuliem.vn/wp-content/uploads/2025/02/VF7_Brochure_T062025.pdf|13|[649.9, 114.9, 1217.4, 128.6]|p13_b02|0.98
VF 7|Eco||exterior|Ngoại thất|Chìa khóa thông minh|Chìa khóa thông minh|Có||vf7_brochure|https://vinfastnamtuliem.vn/wp-content/uploads/2025/02/VF7_Brochure_T062025.pdf|13|[649.9, 128.6, 1217.4, 142.3]|p13_b02|0.98
VF 7|Plus||exterior|Ngoại thất|Chìa khóa thông minh|Chìa khóa thông minh|Có||vf7_brochure|https://vinfastnamtuliem.vn/wp-content/uploads/2025/02/VF7_Brochure_T062025.pdf|13|[649.9, 128.6, 1217.4, 142.3]|p13_b02|0.98
VF 7|Plus AWD||exterior|Ngoại thất|Chìa khóa thông minh|Chìa khóa thông minh|Có||vf7_brochure|https://vinfastnamtuliem.vn/wp-content/uploads/2025/02/VF7_Brochure_T062025.pdf|13|[649.9, 128.6, 1217.4, 142.3]|p13_b02|0.98
VF 7|Eco||exterior|Ngoại thất|Cốp sau|Cốp sau|Chỉnh cơ||vf7_brochure|https://vinfastnamtuliem.vn/wp-content/uploads/2025/02/VF7_Brochure_T062025.pdf|13|[649.9, 142.3, 1217.4, 155.9]|p13_b02|0.98
VF 7|Plus||exterior|Ngoại thất|Cốp sau|Cốp sau|Chỉnh điện||vf7_brochure|https://vinfastnamtuliem.vn/wp-content/uploads/2025/02/VF7_Brochure_T062025.pdf|13|[649.9, 142.3, 1217.4, 155.9]|p13_b02|0.98
VF 7|Plus AWD||exterior|Ngoại thất|Cốp sau|Cốp sau|Chỉnh điện||vf7_brochure|https://vinfastnamtuliem.vn/wp-content/uploads/2025/02/VF7_Brochure_T062025.pdf|13|[649.9, 142.3, 1217.4, 155.9]|p13_b02|0.98
VF 7|Eco||exterior|Ngoại thất|Tay nắm cửa|Tay nắm cửa|Dạng ẩn||vf7_brochure|https://vinfastnamtuliem.vn/wp-content/uploads/2025/02/VF7_Brochure_T062025.pdf|13|[649.9, 155.9, 1217.4, 169.6]|p13_b02|0.98
VF 7|Plus||exterior|Ngoại thất|Tay nắm cửa|Tay nắm cửa|Dạng ẩn||vf7_brochure|https://vinfastnamtuliem.vn/wp-content/uploads/2025/02/VF7_Brochure_T062025.pdf|13|[649.9, 155.9, 1217.4, 169.6]|p13_b02|0.98
VF 7|Plus AWD||exterior|Ngoại thất|Tay nắm cửa|Tay nắm cửa|Dạng ẩn||vf7_brochure|https://vinfastnamtuliem.vn/wp-content/uploads/2025/02/VF7_Brochure_T062025.pdf|13|[649.9, 155.9, 1217.4, 169.6]|p13_b02|0.98
VF 7|Eco||interior|Nội thất|Hệ thống điều hòa|Hệ thống điều hòa|Tự động, 2 vùng||vf7_brochure|https://vinfastnamtuliem.vn/wp-content/uploads/2025/02/VF7_Brochure_T062025.pdf|13|[649.9, 205.9, 1217.4, 219.6]|p13_b02|0.98
VF 7|Plus||interior|Nội thất|Hệ thống điều hòa|Hệ thống điều hòa|Tự động, 2 vùng||vf7_brochure|https://vinfastnamtuliem.vn/wp-content/uploads/2025/02/VF7_Brochure_T062025.pdf|13|[649.9, 205.9, 1217.4, 219.6]|p13_b02|0.98
VF 7|Plus AWD||interior|Nội thất|Hệ thống điều hòa|Hệ thống điều hòa|Tự động, 2 vùng||vf7_brochure|https://vinfastnamtuliem.vn/wp-content/uploads/2025/02/VF7_Brochure_T062025.pdf|13|[649.9, 205.9, 1217.4, 219.6]|p13_b02|0.98
VF 7|Eco||interior|Nội thất|Hệ thống lọc bụi mịn Combi 1.0 và ion hóa không khí|Hệ thống lọc bụi mịn Combi 1.0 và ion hóa không khí|Có||vf7_brochure|https://vinfastnamtuliem.vn/wp-content/uploads/2025/02/VF7_Brochure_T062025.pdf|13|[649.9, 219.6, 1217.4, 244.0]|p13_b02|0.98
VF 7|Plus||interior|Nội thất|Hệ thống lọc bụi mịn Combi 1.0 và ion hóa không khí|Hệ thống lọc bụi mịn Combi 1.0 và ion hóa không khí|Có||vf7_brochure|https://vinfastnamtuliem.vn/wp-content/uploads/2025/02/VF7_Brochure_T062025.pdf|13|[649.9, 219.6, 1217.4, 244.0]|p13_b02|0.98
VF 7|Plus AWD||interior|Nội thất|Hệ thống lọc bụi mịn Combi 1.0 và ion hóa không khí|Hệ thống lọc bụi mịn Combi 1.0 và ion hóa không khí|Có||vf7_brochure|https://vinfastnamtuliem.vn/wp-content/uploads/2025/02/VF7_Brochure_T062025.pdf|13|[649.9, 219.6, 1217.4, 244.0]|p13_b02|0.98
VF 7|Eco||interior|Nội thất|Cửa gió điều hòa hàng ghế sau|Hệ thống điều hòa|Có||vf7_brochure|https://vinfastnamtuliem.vn/wp-content/uploads/2025/02/VF7_Brochure_T062025.pdf|13|[649.9, 244.0, 1217.4, 257.7]|p13_b02|0.98
VF 7|Plus||interior|Nội thất|Cửa gió điều hòa hàng ghế sau|Hệ thống điều hòa|Có||vf7_brochure|https://vinfastnamtuliem.vn/wp-content/uploads/2025/02/VF7_Brochure_T062025.pdf|13|[649.9, 244.0, 1217.4, 257.7]|p13_b02|0.98
VF 7|Plus AWD||interior|Nội thất|Cửa gió điều hòa hàng ghế sau|Hệ thống điều hòa|Có||vf7_brochure|https://vinfastnamtuliem.vn/wp-content/uploads/2025/02/VF7_Brochure_T062025.pdf|13|[649.9, 244.0, 1217.4, 257.7]|p13_b02|0.98
VF 7|Eco||infotainment|Giải trí & kết nối|Màn hình hiển thị thông tin trên kính lái (HUD)|Hiển thị kính lái HUD|OPT||vf7_brochure|https://vinfastnamtuliem.vn/wp-content/uploads/2025/02/VF7_Brochure_T062025.pdf|13|[649.9, 271.4, 1217.4, 285.1]|p13_b02|0.98
VF 7|Plus||infotainment|Giải trí & kết nối|Màn hình hiển thị thông tin trên kính lái (HUD)|Hiển thị kính lái HUD|Có||vf7_brochure|https://vinfastnamtuliem.vn/wp-content/uploads/2025/02/VF7_Brochure_T062025.pdf|13|[649.9, 271.4, 1217.4, 285.1]|p13_b02|0.98
VF 7|Plus AWD||infotainment|Giải trí & kết nối|Màn hình hiển thị thông tin trên kính lái (HUD)|Hiển thị kính lái HUD|Có||vf7_brochure|https://vinfastnamtuliem.vn/wp-content/uploads/2025/02/VF7_Brochure_T062025.pdf|13|[649.9, 271.4, 1217.4, 285.1]|p13_b02|0.98
VF 7|Eco||infotainment|Giải trí & kết nối|display_inch|display_inch|12.9|inch|vf7_brochure|https://vinfastnamtuliem.vn/wp-content/uploads/2025/02/VF7_Brochure_T062025.pdf|13|[649.9, 285.1, 1217.4, 298.8]|p13_b02|0.98
VF 7|Plus||infotainment|Giải trí & kết nối|display_inch|display_inch|12.9|inch|vf7_brochure|https://vinfastnamtuliem.vn/wp-content/uploads/2025/02/VF7_Brochure_T062025.pdf|13|[649.9, 285.1, 1217.4, 298.8]|p13_b02|0.98
VF 7|Plus AWD||infotainment|Giải trí & kết nối|display_inch|display_inch|12.9|inch|vf7_brochure|https://vinfastnamtuliem.vn/wp-content/uploads/2025/02/VF7_Brochure_T062025.pdf|13|[649.9, 285.1, 1217.4, 298.8]|p13_b02|0.98
VF 7|Eco||infotainment|Giải trí & kết nối|Kết nối với Android Auto và Apple CarPlay|Kết nối (Bluetooth/Wifi/USB)|Có||vf7_brochure|https://vinfastnamtuliem.vn/wp-content/uploads/2025/02/VF7_Brochure_T062025.pdf|13|[649.9, 298.8, 1217.4, 312.5]|p13_b02|0.98
VF 7|Plus||infotainment|Giải trí & kết nối|Kết nối với Android Auto và Apple CarPlay|Kết nối (Bluetooth/Wifi/USB)|Có||vf7_brochure|https://vinfastnamtuliem.vn/wp-content/uploads/2025/02/VF7_Brochure_T062025.pdf|13|[649.9, 298.8, 1217.4, 312.5]|p13_b02|0.98
VF 7|Plus AWD||infotainment|Giải trí & kết nối|Kết nối với Android Auto và Apple CarPlay|Kết nối (Bluetooth/Wifi/USB)|Có||vf7_brochure|https://vinfastnamtuliem.vn/wp-content/uploads/2025/02/VF7_Brochure_T062025.pdf|13|[649.9, 298.8, 1217.4, 312.5]|p13_b02|0.98
VF 7|Eco||infotainment|Giải trí & kết nối|Hệ thống loa|Hệ thống loa|6||vf7_brochure|https://vinfastnamtuliem.vn/wp-content/uploads/2025/02/VF7_Brochure_T062025.pdf|13|[649.9, 312.5, 1217.4, 326.2]|p13_b02|0.98
VF 7|Plus||infotainment|Giải trí & kết nối|Hệ thống loa|Hệ thống loa|8||vf7_brochure|https://vinfastnamtuliem.vn/wp-content/uploads/2025/02/VF7_Brochure_T062025.pdf|13|[649.9, 312.5, 1217.4, 326.2]|p13_b02|0.98
VF 7|Plus AWD||infotainment|Giải trí & kết nối|Hệ thống loa|Hệ thống loa|8||vf7_brochure|https://vinfastnamtuliem.vn/wp-content/uploads/2025/02/VF7_Brochure_T062025.pdf|13|[649.9, 312.5, 1217.4, 326.2]|p13_b02|0.98
VF 7|Eco||infotainment|Giải trí & kết nối|Sạc không dây|Sạc không dây|Không||vf7_brochure|https://vinfastnamtuliem.vn/wp-content/uploads/2025/02/VF7_Brochure_T062025.pdf|13|[649.9, 326.2, 1217.4, 339.9]|p13_b02|0.98
VF 7|Plus||infotainment|Giải trí & kết nối|Sạc không dây|Sạc không dây|Có||vf7_brochure|https://vinfastnamtuliem.vn/wp-content/uploads/2025/02/VF7_Brochure_T062025.pdf|13|[649.9, 326.2, 1217.4, 339.9]|p13_b02|0.98
VF 7|Plus AWD||infotainment|Giải trí & kết nối|Sạc không dây|Sạc không dây|Có||vf7_brochure|https://vinfastnamtuliem.vn/wp-content/uploads/2025/02/VF7_Brochure_T062025.pdf|13|[649.9, 326.2, 1217.4, 339.9]|p13_b02|0.98
VF 7|Eco||interior|Nội thất|Ghế lái|Ghế lái|Chỉnh điện 8 hướng||vf7_brochure|https://vinfastnamtuliem.vn/wp-content/uploads/2025/02/VF7_Brochure_T062025.pdf|13|[649.9, 353.6, 1217.4, 367.2]|p13_b02|0.98
VF 7|Plus||interior|Nội thất|Ghế lái|Ghế lái|Chỉnh điện 8 hướng||vf7_brochure|https://vinfastnamtuliem.vn/wp-content/uploads/2025/02/VF7_Brochure_T062025.pdf|13|[649.9, 353.6, 1217.4, 367.2]|p13_b02|0.98
VF 7|Plus AWD||interior|Nội thất|Ghế lái|Ghế lái|Chỉnh điện 8 hướng||vf7_brochure|https://vinfastnamtuliem.vn/wp-content/uploads/2025/02/VF7_Brochure_T062025.pdf|13|[649.9, 353.6, 1217.4, 367.2]|p13_b02|0.98
VF 7|Eco||interior|Nội thất|Chất liệu bọc ghế|Chất liệu bọc ghế|Da nhân tạo||vf7_brochure|https://vinfastnamtuliem.vn/wp-content/uploads/2025/02/VF7_Brochure_T062025.pdf|13|[649.9, 367.2, 1217.4, 380.9]|p13_b02|0.98
VF 7|Plus||interior|Nội thất|Chất liệu bọc ghế|Chất liệu bọc ghế|Da nhân tạo cao cấp||vf7_brochure|https://vinfastnamtuliem.vn/wp-content/uploads/2025/02/VF7_Brochure_T062025.pdf|13|[649.9, 367.2, 1217.4, 380.9]|p13_b02|0.98
VF 7|Plus AWD||interior|Nội thất|Chất liệu bọc ghế|Chất liệu bọc ghế|Da nhân tạo cao cấp||vf7_brochure|https://vinfastnamtuliem.vn/wp-content/uploads/2025/02/VF7_Brochure_T062025.pdf|13|[649.9, 367.2, 1217.4, 380.9]|p13_b02|0.98
VF 7|Eco||convenience|Tiện nghi|Kính cửa sổ chỉnh điện, lên/xuống một chạm|Kính cửa sổ chỉnh điện, lên/xuống một chạm|Có, lên/xuống một chạm tất cả các vị trí||vf7_brochure|https://vinfastnamtuliem.vn/wp-content/uploads/2025/02/VF7_Brochure_T062025.pdf|13|[649.9, 380.9, 1217.4, 416.0]|p13_b02|0.98
VF 7|Plus||convenience|Tiện nghi|Kính cửa sổ chỉnh điện, lên/xuống một chạm|Kính cửa sổ chỉnh điện, lên/xuống một chạm|Có, lên/xuống một chạm tất cả các vị trí||vf7_brochure|https://vinfastnamtuliem.vn/wp-content/uploads/2025/02/VF7_Brochure_T062025.pdf|13|[649.9, 380.9, 1217.4, 416.0]|p13_b02|0.98
VF 7|Plus AWD||convenience|Tiện nghi|Kính cửa sổ chỉnh điện, lên/xuống một chạm|Kính cửa sổ chỉnh điện, lên/xuống một chạm|Có, lên/xuống một chạm tất cả các vị trí||vf7_brochure|https://vinfastnamtuliem.vn/wp-content/uploads/2025/02/VF7_Brochure_T062025.pdf|13|[649.9, 380.9, 1217.4, 416.0]|p13_b02|0.98
VF 7|Eco||convenience|Tiện nghi|Phanh đỗ điện tử và chế độ tự động giữ phanh|Phanh đỗ điện tử và chế độ tự động giữ phanh|Có||vf7_brochure|https://vinfastnamtuliem.vn/wp-content/uploads/2025/02/VF7_Brochure_T062025.pdf|13|[649.9, 416.0, 1217.4, 429.7]|p13_b02|0.98
VF 7|Plus||convenience|Tiện nghi|Phanh đỗ điện tử và chế độ tự động giữ phanh|Phanh đỗ điện tử và chế độ tự động giữ phanh|Có||vf7_brochure|https://vinfastnamtuliem.vn/wp-content/uploads/2025/02/VF7_Brochure_T062025.pdf|13|[649.9, 416.0, 1217.4, 429.7]|p13_b02|0.98
VF 7|Plus AWD||convenience|Tiện nghi|Phanh đỗ điện tử và chế độ tự động giữ phanh|Phanh đỗ điện tử và chế độ tự động giữ phanh|Có||vf7_brochure|https://vinfastnamtuliem.vn/wp-content/uploads/2025/02/VF7_Brochure_T062025.pdf|13|[649.9, 416.0, 1217.4, 429.7]|p13_b02|0.98
VF 7|Eco||interior|Nội thất|Gương chiếu hậu trong xe|Gương chiếu hậu trong xe|Chế độ ngày/đêm||vf7_brochure|https://vinfastnamtuliem.vn/wp-content/uploads/2025/02/VF7_Brochure_T062025.pdf|13|[649.9, 429.7, 1217.4, 443.4]|p13_b02|0.98
VF 7|Plus||interior|Nội thất|Gương chiếu hậu trong xe|Gương chiếu hậu trong xe|Chống chói tự động||vf7_brochure|https://vinfastnamtuliem.vn/wp-content/uploads/2025/02/VF7_Brochure_T062025.pdf|13|[649.9, 429.7, 1217.4, 443.4]|p13_b02|0.98
VF 7|Plus AWD||interior|Nội thất|Gương chiếu hậu trong xe|Gương chiếu hậu trong xe|Chống chói tự động||vf7_brochure|https://vinfastnamtuliem.vn/wp-content/uploads/2025/02/VF7_Brochure_T062025.pdf|13|[649.9, 429.7, 1217.4, 443.4]|p13_b02|0.98
VF 7|Eco||safety|An toàn|airbags|airbags|6||vf7_brochure|https://vinfastnamtuliem.vn/wp-content/uploads/2025/02/VF7_Brochure_T062025.pdf|13|[649.9, 457.1, 1217.4, 470.8]|p13_b02|0.98
VF 7|Plus||safety|An toàn|airbags|airbags|8||vf7_brochure|https://vinfastnamtuliem.vn/wp-content/uploads/2025/02/VF7_Brochure_T062025.pdf|13|[649.9, 457.1, 1217.4, 470.8]|p13_b02|0.98
VF 7|Plus AWD||safety|An toàn|airbags|airbags|8||vf7_brochure|https://vinfastnamtuliem.vn/wp-content/uploads/2025/02/VF7_Brochure_T062025.pdf|13|[649.9, 457.1, 1217.4, 470.8]|p13_b02|0.98
VF 7|Eco||safety|An toàn|Hệ thống chống bó cứng phanh ABS|Hệ thống chống bó cứng phanh (ABS)|Có||vf7_brochure|https://vinfastnamtuliem.vn/wp-content/uploads/2025/02/VF7_Brochure_T062025.pdf|13|[649.9, 470.8, 1217.4, 484.5]|p13_b02|0.98
VF 7|Plus||safety|An toàn|Hệ thống chống bó cứng phanh ABS|Hệ thống chống bó cứng phanh (ABS)|Có||vf7_brochure|https://vinfastnamtuliem.vn/wp-content/uploads/2025/02/VF7_Brochure_T062025.pdf|13|[649.9, 470.8, 1217.4, 484.5]|p13_b02|0.98
VF 7|Plus AWD||safety|An toàn|Hệ thống chống bó cứng phanh ABS|Hệ thống chống bó cứng phanh (ABS)|Có||vf7_brochure|https://vinfastnamtuliem.vn/wp-content/uploads/2025/02/VF7_Brochure_T062025.pdf|13|[649.9, 470.8, 1217.4, 484.5]|p13_b02|0.98
VF 7|Eco||safety|An toàn|Chức năng phân phối lực phanh điện tử EBD|Chức năng phân phối lực phanh điện tử EBD|Có||vf7_brochure|https://vinfastnamtuliem.vn/wp-content/uploads/2025/02/VF7_Brochure_T062025.pdf|13|[649.9, 484.5, 1217.4, 498.2]|p13_b02|0.98
VF 7|Plus||safety|An toàn|Chức năng phân phối lực phanh điện tử EBD|Chức năng phân phối lực phanh điện tử EBD|Có||vf7_brochure|https://vinfastnamtuliem.vn/wp-content/uploads/2025/02/VF7_Brochure_T062025.pdf|13|[649.9, 484.5, 1217.4, 498.2]|p13_b02|0.98
VF 7|Plus AWD||safety|An toàn|Chức năng phân phối lực phanh điện tử EBD|Chức năng phân phối lực phanh điện tử EBD|Có||vf7_brochure|https://vinfastnamtuliem.vn/wp-content/uploads/2025/02/VF7_Brochure_T062025.pdf|13|[649.9, 484.5, 1217.4, 498.2]|p13_b02|0.98
VF 7|Eco||safety|An toàn|Hỗ trợ phanh khẩn cấp BA|Hỗ trợ phanh khẩn cấp BA|Có||vf7_brochure|https://vinfastnamtuliem.vn/wp-content/uploads/2025/02/VF7_Brochure_T062025.pdf|13|[649.9, 498.2, 1217.4, 511.9]|p13_b02|0.98
VF 7|Plus||safety|An toàn|Hỗ trợ phanh khẩn cấp BA|Hỗ trợ phanh khẩn cấp BA|Có||vf7_brochure|https://vinfastnamtuliem.vn/wp-content/uploads/2025/02/VF7_Brochure_T062025.pdf|13|[649.9, 498.2, 1217.4, 511.9]|p13_b02|0.98
VF 7|Plus AWD||safety|An toàn|Hỗ trợ phanh khẩn cấp BA|Hỗ trợ phanh khẩn cấp BA|Có||vf7_brochure|https://vinfastnamtuliem.vn/wp-content/uploads/2025/02/VF7_Brochure_T062025.pdf|13|[649.9, 498.2, 1217.4, 511.9]|p13_b02|0.98
VF 7|Eco||safety|An toàn|Hệ thống cân bằng điện tử ESC|Hệ thống cân bằng điện tử ESC|Có||vf7_brochure|https://vinfastnamtuliem.vn/wp-content/uploads/2025/02/VF7_Brochure_T062025.pdf|13|[649.9, 511.9, 1217.4, 525.6]|p13_b02|0.98
VF 7|Plus||safety|An toàn|Hệ thống cân bằng điện tử ESC|Hệ thống cân bằng điện tử ESC|Có||vf7_brochure|https://vinfastnamtuliem.vn/wp-content/uploads/2025/02/VF7_Brochure_T062025.pdf|13|[649.9, 511.9, 1217.4, 525.6]|p13_b02|0.98
VF 7|Plus AWD||safety|An toàn|Hệ thống cân bằng điện tử ESC|Hệ thống cân bằng điện tử ESC|Có||vf7_brochure|https://vinfastnamtuliem.vn/wp-content/uploads/2025/02/VF7_Brochure_T062025.pdf|13|[649.9, 511.9, 1217.4, 525.6]|p13_b02|0.98
VF 7|Eco||safety|An toàn|Chức năng kiểm soát lực kéo TCS|Chức năng kiểm soát lực kéo TCS|Có||vf7_brochure|https://vinfastnamtuliem.vn/wp-content/uploads/2025/02/VF7_Brochure_T062025.pdf|13|[649.9, 525.6, 1217.4, 539.3]|p13_b02|0.98
VF 7|Plus||safety|An toàn|Chức năng kiểm soát lực kéo TCS|Chức năng kiểm soát lực kéo TCS|Có||vf7_brochure|https://vinfastnamtuliem.vn/wp-content/uploads/2025/02/VF7_Brochure_T062025.pdf|13|[649.9, 525.6, 1217.4, 539.3]|p13_b02|0.98
VF 7|Plus AWD||safety|An toàn|Chức năng kiểm soát lực kéo TCS|Chức năng kiểm soát lực kéo TCS|Có||vf7_brochure|https://vinfastnamtuliem.vn/wp-content/uploads/2025/02/VF7_Brochure_T062025.pdf|13|[649.9, 525.6, 1217.4, 539.3]|p13_b02|0.98
VF 7|Eco||safety|An toàn|Hỗ trợ khởi hành ngang dốc HSA|Hỗ trợ khởi hành ngang dốc HSA|Có||vf7_brochure|https://vinfastnamtuliem.vn/wp-content/uploads/2025/02/VF7_Brochure_T062025.pdf|13|[1220.7, 58.9, 1658.5, 73.2]|p13_b02|0.98
VF 7|Plus||safety|An toàn|Hỗ trợ khởi hành ngang dốc HSA|Hỗ trợ khởi hành ngang dốc HSA|Có||vf7_brochure|https://vinfastnamtuliem.vn/wp-content/uploads/2025/02/VF7_Brochure_T062025.pdf|13|[1220.7, 58.9, 1658.5, 73.2]|p13_b02|0.98
VF 7|Plus AWD||safety|An toàn|Hỗ trợ khởi hành ngang dốc HSA|Hỗ trợ khởi hành ngang dốc HSA|Có||vf7_brochure|https://vinfastnamtuliem.vn/wp-content/uploads/2025/02/VF7_Brochure_T062025.pdf|13|[1220.7, 58.9, 1658.5, 73.2]|p13_b02|0.98
VF 7|Eco||safety|An toàn|Chức năng chống lật ROM|Chức năng chống lật ROM|Có||vf7_brochure|https://vinfastnamtuliem.vn/wp-content/uploads/2025/02/VF7_Brochure_T062025.pdf|13|[1220.7, 73.2, 1658.5, 87.5]|p13_b02|0.98
VF 7|Plus||safety|An toàn|Chức năng chống lật ROM|Chức năng chống lật ROM|Có||vf7_brochure|https://vinfastnamtuliem.vn/wp-content/uploads/2025/02/VF7_Brochure_T062025.pdf|13|[1220.7, 73.2, 1658.5, 87.5]|p13_b02|0.98
VF 7|Plus AWD||safety|An toàn|Chức năng chống lật ROM|Chức năng chống lật ROM|Có||vf7_brochure|https://vinfastnamtuliem.vn/wp-content/uploads/2025/02/VF7_Brochure_T062025.pdf|13|[1220.7, 73.2, 1658.5, 87.5]|p13_b02|0.98
VF 7|Eco||safety|An toàn|Giám sát áp suất lốp|Giám sát áp suất lốp|Có||vf7_brochure|https://vinfastnamtuliem.vn/wp-content/uploads/2025/02/VF7_Brochure_T062025.pdf|13|[1220.7, 87.5, 1658.5, 101.8]|p13_b02|0.98
VF 7|Plus||safety|An toàn|Giám sát áp suất lốp|Giám sát áp suất lốp|Có||vf7_brochure|https://vinfastnamtuliem.vn/wp-content/uploads/2025/02/VF7_Brochure_T062025.pdf|13|[1220.7, 87.5, 1658.5, 101.8]|p13_b02|0.98
VF 7|Plus AWD||safety|An toàn|Giám sát áp suất lốp|Giám sát áp suất lốp|Có||vf7_brochure|https://vinfastnamtuliem.vn/wp-content/uploads/2025/02/VF7_Brochure_T062025.pdf|13|[1220.7, 87.5, 1658.5, 101.8]|p13_b02|0.98
VF 7|Eco||adas|Hỗ trợ lái nâng cao (ADAS)|Cảnh báo điểm mù|Cảnh báo điểm mù (BSD)|Có||vf7_brochure|https://vinfastnamtuliem.vn/wp-content/uploads/2025/02/VF7_Brochure_T062025.pdf|13|[1220.7, 101.8, 1658.5, 116.1]|p13_b02|0.98
VF 7|Plus||adas|Hỗ trợ lái nâng cao (ADAS)|Cảnh báo điểm mù|Cảnh báo điểm mù (BSD)|Có||vf7_brochure|https://vinfastnamtuliem.vn/wp-content/uploads/2025/02/VF7_Brochure_T062025.pdf|13|[1220.7, 101.8, 1658.5, 116.1]|p13_b02|0.98
VF 7|Plus AWD||adas|Hỗ trợ lái nâng cao (ADAS)|Cảnh báo điểm mù|Cảnh báo điểm mù (BSD)|Có||vf7_brochure|https://vinfastnamtuliem.vn/wp-content/uploads/2025/02/VF7_Brochure_T062025.pdf|13|[1220.7, 101.8, 1658.5, 116.1]|p13_b02|0.98
VF 7|Eco||safety|An toàn|Cảnh báo phương tiện cắt ngang phía sau|Cảnh báo phương tiện cắt ngang phía sau|Không||vf7_brochure|https://vinfastnamtuliem.vn/wp-content/uploads/2025/02/VF7_Brochure_T062025.pdf|13|[1220.7, 116.1, 1658.5, 130.4]|p13_b02|0.98
VF 7|Plus||safety|An toàn|Cảnh báo phương tiện cắt ngang phía sau|Cảnh báo phương tiện cắt ngang phía sau|Có||vf7_brochure|https://vinfastnamtuliem.vn/wp-content/uploads/2025/02/VF7_Brochure_T062025.pdf|13|[1220.7, 116.1, 1658.5, 130.4]|p13_b02|0.98
VF 7|Plus AWD||safety|An toàn|Cảnh báo phương tiện cắt ngang phía sau|Cảnh báo phương tiện cắt ngang phía sau|Có||vf7_brochure|https://vinfastnamtuliem.vn/wp-content/uploads/2025/02/VF7_Brochure_T062025.pdf|13|[1220.7, 116.1, 1658.5, 130.4]|p13_b02|0.98
VF 7|Eco||safety|An toàn|Cảnh báo mở cửa|Cảnh báo mở cửa|Không||vf7_brochure|https://vinfastnamtuliem.vn/wp-content/uploads/2025/02/VF7_Brochure_T062025.pdf|13|[1220.7, 130.4, 1658.5, 144.6]|p13_b02|0.98
VF 7|Plus||safety|An toàn|Cảnh báo mở cửa|Cảnh báo mở cửa|Có||vf7_brochure|https://vinfastnamtuliem.vn/wp-content/uploads/2025/02/VF7_Brochure_T062025.pdf|13|[1220.7, 130.4, 1658.5, 144.6]|p13_b02|0.98
VF 7|Plus AWD||safety|An toàn|Cảnh báo mở cửa|Cảnh báo mở cửa|Có||vf7_brochure|https://vinfastnamtuliem.vn/wp-content/uploads/2025/02/VF7_Brochure_T062025.pdf|13|[1220.7, 130.4, 1658.5, 144.6]|p13_b02|0.98
VF 7|Eco||safety|An toàn|Hỗ trợ tự động chuyển làn|Hỗ trợ tự động chuyển làn|Không||vf7_brochure|https://vinfastnamtuliem.vn/wp-content/uploads/2025/02/VF7_Brochure_T062025.pdf|13|[1220.7, 144.6, 1658.5, 158.9]|p13_b02|0.98
VF 7|Plus||safety|An toàn|Hỗ trợ tự động chuyển làn|Hỗ trợ tự động chuyển làn|Có||vf7_brochure|https://vinfastnamtuliem.vn/wp-content/uploads/2025/02/VF7_Brochure_T062025.pdf|13|[1220.7, 144.6, 1658.5, 158.9]|p13_b02|0.98
VF 7|Plus AWD||safety|An toàn|Hỗ trợ tự động chuyển làn|Hỗ trợ tự động chuyển làn|Có||vf7_brochure|https://vinfastnamtuliem.vn/wp-content/uploads/2025/02/VF7_Brochure_T062025.pdf|13|[1220.7, 144.6, 1658.5, 158.9]|p13_b02|0.98
VF 7|Eco||safety|An toàn|Kiểm soát đi giữa làn|Kiểm soát đi giữa làn|Không||vf7_brochure|https://vinfastnamtuliem.vn/wp-content/uploads/2025/02/VF7_Brochure_T062025.pdf|13|[1220.7, 158.9, 1658.5, 173.2]|p13_b02|0.98
VF 7|Plus||safety|An toàn|Kiểm soát đi giữa làn|Kiểm soát đi giữa làn|Có||vf7_brochure|https://vinfastnamtuliem.vn/wp-content/uploads/2025/02/VF7_Brochure_T062025.pdf|13|[1220.7, 158.9, 1658.5, 173.2]|p13_b02|0.98
VF 7|Plus AWD||safety|An toàn|Kiểm soát đi giữa làn|Kiểm soát đi giữa làn|Có||vf7_brochure|https://vinfastnamtuliem.vn/wp-content/uploads/2025/02/VF7_Brochure_T062025.pdf|13|[1220.7, 158.9, 1658.5, 173.2]|p13_b02|0.98
VF 7|Eco||safety|An toàn|Cảnh báo chệch làn|Cảnh báo chệch làn|Không||vf7_brochure|https://vinfastnamtuliem.vn/wp-content/uploads/2025/02/VF7_Brochure_T062025.pdf|13|[1220.7, 173.2, 1658.5, 187.5]|p13_b02|0.98
VF 7|Plus||safety|An toàn|Cảnh báo chệch làn|Cảnh báo chệch làn|Có||vf7_brochure|https://vinfastnamtuliem.vn/wp-content/uploads/2025/02/VF7_Brochure_T062025.pdf|13|[1220.7, 173.2, 1658.5, 187.5]|p13_b02|0.98
VF 7|Plus AWD||safety|An toàn|Cảnh báo chệch làn|Cảnh báo chệch làn|Có||vf7_brochure|https://vinfastnamtuliem.vn/wp-content/uploads/2025/02/VF7_Brochure_T062025.pdf|13|[1220.7, 173.2, 1658.5, 187.5]|p13_b02|0.98
VF 7|Eco||adas|Hỗ trợ lái nâng cao (ADAS)|Hỗ trợ giữ làn|Hỗ trợ giữ làn đường (LKA)|Không||vf7_brochure|https://vinfastnamtuliem.vn/wp-content/uploads/2025/02/VF7_Brochure_T062025.pdf|13|[1220.7, 187.5, 1658.5, 201.8]|p13_b02|0.98
VF 7|Plus||adas|Hỗ trợ lái nâng cao (ADAS)|Hỗ trợ giữ làn|Hỗ trợ giữ làn đường (LKA)|Có||vf7_brochure|https://vinfastnamtuliem.vn/wp-content/uploads/2025/02/VF7_Brochure_T062025.pdf|13|[1220.7, 187.5, 1658.5, 201.8]|p13_b02|0.98
VF 7|Plus AWD||adas|Hỗ trợ lái nâng cao (ADAS)|Hỗ trợ giữ làn|Hỗ trợ giữ làn đường (LKA)|Có||vf7_brochure|https://vinfastnamtuliem.vn/wp-content/uploads/2025/02/VF7_Brochure_T062025.pdf|13|[1220.7, 187.5, 1658.5, 201.8]|p13_b02|0.98
VF 7|Eco||safety|An toàn|Giám sát hành trình|Giám sát hành trình|Tiêu chuẩn||vf7_brochure|https://vinfastnamtuliem.vn/wp-content/uploads/2025/02/VF7_Brochure_T062025.pdf|13|[1220.7, 201.8, 1658.5, 216.1]|p13_b02|0.98
VF 7|Plus||safety|An toàn|Giám sát hành trình|Giám sát hành trình|Thích ứng||vf7_brochure|https://vinfastnamtuliem.vn/wp-content/uploads/2025/02/VF7_Brochure_T062025.pdf|13|[1220.7, 201.8, 1658.5, 216.1]|p13_b02|0.98
VF 7|Plus AWD||safety|An toàn|Giám sát hành trình|Giám sát hành trình|Thích ứng||vf7_brochure|https://vinfastnamtuliem.vn/wp-content/uploads/2025/02/VF7_Brochure_T062025.pdf|13|[1220.7, 201.8, 1658.5, 216.1]|p13_b02|0.98
VF 7|Eco||safety|An toàn|Nhận biết biển báo giao thông|Nhận biết biển báo giao thông|Không||vf7_brochure|https://vinfastnamtuliem.vn/wp-content/uploads/2025/02/VF7_Brochure_T062025.pdf|13|[1220.7, 216.1, 1658.5, 230.3]|p13_b02|0.98
VF 7|Plus||safety|An toàn|Nhận biết biển báo giao thông|Nhận biết biển báo giao thông|Có||vf7_brochure|https://vinfastnamtuliem.vn/wp-content/uploads/2025/02/VF7_Brochure_T062025.pdf|13|[1220.7, 216.1, 1658.5, 230.3]|p13_b02|0.98
VF 7|Plus AWD||safety|An toàn|Nhận biết biển báo giao thông|Nhận biết biển báo giao thông|Có||vf7_brochure|https://vinfastnamtuliem.vn/wp-content/uploads/2025/02/VF7_Brochure_T062025.pdf|13|[1220.7, 216.1, 1658.5, 230.3]|p13_b02|0.98
VF 7|Eco||safety|An toàn|Điều chỉnh tốc độ thông minh|Điều chỉnh tốc độ thông minh|Không||vf7_brochure|https://vinfastnamtuliem.vn/wp-content/uploads/2025/02/VF7_Brochure_T062025.pdf|13|[1220.7, 230.3, 1658.5, 244.6]|p13_b02|0.98
VF 7|Plus||safety|An toàn|Điều chỉnh tốc độ thông minh|Điều chỉnh tốc độ thông minh|Có||vf7_brochure|https://vinfastnamtuliem.vn/wp-content/uploads/2025/02/VF7_Brochure_T062025.pdf|13|[1220.7, 230.3, 1658.5, 244.6]|p13_b02|0.98
VF 7|Plus AWD||safety|An toàn|Điều chỉnh tốc độ thông minh|Điều chỉnh tốc độ thông minh|Có||vf7_brochure|https://vinfastnamtuliem.vn/wp-content/uploads/2025/02/VF7_Brochure_T062025.pdf|13|[1220.7, 230.3, 1658.5, 244.6]|p13_b02|0.98
VF 7|Eco||adas|Hỗ trợ lái nâng cao (ADAS)|Phanh tự động khẩn cấp trước & sau|Phanh tự động khẩn cấp (AEB)|Không||vf7_brochure|https://vinfastnamtuliem.vn/wp-content/uploads/2025/02/VF7_Brochure_T062025.pdf|13|[1220.7, 244.6, 1658.5, 258.9]|p13_b02|0.98
VF 7|Plus||adas|Hỗ trợ lái nâng cao (ADAS)|Phanh tự động khẩn cấp trước & sau|Phanh tự động khẩn cấp (AEB)|Có||vf7_brochure|https://vinfastnamtuliem.vn/wp-content/uploads/2025/02/VF7_Brochure_T062025.pdf|13|[1220.7, 244.6, 1658.5, 258.9]|p13_b02|0.98
VF 7|Plus AWD||adas|Hỗ trợ lái nâng cao (ADAS)|Phanh tự động khẩn cấp trước & sau|Phanh tự động khẩn cấp (AEB)|Có||vf7_brochure|https://vinfastnamtuliem.vn/wp-content/uploads/2025/02/VF7_Brochure_T062025.pdf|13|[1220.7, 244.6, 1658.5, 258.9]|p13_b02|0.98
VF 7|Eco||safety|An toàn|Hỗ trợ đỗ phía sau|Hỗ trợ đỗ phía sau|Có||vf7_brochure|https://vinfastnamtuliem.vn/wp-content/uploads/2025/02/VF7_Brochure_T062025.pdf|13|[1220.7, 258.9, 1658.5, 273.2]|p13_b02|0.98
VF 7|Plus||safety|An toàn|Hỗ trợ đỗ phía sau|Hỗ trợ đỗ phía sau|Có||vf7_brochure|https://vinfastnamtuliem.vn/wp-content/uploads/2025/02/VF7_Brochure_T062025.pdf|13|[1220.7, 258.9, 1658.5, 273.2]|p13_b02|0.98
VF 7|Plus AWD||safety|An toàn|Hỗ trợ đỗ phía sau|Hỗ trợ đỗ phía sau|Có||vf7_brochure|https://vinfastnamtuliem.vn/wp-content/uploads/2025/02/VF7_Brochure_T062025.pdf|13|[1220.7, 258.9, 1658.5, 273.2]|p13_b02|0.98
VF 7|Eco||safety|An toàn|Camera lùi|Camera lùi|Có||vf7_brochure|https://vinfastnamtuliem.vn/wp-content/uploads/2025/02/VF7_Brochure_T062025.pdf|13|[1220.7, 273.2, 1658.5, 287.5]|p13_b02|0.98
VF 7|Plus||safety|An toàn|Camera lùi|Camera lùi|Có||vf7_brochure|https://vinfastnamtuliem.vn/wp-content/uploads/2025/02/VF7_Brochure_T062025.pdf|13|[1220.7, 273.2, 1658.5, 287.5]|p13_b02|0.98
VF 7|Plus AWD||safety|An toàn|Camera lùi|Camera lùi|Có||vf7_brochure|https://vinfastnamtuliem.vn/wp-content/uploads/2025/02/VF7_Brochure_T062025.pdf|13|[1220.7, 273.2, 1658.5, 287.5]|p13_b02|0.98
VF 7|Eco||safety|An toàn|Camera 360|Camera 360 độ|Không||vf7_brochure|https://vinfastnamtuliem.vn/wp-content/uploads/2025/02/VF7_Brochure_T062025.pdf|13|[1220.7, 287.5, 1658.5, 301.8]|p13_b02|0.98
VF 7|Plus||safety|An toàn|Camera 360|Camera 360 độ|Có||vf7_brochure|https://vinfastnamtuliem.vn/wp-content/uploads/2025/02/VF7_Brochure_T062025.pdf|13|[1220.7, 287.5, 1658.5, 301.8]|p13_b02|0.98
VF 7|Plus AWD||safety|An toàn|Camera 360|Camera 360 độ|Có||vf7_brochure|https://vinfastnamtuliem.vn/wp-content/uploads/2025/02/VF7_Brochure_T062025.pdf|13|[1220.7, 287.5, 1658.5, 301.8]|p13_b02|0.98
VF 7|Eco||safety|An toàn|Cảnh báo chống trộm|Cảnh báo chống trộm|Có||vf7_brochure|https://vinfastnamtuliem.vn/wp-content/uploads/2025/02/VF7_Brochure_T062025.pdf|13|[1220.7, 301.8, 1658.5, 316.1]|p13_b02|0.98
VF 7|Plus||safety|An toàn|Cảnh báo chống trộm|Cảnh báo chống trộm|Có||vf7_brochure|https://vinfastnamtuliem.vn/wp-content/uploads/2025/02/VF7_Brochure_T062025.pdf|13|[1220.7, 301.8, 1658.5, 316.1]|p13_b02|0.98
VF 7|Plus AWD||safety|An toàn|Cảnh báo chống trộm|Cảnh báo chống trộm|Có||vf7_brochure|https://vinfastnamtuliem.vn/wp-content/uploads/2025/02/VF7_Brochure_T062025.pdf|13|[1220.7, 301.8, 1658.5, 316.1]|p13_b02|0.98
VF 7|Eco||powertrain|Hệ thống truyền động|Tính năng khóa động cơ khi có trộm|Loại động cơ|Có||vf7_brochure|https://vinfastnamtuliem.vn/wp-content/uploads/2025/02/VF7_Brochure_T062025.pdf|13|[1220.7, 316.1, 1658.5, 330.3]|p13_b02|0.98
VF 7|Plus||powertrain|Hệ thống truyền động|Tính năng khóa động cơ khi có trộm|Loại động cơ|Có||vf7_brochure|https://vinfastnamtuliem.vn/wp-content/uploads/2025/02/VF7_Brochure_T062025.pdf|13|[1220.7, 316.1, 1658.5, 330.3]|p13_b02|0.98
VF 7|Plus AWD||powertrain|Hệ thống truyền động|Tính năng khóa động cơ khi có trộm|Loại động cơ|Có||vf7_brochure|https://vinfastnamtuliem.vn/wp-content/uploads/2025/02/VF7_Brochure_T062025.pdf|13|[1220.7, 316.1, 1658.5, 330.3]|p13_b02|0.98
VF 7|Eco||safety|An toàn|Móc cố định ghế trẻ em ISOFIX hàng ghế sau|Móc cố định ghế trẻ em ISOFIX|Có||vf7_brochure|https://vinfastnamtuliem.vn/wp-content/uploads/2025/02/VF7_Brochure_T062025.pdf|13|[1220.7, 330.3, 1658.5, 344.6]|p13_b02|0.98
VF 7|Plus||safety|An toàn|Móc cố định ghế trẻ em ISOFIX hàng ghế sau|Móc cố định ghế trẻ em ISOFIX|Có||vf7_brochure|https://vinfastnamtuliem.vn/wp-content/uploads/2025/02/VF7_Brochure_T062025.pdf|13|[1220.7, 330.3, 1658.5, 344.6]|p13_b02|0.98
VF 7|Plus AWD||safety|An toàn|Móc cố định ghế trẻ em ISOFIX hàng ghế sau|Móc cố định ghế trẻ em ISOFIX|Có||vf7_brochure|https://vinfastnamtuliem.vn/wp-content/uploads/2025/02/VF7_Brochure_T062025.pdf|13|[1220.7, 330.3, 1658.5, 344.6]|p13_b02|0.98
VF 7|Eco||convenience|Tiện nghi|Lựa chọn chế độ vận hành đặc biệt|Lựa chọn chế độ vận hành đặc biệt|Có||vf7_brochure|https://vinfastnamtuliem.vn/wp-content/uploads/2025/02/VF7_Brochure_T062025.pdf|13|[1220.7, 386.3, 1658.5, 400.6]|p13_b02|0.98
VF 7|Plus||convenience|Tiện nghi|Lựa chọn chế độ vận hành đặc biệt|Lựa chọn chế độ vận hành đặc biệt|Có||vf7_brochure|https://vinfastnamtuliem.vn/wp-content/uploads/2025/02/VF7_Brochure_T062025.pdf|13|[1220.7, 386.3, 1658.5, 400.6]|p13_b02|0.98
VF 7|Plus AWD||convenience|Tiện nghi|Lựa chọn chế độ vận hành đặc biệt|Lựa chọn chế độ vận hành đặc biệt|Có||vf7_brochure|https://vinfastnamtuliem.vn/wp-content/uploads/2025/02/VF7_Brochure_T062025.pdf|13|[1220.7, 386.3, 1658.5, 400.6]|p13_b02|0.98
VF 7|Eco||convenience|Tiện nghi|Cài đặt Giới hạn thời gian hoạt động & khu vực hoạt động của xe|Cài đặt Giới hạn thời gian hoạt động & khu vực hoạt động của xe|Có||vf7_brochure|https://vinfastnamtuliem.vn/wp-content/uploads/2025/02/VF7_Brochure_T062025.pdf|13|[1220.7, 400.6, 1658.5, 414.9]|p13_b02|0.98
VF 7|Plus||convenience|Tiện nghi|Cài đặt Giới hạn thời gian hoạt động & khu vực hoạt động của xe|Cài đặt Giới hạn thời gian hoạt động & khu vực hoạt động của xe|Có||vf7_brochure|https://vinfastnamtuliem.vn/wp-content/uploads/2025/02/VF7_Brochure_T062025.pdf|13|[1220.7, 400.6, 1658.5, 414.9]|p13_b02|0.98
VF 7|Plus AWD||convenience|Tiện nghi|Cài đặt Giới hạn thời gian hoạt động & khu vực hoạt động của xe|Cài đặt Giới hạn thời gian hoạt động & khu vực hoạt động của xe|Có||vf7_brochure|https://vinfastnamtuliem.vn/wp-content/uploads/2025/02/VF7_Brochure_T062025.pdf|13|[1220.7, 400.6, 1658.5, 414.9]|p13_b02|0.98
VF 7|Eco||convenience|Tiện nghi|Giải trí trực tuyến|Giải trí trực tuyến|Có||vf7_brochure|https://vinfastnamtuliem.vn/wp-content/uploads/2025/02/VF7_Brochure_T062025.pdf|13|[1220.7, 414.9, 1658.5, 429.1]|p13_b02|0.98
VF 7|Plus||convenience|Tiện nghi|Giải trí trực tuyến|Giải trí trực tuyến|Có||vf7_brochure|https://vinfastnamtuliem.vn/wp-content/uploads/2025/02/VF7_Brochure_T062025.pdf|13|[1220.7, 414.9, 1658.5, 429.1]|p13_b02|0.98
VF 7|Plus AWD||convenience|Tiện nghi|Giải trí trực tuyến|Giải trí trực tuyến|Có||vf7_brochure|https://vinfastnamtuliem.vn/wp-content/uploads/2025/02/VF7_Brochure_T062025.pdf|13|[1220.7, 414.9, 1658.5, 429.1]|p13_b02|0.98
VF 7|Eco||infotainment|Giải trí & kết nối|Điều hướng & dẫn đường trên màn hình trung tâm|Màn hình giải trí trung tâm|Có||vf7_brochure|https://vinfastnamtuliem.vn/wp-content/uploads/2025/02/VF7_Brochure_T062025.pdf|13|[1220.7, 429.1, 1658.5, 443.4]|p13_b02|0.98
VF 7|Plus||infotainment|Giải trí & kết nối|Điều hướng & dẫn đường trên màn hình trung tâm|Màn hình giải trí trung tâm|Có||vf7_brochure|https://vinfastnamtuliem.vn/wp-content/uploads/2025/02/VF7_Brochure_T062025.pdf|13|[1220.7, 429.1, 1658.5, 443.4]|p13_b02|0.98
VF 7|Plus AWD||infotainment|Giải trí & kết nối|Điều hướng & dẫn đường trên màn hình trung tâm|Màn hình giải trí trung tâm|Có||vf7_brochure|https://vinfastnamtuliem.vn/wp-content/uploads/2025/02/VF7_Brochure_T062025.pdf|13|[1220.7, 429.1, 1658.5, 443.4]|p13_b02|0.98
VF 7|Eco||convenience|Tiện nghi|Trò chơi|Trò chơi|Có||vf7_brochure|https://vinfastnamtuliem.vn/wp-content/uploads/2025/02/VF7_Brochure_T062025.pdf|13|[1220.7, 443.4, 1658.5, 457.7]|p13_b02|0.98
VF 7|Plus||convenience|Tiện nghi|Trò chơi|Trò chơi|Có||vf7_brochure|https://vinfastnamtuliem.vn/wp-content/uploads/2025/02/VF7_Brochure_T062025.pdf|13|[1220.7, 443.4, 1658.5, 457.7]|p13_b02|0.98
VF 7|Plus AWD||convenience|Tiện nghi|Trò chơi|Trò chơi|Có||vf7_brochure|https://vinfastnamtuliem.vn/wp-content/uploads/2025/02/VF7_Brochure_T062025.pdf|13|[1220.7, 443.4, 1658.5, 457.7]|p13_b02|0.98
VF 7|Eco||convenience|Tiện nghi|Trình duyệt web|Trình duyệt web|Có||vf7_brochure|https://vinfastnamtuliem.vn/wp-content/uploads/2025/02/VF7_Brochure_T062025.pdf|13|[1220.7, 457.7, 1658.5, 472.0]|p13_b02|0.98
VF 7|Plus||convenience|Tiện nghi|Trình duyệt web|Trình duyệt web|Có||vf7_brochure|https://vinfastnamtuliem.vn/wp-content/uploads/2025/02/VF7_Brochure_T062025.pdf|13|[1220.7, 457.7, 1658.5, 472.0]|p13_b02|0.98
VF 7|Plus AWD||convenience|Tiện nghi|Trình duyệt web|Trình duyệt web|Có||vf7_brochure|https://vinfastnamtuliem.vn/wp-content/uploads/2025/02/VF7_Brochure_T062025.pdf|13|[1220.7, 457.7, 1658.5, 472.0]|p13_b02|0.98
VF 7|Eco||connected|Kết nối thông minh|Tự chẩn đoán lỗi|Tự chẩn đoán lỗi|Có||vf7_brochure|https://vinfastnamtuliem.vn/wp-content/uploads/2025/02/VF7_Brochure_T062025.pdf|13|[1220.7, 472.0, 1658.5, 486.3]|p13_b02|0.98
VF 7|Plus||connected|Kết nối thông minh|Tự chẩn đoán lỗi|Tự chẩn đoán lỗi|Có||vf7_brochure|https://vinfastnamtuliem.vn/wp-content/uploads/2025/02/VF7_Brochure_T062025.pdf|13|[1220.7, 472.0, 1658.5, 486.3]|p13_b02|0.98
VF 7|Plus AWD||connected|Kết nối thông minh|Tự chẩn đoán lỗi|Tự chẩn đoán lỗi|Có||vf7_brochure|https://vinfastnamtuliem.vn/wp-content/uploads/2025/02/VF7_Brochure_T062025.pdf|13|[1220.7, 472.0, 1658.5, 486.3]|p13_b02|0.98
VF 7|Eco||connected|Kết nối thông minh|Cập nhật phần mềm từ xa|Cập nhật phần mềm từ xa (OTA)|Có||vf7_brochure|https://vinfastnamtuliem.vn/wp-content/uploads/2025/02/VF7_Brochure_T062025.pdf|13|[1220.7, 486.3, 1658.5, 500.6]|p13_b02|0.98
VF 7|Plus||connected|Kết nối thông minh|Cập nhật phần mềm từ xa|Cập nhật phần mềm từ xa (OTA)|Có||vf7_brochure|https://vinfastnamtuliem.vn/wp-content/uploads/2025/02/VF7_Brochure_T062025.pdf|13|[1220.7, 486.3, 1658.5, 500.6]|p13_b02|0.98
VF 7|Plus AWD||connected|Kết nối thông minh|Cập nhật phần mềm từ xa|Cập nhật phần mềm từ xa (OTA)|Có||vf7_brochure|https://vinfastnamtuliem.vn/wp-content/uploads/2025/02/VF7_Brochure_T062025.pdf|13|[1220.7, 486.3, 1658.5, 500.6]|p13_b02|0.98
VF 7|Eco||convenience|Tiện nghi|Điều khiển xe và cài đặt bằng giọng nói|Điều khiển xe và cài đặt bằng giọng nói|Có||vf7_brochure|https://vinfastnamtuliem.vn/wp-content/uploads/2025/02/VF7_Brochure_T062025.pdf|13|[1220.7, 500.6, 1658.5, 514.9]|p13_b02|0.98
VF 7|Plus||convenience|Tiện nghi|Điều khiển xe và cài đặt bằng giọng nói|Điều khiển xe và cài đặt bằng giọng nói|Có||vf7_brochure|https://vinfastnamtuliem.vn/wp-content/uploads/2025/02/VF7_Brochure_T062025.pdf|13|[1220.7, 500.6, 1658.5, 514.9]|p13_b02|0.98
VF 7|Plus AWD||convenience|Tiện nghi|Điều khiển xe và cài đặt bằng giọng nói|Điều khiển xe và cài đặt bằng giọng nói|Có||vf7_brochure|https://vinfastnamtuliem.vn/wp-content/uploads/2025/02/VF7_Brochure_T062025.pdf|13|[1220.7, 500.6, 1658.5, 514.9]|p13_b02|0.98
VF 7|Eco||infotainment|Giải trí & kết nối|Hỏi đáp trợ lý ảo|Trợ lý ảo VinFast|Có||vf7_brochure|https://vinfastnamtuliem.vn/wp-content/uploads/2025/02/VF7_Brochure_T062025.pdf|13|[1220.7, 514.9, 1658.5, 529.1]|p13_b02|0.98
VF 7|Plus||infotainment|Giải trí & kết nối|Hỏi đáp trợ lý ảo|Trợ lý ảo VinFast|Có||vf7_brochure|https://vinfastnamtuliem.vn/wp-content/uploads/2025/02/VF7_Brochure_T062025.pdf|13|[1220.7, 514.9, 1658.5, 529.1]|p13_b02|0.98
VF 7|Plus AWD||infotainment|Giải trí & kết nối|Hỏi đáp trợ lý ảo|Trợ lý ảo VinFast|Có||vf7_brochure|https://vinfastnamtuliem.vn/wp-content/uploads/2025/02/VF7_Brochure_T062025.pdf|13|[1220.7, 514.9, 1658.5, 529.1]|p13_b02|0.98
VF 7|Eco||convenience|Tiện nghi|Ứng dụng điện thoại|Ứng dụng điện thoại|Có||vf7_brochure|https://vinfastnamtuliem.vn/wp-content/uploads/2025/02/VF7_Brochure_T062025.pdf|13|[1220.7, 529.1, 1658.5, 543.4]|p13_b02|0.98
VF 7|Plus||convenience|Tiện nghi|Ứng dụng điện thoại|Ứng dụng điện thoại|Có||vf7_brochure|https://vinfastnamtuliem.vn/wp-content/uploads/2025/02/VF7_Brochure_T062025.pdf|13|[1220.7, 529.1, 1658.5, 543.4]|p13_b02|0.98
VF 7|Plus AWD||convenience|Tiện nghi|Ứng dụng điện thoại|Ứng dụng điện thoại|Có||vf7_brochure|https://vinfastnamtuliem.vn/wp-content/uploads/2025/02/VF7_Brochure_T062025.pdf|13|[1220.7, 529.1, 1658.5, 543.4]|p13_b02|0.98
VF 8 All New|||dimension|Kích thước & trọng lượng|length_mm|length_mm|4701|mm|vf8_all_new_brochure|https://static-cms-prod.vinfastauto.com/brochure/26052026/VF%208%20The%20he%20moi_Brochure_final%2020.05.pdf|6|[35.1, 138.9, 289.3, 153.2]|p06_b02|0.98
VF 8 All New|||dimension|Kích thước & trọng lượng|width_mm|width_mm|1872|mm|vf8_all_new_brochure|https://static-cms-prod.vinfastauto.com/brochure/26052026/VF%208%20The%20he%20moi_Brochure_final%2020.05.pdf|6|[35.1, 138.9, 289.3, 153.2]|p06_b02|0.98
VF 8 All New|||dimension|Kích thước & trọng lượng|height_mm|height_mm|1670|mm|vf8_all_new_brochure|https://static-cms-prod.vinfastauto.com/brochure/26052026/VF%208%20The%20he%20moi_Brochure_final%2020.05.pdf|6|[35.1, 138.9, 289.3, 153.2]|p06_b02|0.98
VF 8 All New|||dimension|Kích thước & trọng lượng|wheelbase_mm|wheelbase_mm|2840|mm|vf8_all_new_brochure|https://static-cms-prod.vinfastauto.com/brochure/26052026/VF%208%20The%20he%20moi_Brochure_final%2020.05.pdf|6|[35.1, 153.2, 289.3, 167.5]|p06_b02|0.98
VF 8 All New|||dimension|Kích thước & trọng lượng|ground_clearance_mm|ground_clearance_mm|170|mm|vf8_all_new_brochure|https://static-cms-prod.vinfastauto.com/brochure/26052026/VF%208%20The%20he%20moi_Brochure_final%2020.05.pdf|6|[35.1, 167.5, 289.3, 181.0]|p06_b02|0.98
VF 8 All New|||dimension|Kích thước & trọng lượng|Trọng lượng không tải|Trọng lượng không tải|1870|kg|vf8_all_new_brochure|https://static-cms-prod.vinfastauto.com/brochure/26052026/VF%208%20The%20he%20moi_Brochure_final%2020.05.pdf|6|[35.1, 195.3, 289.3, 209.6]|p06_b02|0.98
VF 8 All New|||powertrain|Hệ thống truyền động|power_kw|power_kw|170|kW|vf8_all_new_brochure|https://static-cms-prod.vinfastauto.com/brochure/26052026/VF%208%20The%20he%20moi_Brochure_final%2020.05.pdf|6|[35.1, 252.6, 289.3, 266.9]|p06_b02|0.98
VF 8 All New|||powertrain|Hệ thống truyền động|torque_nm|torque_nm|330|Nm|vf8_all_new_brochure|https://static-cms-prod.vinfastauto.com/brochure/26052026/VF%208%20The%20he%20moi_Brochure_final%2020.05.pdf|6|[35.1, 266.9, 289.3, 280.3]|p06_b02|0.98
VF 8 All New|||powertrain|Hệ thống truyền động|battery_kwh|battery_kwh|60.13|kWh|vf8_all_new_brochure|https://static-cms-prod.vinfastauto.com/brochure/26052026/VF%208%20The%20he%20moi_Brochure_final%2020.05.pdf|6|[35.1, 293.0, 289.3, 307.3]|p06_b02|0.98
VF 8 All New|||powertrain|Hệ thống truyền động|range_km|range_km|480|km (NEDC)|vf8_all_new_brochure|https://static-cms-prod.vinfastauto.com/brochure/26052026/VF%208%20The%20he%20moi_Brochure_final%2020.05.pdf|6|[35.1, 307.3, 289.3, 322.4]|p06_b02|0.98
VF 8 All New|||battery|Pin & sạc|Dây sạc di động|Dây sạc di động|Phụ kiện chính hãng: 3.5|kW|vf8_all_new_brochure|https://static-cms-prod.vinfastauto.com/brochure/26052026/VF%208%20The%20he%20moi_Brochure_final%2020.05.pdf|6|[35.1, 322.4, 289.3, 336.8]|p06_b02|0.98
VF 8 All New|||powertrain|Hệ thống truyền động|Bộ sạc tại nhà|Bộ sạc tại nhà|Phụ kiện chính hãng: 7.4|kW|vf8_all_new_brochure|https://static-cms-prod.vinfastauto.com/brochure/26052026/VF%208%20The%20he%20moi_Brochure_final%2020.05.pdf|6|[35.1, 336.8, 289.3, 351.1]|p06_b02|0.98
VF 8 All New|||powertrain|Hệ thống truyền động|power_kw|power_kw|7.2|kW|vf8_all_new_brochure|https://static-cms-prod.vinfastauto.com/brochure/26052026/VF%208%20The%20he%20moi_Brochure_final%2020.05.pdf|6|[35.1, 351.1, 289.3, 364.5]|p06_b02|0.4
VF 8 All New|||powertrain|Hệ thống truyền động|power_kw|power_kw|100|kW|vf8_all_new_brochure|https://static-cms-prod.vinfastauto.com/brochure/26052026/VF%208%20The%20he%20moi_Brochure_final%2020.05.pdf|6|[35.1, 364.5, 289.3, 378.9]|p06_b02|0.98
VF 8 All New|||powertrain|Hệ thống truyền động|fast_charge_min|fast_charge_min|30|phút|vf8_all_new_brochure|https://static-cms-prod.vinfastauto.com/brochure/26052026/VF%208%20The%20he%20moi_Brochure_final%2020.05.pdf|6|[35.1, 378.9, 289.3, 406.6]|p06_b02|0.98
VF 8 All New|||powertrain|Hệ thống truyền động|Hệ thống phanh tái sinh|Hệ thống phanh tái sinh|Có||vf8_all_new_brochure|https://static-cms-prod.vinfastauto.com/brochure/26052026/VF%208%20The%20he%20moi_Brochure_final%2020.05.pdf|6|[35.1, 417.6, 289.3, 431.9]|p06_b02|0.98
VF 8 All New|||powertrain|Hệ thống truyền động|Chọn chế độ lái|Chế độ lái|Tiết kiệm/ Thường/ Thể thao||vf8_all_new_brochure|https://static-cms-prod.vinfastauto.com/brochure/26052026/VF%208%20The%20he%20moi_Brochure_final%2020.05.pdf|6|[35.1, 431.9, 289.3, 446.2]|p06_b02|0.98
VF 8 All New|||powertrain|Hệ thống truyền động|drivetrain|drivetrain|Cầu trước (FWD)||vf8_all_new_brochure|https://static-cms-prod.vinfastauto.com/brochure/26052026/VF%208%20The%20he%20moi_Brochure_final%2020.05.pdf|6|[35.1, 446.2, 289.3, 459.7]|p06_b02|0.98
VF 8 All New|||chassis|Khung gầm & hệ thống treo|Hệ thống treo trước/sau|Hệ thống treo trước|MacPherson/Treo đa liên kết||vf8_all_new_brochure|https://static-cms-prod.vinfastauto.com/brochure/26052026/VF%208%20The%20he%20moi_Brochure_final%2020.05.pdf|6|[35.1, 500.9, 289.3, 516.1]|p06_b02|0.98
VF 8 All New|||chassis|Khung gầm & hệ thống treo|Hệ thống phanh trước/sau|Phanh trước|Đĩa thông gió/Đĩa đặc||vf8_all_new_brochure|https://static-cms-prod.vinfastauto.com/brochure/26052026/VF%208%20The%20he%20moi_Brochure_final%2020.05.pdf|6|[35.1, 530.4, 289.3, 544.7]|p06_b02|0.98
VF 8 All New|||chassis|Khung gầm & hệ thống treo|Phanh đỗ|Phanh đỗ|Điện tử tích hợp giữ phanh tự động||vf8_all_new_brochure|https://static-cms-prod.vinfastauto.com/brochure/26052026/VF%208%20The%20he%20moi_Brochure_final%2020.05.pdf|6|[35.1, 544.7, 289.3, 572.5]|p06_b02|0.98
VF 8 All New|||safety|An toàn|Hệ thống chống bó cứng phanh ABS|Hệ thống chống bó cứng phanh (ABS)|Có||vf8_all_new_brochure|https://static-cms-prod.vinfastauto.com/brochure/26052026/VF%208%20The%20he%20moi_Brochure_final%2020.05.pdf|6|[35.1, 572.5, 289.3, 586.8]|p06_b02|0.98
VF 8 All New|||chassis|Khung gầm & hệ thống treo|Chức năng phân phối lực phanh điện tử EBD|Chức năng phân phối lực phanh điện tử EBD|Có||vf8_all_new_brochure|https://static-cms-prod.vinfastauto.com/brochure/26052026/VF%208%20The%20he%20moi_Brochure_final%2020.05.pdf|6|[35.1, 586.8, 289.3, 601.1]|p06_b02|0.98
VF 8 All New|||chassis|Khung gầm & hệ thống treo|Hỗ trợ phanh khẩn cấp BA|Hỗ trợ phanh khẩn cấp BA|Có||vf8_all_new_brochure|https://static-cms-prod.vinfastauto.com/brochure/26052026/VF%208%20The%20he%20moi_Brochure_final%2020.05.pdf|6|[35.1, 601.1, 289.3, 614.6]|p06_b02|0.98
VF 8 All New|||chassis|Khung gầm & hệ thống treo|Hệ thống cân bằng điện tử ESC|Hệ thống cân bằng điện tử ESC|Có||vf8_all_new_brochure|https://static-cms-prod.vinfastauto.com/brochure/26052026/VF%208%20The%20he%20moi_Brochure_final%2020.05.pdf|6|[35.1, 614.6, 289.3, 628.9]|p06_b02|0.98
VF 8 All New|||chassis|Khung gầm & hệ thống treo|Chức năng kiểm soát lực kéo TCS|Chức năng kiểm soát lực kéo TCS|Có||vf8_all_new_brochure|https://static-cms-prod.vinfastauto.com/brochure/26052026/VF%208%20The%20he%20moi_Brochure_final%2020.05.pdf|6|[35.1, 628.9, 289.3, 643.2]|p06_b02|0.98
VF 8 All New|||chassis|Khung gầm & hệ thống treo|Hỗ trợ khởi hành ngang dốc HSA|Hỗ trợ khởi hành ngang dốc HSA|Có||vf8_all_new_brochure|https://static-cms-prod.vinfastauto.com/brochure/26052026/VF%208%20The%20he%20moi_Brochure_final%2020.05.pdf|6|[35.1, 643.2, 289.3, 656.7]|p06_b02|0.98
VF 8 All New|||chassis|Khung gầm & hệ thống treo|Chức năng chống lật ROM|Chức năng chống lật ROM|Có||vf8_all_new_brochure|https://static-cms-prod.vinfastauto.com/brochure/26052026/VF%208%20The%20he%20moi_Brochure_final%2020.05.pdf|6|[35.1, 656.7, 289.3, 671.0]|p06_b02|0.98
VF 8 All New|||chassis|Khung gầm & hệ thống treo|Hỗ trợ xuống dốc HDC|Hỗ trợ xuống dốc HDC|Có||vf8_all_new_brochure|https://static-cms-prod.vinfastauto.com/brochure/26052026/VF%208%20The%20he%20moi_Brochure_final%2020.05.pdf|6|[35.1, 671.0, 289.3, 685.3]|p06_b02|0.98
VF 8 All New|||chassis|Khung gầm & hệ thống treo|Đèn báo nguy hiểm khi phanh khẩn cấp ESS|Đèn báo nguy hiểm khi phanh khẩn cấp ESS|Có||vf8_all_new_brochure|https://static-cms-prod.vinfastauto.com/brochure/26052026/VF%208%20The%20he%20moi_Brochure_final%2020.05.pdf|6|[35.1, 685.3, 289.3, 698.8]|p06_b02|0.98
VF 8 All New|||chassis|Khung gầm & hệ thống treo|wheel_size_inch|wheel_size_inch|19|inch|vf8_all_new_brochure|https://static-cms-prod.vinfastauto.com/brochure/26052026/VF%208%20The%20he%20moi_Brochure_final%2020.05.pdf|6|[35.1, 713.1, 289.3, 727.4]|p06_b02|0.98
VF 8 All New|||exterior|Ngoại thất|Đèn pha|Đèn pha|LED tự động||vf8_all_new_brochure|https://static-cms-prod.vinfastauto.com/brochure/26052026/VF%208%20The%20he%20moi_Brochure_final%2020.05.pdf|6|[301.8, 126.3, 556.0, 138.9]|p06_b02|0.98
VF 8 All New|||exterior|Ngoại thất|Đèn chờ dẫn đường|Đèn chờ dẫn đường|Có||vf8_all_new_brochure|https://static-cms-prod.vinfastauto.com/brochure/26052026/VF%208%20The%20he%20moi_Brochure_final%2020.05.pdf|6|[301.8, 138.9, 556.0, 153.2]|p06_b02|0.98
VF 8 All New|||exterior|Ngoại thất|Đèn chiếu sáng ban ngày|Đèn chiếu sáng ban ngày|LED||vf8_all_new_brochure|https://static-cms-prod.vinfastauto.com/brochure/26052026/VF%208%20The%20he%20moi_Brochure_final%2020.05.pdf|6|[301.8, 153.2, 556.0, 167.5]|p06_b02|0.98
VF 8 All New|||exterior|Ngoại thất|Đèn chào mừng|Đèn chào mừng|Có||vf8_all_new_brochure|https://static-cms-prod.vinfastauto.com/brochure/26052026/VF%208%20The%20he%20moi_Brochure_final%2020.05.pdf|6|[301.8, 167.5, 556.0, 181.0]|p06_b02|0.98
VF 8 All New|||exterior|Ngoại thất|Đèn hậu|Đèn hậu|LED||vf8_all_new_brochure|https://static-cms-prod.vinfastauto.com/brochure/26052026/VF%208%20The%20he%20moi_Brochure_final%2020.05.pdf|6|[301.8, 181.0, 556.0, 195.3]|p06_b02|0.98
VF 8 All New|||exterior|Ngoại thất|Đèn phanh trên cao phía sau|Đèn pha|LED||vf8_all_new_brochure|https://static-cms-prod.vinfastauto.com/brochure/26052026/VF%208%20The%20he%20moi_Brochure_final%2020.05.pdf|6|[301.8, 195.3, 556.0, 209.6]|p06_b02|0.98
VF 8 All New|||exterior|Ngoại thất|Đèn nhận diện thương hiệu phía trước/sau|Đèn nhận diện thương hiệu phía trước/sau|Có||vf8_all_new_brochure|https://static-cms-prod.vinfastauto.com/brochure/26052026/VF%208%20The%20he%20moi_Brochure_final%2020.05.pdf|6|[301.8, 209.6, 556.0, 223.1]|p06_b02|0.98
VF 8 All New|||exterior|Ngoại thất|Gương chiếu hậu|Gương chiếu hậu|Chỉnh điện, gập điện. Tích hợp báo rẽ, tự động chỉnh khi lùi, nhớ vị trí||vf8_all_new_brochure|https://static-cms-prod.vinfastauto.com/brochure/26052026/VF%208%20The%20he%20moi_Brochure_final%2020.05.pdf|6|[301.8, 223.1, 556.0, 251.7]|p06_b02|0.98
VF 8 All New|||exterior|Ngoại thất|Kiểu cửa sổ|Kiểu cửa sổ|Chỉnh điện, lên/xuống một chạm cả 4 cửa||vf8_all_new_brochure|https://static-cms-prod.vinfastauto.com/brochure/26052026/VF%208%20The%20he%20moi_Brochure_final%2020.05.pdf|6|[301.8, 251.7, 556.0, 279.5]|p06_b02|0.98
VF 8 All New|||exterior|Ngoại thất|Gạt mưa trước|Gạt mưa trước|Tự động||vf8_all_new_brochure|https://static-cms-prod.vinfastauto.com/brochure/26052026/VF%208%20The%20he%20moi_Brochure_final%2020.05.pdf|6|[301.8, 279.5, 556.0, 293.8]|p06_b02|0.98
VF 8 All New|||exterior|Ngoại thất|Điều chỉnh cốp sau|Cốp sau|Chỉnh điện||vf8_all_new_brochure|https://static-cms-prod.vinfastauto.com/brochure/26052026/VF%208%20The%20he%20moi_Brochure_final%2020.05.pdf|6|[301.8, 293.8, 556.0, 308.1]|p06_b02|0.98
VF 8 All New|||exterior|Ngoại thất|Tấm bảo vệ dưới thân xe|Tấm bảo vệ dưới thân xe|Có||vf8_all_new_brochure|https://static-cms-prod.vinfastauto.com/brochure/26052026/VF%208%20The%20he%20moi_Brochure_final%2020.05.pdf|6|[301.8, 308.1, 556.0, 322.4]|p06_b02|0.98
VF 8 All New|||interior|Nội thất|Chất liệu bọc ghế|Chất liệu bọc ghế|Bọc da nhân tạo||vf8_all_new_brochure|https://static-cms-prod.vinfastauto.com/brochure/26052026/VF%208%20The%20he%20moi_Brochure_final%2020.05.pdf|6|[301.8, 346.9, 556.0, 361.2]|p06_b02|0.98
VF 8 All New|||interior|Nội thất|Ghế lái|Ghế lái|Chỉnh điện 6 hướng, nhớ vị trí||vf8_all_new_brochure|https://static-cms-prod.vinfastauto.com/brochure/26052026/VF%208%20The%20he%20moi_Brochure_final%2020.05.pdf|6|[301.8, 361.2, 556.0, 375.5]|p06_b02|0.98
VF 8 All New|||interior|Nội thất|Hàng ghế thứ 2 điều chỉnh hướng|Hàng ghế thứ 2 điều chỉnh hướng|Ngả ghế; tỉ lệ gập 60:40||vf8_all_new_brochure|https://static-cms-prod.vinfastauto.com/brochure/26052026/VF%208%20The%20he%20moi_Brochure_final%2020.05.pdf|6|[301.8, 375.5, 556.0, 389.8]|p06_b02|0.98
VF 8 All New|||safety|An toàn|Móc cố định ghế trẻ em ISOFIX|Móc cố định ghế trẻ em ISOFIX|Có||vf8_all_new_brochure|https://static-cms-prod.vinfastauto.com/brochure/26052026/VF%208%20The%20he%20moi_Brochure_final%2020.05.pdf|6|[301.8, 389.8, 556.0, 404.1]|p06_b02|0.98
VF 8 All New|||interior|Nội thất|Loại vô lăng|Loại vô lăng|Bọc da nhân tạo. Chỉnh cơ 4 hướng. Tích hợp nút bấm điều khiển tính năng giải trí và ADAS||vf8_all_new_brochure|https://static-cms-prod.vinfastauto.com/brochure/26052026/VF%208%20The%20he%20moi_Brochure_final%2020.05.pdf|6|[301.8, 404.1, 556.0, 436.1]|p06_b02|0.98
VF 8 All New|||interior|Nội thất|Hệ thống điều hòa|Hệ thống điều hòa|Tự động, 2 vùng. Tích hợp chức năng kiểm soát chất lượng, ion hóa không khí||vf8_all_new_brochure|https://static-cms-prod.vinfastauto.com/brochure/26052026/VF%208%20The%20he%20moi_Brochure_final%2020.05.pdf|6|[301.8, 450.4, 556.0, 492.5]|p06_b02|0.98
VF 8 All New|||interior|Nội thất|Lọc không khí Cabin|Lọc không khí|Combi 1.0||vf8_all_new_brochure|https://static-cms-prod.vinfastauto.com/brochure/26052026/VF%208%20The%20he%20moi_Brochure_final%2020.05.pdf|6|[301.8, 492.5, 556.0, 506.8]|p06_b02|0.98
VF 8 All New|||infotainment|Giải trí & kết nối|Màn hình giải trí trung tâm|Màn hình giải trí cảm ứng|12,9|inch|vf8_all_new_brochure|https://static-cms-prod.vinfastauto.com/brochure/26052026/VF%208%20The%20he%20moi_Brochure_final%2020.05.pdf|6|[301.8, 520.3, 556.0, 534.6]|p06_b02|0.98
VF 8 All New|||interior|Nội thất|Màn hình thông tin sau vô lăng|Vô lăng|Có||vf8_all_new_brochure|https://static-cms-prod.vinfastauto.com/brochure/26052026/VF%208%20The%20he%20moi_Brochure_final%2020.05.pdf|6|[301.8, 534.6, 556.0, 548.9]|p06_b02|0.98
VF 8 All New|||infotainment|Giải trí & kết nối|Hệ thống âm thanh cao cấp|Hệ thống âm thanh|8|loa|vf8_all_new_brochure|https://static-cms-prod.vinfastauto.com/brochure/26052026/VF%208%20The%20he%20moi_Brochure_final%2020.05.pdf|6|[301.8, 548.9, 556.0, 562.4]|p06_b02|0.98
VF 8 All New|||interior|Nội thất|Gương chiếu hậu trong xe|Gương chiếu hậu trong xe|Chống chói tự động||vf8_all_new_brochure|https://static-cms-prod.vinfastauto.com/brochure/26052026/VF%208%20The%20he%20moi_Brochure_final%2020.05.pdf|6|[301.8, 576.7, 556.0, 591.0]|p06_b02|0.98
VF 8 All New|||infotainment|Giải trí & kết nối|Cổng USB|Cổng sạc USB|Hàng trước: 1 x Type-A & 1 x Type-C; Hàng ghế 2: 2 x Type-C||vf8_all_new_brochure|https://static-cms-prod.vinfastauto.com/brochure/26052026/VF%208%20The%20he%20moi_Brochure_final%2020.05.pdf|6|[301.8, 591.0, 556.0, 618.8]|p06_b02|0.98
VF 8 All New|||infotainment|Giải trí & kết nối|Sạc không dây|Sạc không dây|Có||vf8_all_new_brochure|https://static-cms-prod.vinfastauto.com/brochure/26052026/VF%208%20The%20he%20moi_Brochure_final%2020.05.pdf|6|[301.8, 618.8, 556.0, 633.1]|p06_b02|0.98
VF 8 All New|||safety|An toàn|Khóa cửa xe tự động khi xe di chuyển|Khóa cửa xe tự động khi xe di chuyển|Có||vf8_all_new_brochure|https://static-cms-prod.vinfastauto.com/brochure/26052026/VF%208%20The%20he%20moi_Brochure_final%2020.05.pdf|6|[301.8, 646.6, 556.0, 660.9]|p06_b02|0.98
VF 8 All New|||safety|An toàn|Cảnh báo chống trộm|Cảnh báo chống trộm|Có||vf8_all_new_brochure|https://static-cms-prod.vinfastauto.com/brochure/26052026/VF%208%20The%20he%20moi_Brochure_final%2020.05.pdf|6|[301.8, 660.9, 556.0, 675.2]|p06_b02|0.98
VF 8 All New|||powertrain|Hệ thống truyền động|Tính năng khóa động cơ khi có trộm|Loại động cơ|Có||vf8_all_new_brochure|https://static-cms-prod.vinfastauto.com/brochure/26052026/VF%208%20The%20he%20moi_Brochure_final%2020.05.pdf|6|[301.8, 675.2, 556.0, 688.7]|p06_b02|0.98
VF 8 All New|||safety|An toàn|Giám sát áp suất lốp|Giám sát áp suất lốp|dTPMS||vf8_all_new_brochure|https://static-cms-prod.vinfastauto.com/brochure/26052026/VF%208%20The%20he%20moi_Brochure_final%2020.05.pdf|6|[301.8, 688.7, 556.0, 703.0]|p06_b02|0.98
VF 8 All New|||safety|An toàn|Cảng đặt khẩn cấp|Cảng đặt khẩn cấp|Trước và sau||vf8_all_new_brochure|https://static-cms-prod.vinfastauto.com/brochure/26052026/VF%208%20The%20he%20moi_Brochure_final%2020.05.pdf|6|[301.8, 703.0, 556.0, 717.3]|p06_b02|0.98
VF 8 All New|||safety|An toàn|Xác định hành khách & Cảnh báo dây an toàn|Xác định hành khách & Cảnh báo dây an toàn|Có||vf8_all_new_brochure|https://static-cms-prod.vinfastauto.com/brochure/26052026/VF%208%20The%20he%20moi_Brochure_final%2020.05.pdf|6|[301.8, 717.3, 556.0, 731.6]|p06_b02|0.98
VF 8 All New|||adas|Hỗ trợ lái nâng cao (ADAS)|Trợ lái trên cao tốc/di chuyển khi tắc đường|Trợ lái trên cao tốc/di chuyển khi tắc đường|Có||vf8_all_new_brochure|https://static-cms-prod.vinfastauto.com/brochure/26052026/VF%208%20The%20he%20moi_Brochure_final%2020.05.pdf|7|[39.2, 116.2, 295.6, 131.3]|p07_b02|0.98
VF 8 All New|||adas|Hỗ trợ lái nâng cao (ADAS)|Tự động dừng trong trường hợp khẩn cấp|Tự động dừng trong trường hợp khẩn cấp|Có||vf8_all_new_brochure|https://static-cms-prod.vinfastauto.com/brochure/26052026/VF%208%20The%20he%20moi_Brochure_final%2020.05.pdf|7|[39.2, 131.3, 295.6, 145.6]|p07_b02|0.98
VF 8 All New|||adas|Hỗ trợ lái nâng cao (ADAS)|Ga tự động thích ứng|Ga tự động thích ứng|Có||vf8_all_new_brochure|https://static-cms-prod.vinfastauto.com/brochure/26052026/VF%208%20The%20he%20moi_Brochure_final%2020.05.pdf|7|[39.2, 145.6, 295.6, 160.0]|p07_b02|0.98
VF 8 All New|||adas|Hỗ trợ lái nâng cao (ADAS)|Nhận biết biển báo giao thông|Nhận biết biển báo giao thông|Có||vf8_all_new_brochure|https://static-cms-prod.vinfastauto.com/brochure/26052026/VF%208%20The%20he%20moi_Brochure_final%2020.05.pdf|7|[39.2, 160.0, 295.6, 174.3]|p07_b02|0.98
VF 8 All New|||adas|Hỗ trợ lái nâng cao (ADAS)|Điều chỉnh tốc độ thông minh|Điều chỉnh tốc độ thông minh|Có||vf8_all_new_brochure|https://static-cms-prod.vinfastauto.com/brochure/26052026/VF%208%20The%20he%20moi_Brochure_final%2020.05.pdf|7|[39.2, 174.3, 295.6, 187.7]|p07_b02|0.98
VF 8 All New|||adas|Hỗ trợ lái nâng cao (ADAS)|Cảnh báo chệch làn|Cảnh báo chệch làn|Có||vf8_all_new_brochure|https://static-cms-prod.vinfastauto.com/brochure/26052026/VF%208%20The%20he%20moi_Brochure_final%2020.05.pdf|7|[39.2, 202.1, 295.6, 216.4]|p07_b02|0.98
VF 8 All New|||adas|Hỗ trợ lái nâng cao (ADAS)|Hỗ trợ giữ làn|Hỗ trợ giữ làn đường (LKA)|Có||vf8_all_new_brochure|https://static-cms-prod.vinfastauto.com/brochure/26052026/VF%208%20The%20he%20moi_Brochure_final%2020.05.pdf|7|[39.2, 216.4, 295.6, 230.7]|p07_b02|0.98
VF 8 All New|||adas|Hỗ trợ lái nâng cao (ADAS)|Hỗ trợ giữ làn khẩn cấp|Hỗ trợ giữ làn đường (LKA)|Có||vf8_all_new_brochure|https://static-cms-prod.vinfastauto.com/brochure/26052026/VF%208%20The%20he%20moi_Brochure_final%2020.05.pdf|7|[39.2, 230.7, 295.6, 243.3]|p07_b02|0.98
VF 8 All New|||adas|Hỗ trợ lái nâng cao (ADAS)|Phanh tự động khẩn cấp trước|Phanh tự động khẩn cấp (AEB)|Có||vf8_all_new_brochure|https://static-cms-prod.vinfastauto.com/brochure/26052026/VF%208%20The%20he%20moi_Brochure_final%2020.05.pdf|7|[39.2, 256.8, 295.6, 271.1]|p07_b02|0.98
VF 8 All New|||adas|Hỗ trợ lái nâng cao (ADAS)|Cảnh báo va chạm phía trước|Cảnh báo va chạm phía trước|Có||vf8_all_new_brochure|https://static-cms-prod.vinfastauto.com/brochure/26052026/VF%208%20The%20he%20moi_Brochure_final%2020.05.pdf|7|[39.2, 285.4, 295.6, 299.7]|p07_b02|0.98
VF 8 All New|||adas|Hỗ trợ lái nâng cao (ADAS)|Cảnh báo phương tiện cắt ngang phía sau|Cảnh báo phương tiện cắt ngang phía sau|Có||vf8_all_new_brochure|https://static-cms-prod.vinfastauto.com/brochure/26052026/VF%208%20The%20he%20moi_Brochure_final%2020.05.pdf|7|[39.2, 299.7, 295.6, 313.2]|p07_b02|0.98
VF 8 All New|||adas|Hỗ trợ lái nâng cao (ADAS)|Cảnh báo điểm mù|Cảnh báo điểm mù (BSD)|Có||vf8_all_new_brochure|https://static-cms-prod.vinfastauto.com/brochure/26052026/VF%208%20The%20he%20moi_Brochure_final%2020.05.pdf|7|[39.2, 313.2, 295.6, 327.5]|p07_b02|0.98
VF 8 All New|||adas|Hỗ trợ lái nâng cao (ADAS)|Cảnh báo mở cửa|Cảnh báo mở cửa|Có||vf8_all_new_brochure|https://static-cms-prod.vinfastauto.com/brochure/26052026/VF%208%20The%20he%20moi_Brochure_final%2020.05.pdf|7|[39.2, 327.5, 295.6, 341.0]|p07_b02|0.98
VF 8 All New|||safety|An toàn|Camera 360|Camera 360 độ|Có||vf8_all_new_brochure|https://static-cms-prod.vinfastauto.com/brochure/26052026/VF%208%20The%20he%20moi_Brochure_final%2020.05.pdf|7|[39.2, 355.3, 295.6, 369.6]|p07_b02|0.98
VF 8 All New|||adas|Hỗ trợ lái nâng cao (ADAS)|Cảm biến đỗ xe phía trước|Cảm biến đỗ xe phía trước|Có||vf8_all_new_brochure|https://static-cms-prod.vinfastauto.com/brochure/26052026/VF%208%20The%20he%20moi_Brochure_final%2020.05.pdf|7|[39.2, 369.6, 295.6, 383.1]|p07_b02|0.98
VF 8 All New|||adas|Hỗ trợ lái nâng cao (ADAS)|Cảm biến đỗ xe phía sau|Cảm biến đỗ xe phía sau|Có||vf8_all_new_brochure|https://static-cms-prod.vinfastauto.com/brochure/26052026/VF%208%20The%20he%20moi_Brochure_final%2020.05.pdf|7|[39.2, 383.1, 295.6, 397.4]|p07_b02|0.98
VF 8 All New|||adas|Hỗ trợ lái nâng cao (ADAS)|Đèn chiếu xa tự động|Đèn chiếu xa tự động|Có||vf8_all_new_brochure|https://static-cms-prod.vinfastauto.com/brochure/26052026/VF%208%20The%20he%20moi_Brochure_final%2020.05.pdf|7|[39.2, 410.8, 295.6, 425.2]|p07_b02|0.98
VF 8 All New|||infotainment|Giải trí & kết nối|Tư vấn cách thức sử dụng và vận hành xe hiệu quả|Tư vấn cách thức sử dụng và vận hành xe hiệu quả|Có||vf8_all_new_brochure|https://static-cms-prod.vinfastauto.com/brochure/26052026/VF%208%20The%20he%20moi_Brochure_final%2020.05.pdf|7|[39.2, 469.8, 295.6, 484.1]|p07_b02|0.98
VF 8 All New|||infotainment|Giải trí & kết nối|Tư vấn tình trạng xe và hỗ trợ xử lý sự cố|Tư vấn tình trạng xe và hỗ trợ xử lý sự cố|Có||vf8_all_new_brochure|https://static-cms-prod.vinfastauto.com/brochure/26052026/VF%208%20The%20he%20moi_Brochure_final%2020.05.pdf|7|[39.2, 484.1, 295.6, 497.6]|p07_b02|0.98
VF 8 All New|||infotainment|Giải trí & kết nối|Cập nhật / Góp ý cho trợ lý ảo|Trợ lý ảo VinFast|Có||vf8_all_new_brochure|https://static-cms-prod.vinfastauto.com/brochure/26052026/VF%208%20The%20he%20moi_Brochure_final%2020.05.pdf|7|[39.2, 497.6, 295.6, 511.0]|p07_b02|0.98
VF 8 All New|||infotainment|Giải trí & kết nối|Hỗ trợ điều khiển, thiết lập nhanh|Hỗ trợ điều khiển, thiết lập nhanh|Có||vf8_all_new_brochure|https://static-cms-prod.vinfastauto.com/brochure/26052026/VF%208%20The%20he%20moi_Brochure_final%2020.05.pdf|7|[39.2, 525.3, 295.6, 539.7]|p07_b02|0.98
VF 8 All New|||infotainment|Giải trí & kết nối|Hỗ trợ giải trí đa phương tiện|Hỗ trợ giải trí đa phương tiện|Có||vf8_all_new_brochure|https://static-cms-prod.vinfastauto.com/brochure/26052026/VF%208%20The%20he%20moi_Brochure_final%2020.05.pdf|7|[39.2, 539.7, 295.6, 554.0]|p07_b02|0.98
VF 8 All New|||infotainment|Giải trí & kết nối|Hỗ trợ điều hướng dẫn đường|Hỗ trợ điều hướng dẫn đường|Có||vf8_all_new_brochure|https://static-cms-prod.vinfastauto.com/brochure/26052026/VF%208%20The%20he%20moi_Brochure_final%2020.05.pdf|7|[39.2, 554.0, 295.6, 567.4]|p07_b02|0.98
VF 8 All New|||infotainment|Giải trí & kết nối|Hỗ trợ gọi điện thoại rảnh tay|Hỗ trợ gọi điện thoại rảnh tay|Có||vf8_all_new_brochure|https://static-cms-prod.vinfastauto.com/brochure/26052026/VF%208%20The%20he%20moi_Brochure_final%2020.05.pdf|7|[39.2, 567.4, 295.6, 581.7]|p07_b02|0.98
VF 8 All New|||infotainment|Giải trí & kết nối|Chào hỏi, thực hiện lệnh theo kịch bản tạo sẵn|Chào hỏi, thực hiện lệnh theo kịch bản tạo sẵn|Có||vf8_all_new_brochure|https://static-cms-prod.vinfastauto.com/brochure/26052026/VF%208%20The%20he%20moi_Brochure_final%2020.05.pdf|7|[39.2, 581.7, 295.6, 596.1]|p07_b02|0.98
VF 8 All New|||infotainment|Giải trí & kết nối|Cài đặt cơ bản|Cài đặt cơ bản|Có||vf8_all_new_brochure|https://static-cms-prod.vinfastauto.com/brochure/26052026/VF%208%20The%20he%20moi_Brochure_final%2020.05.pdf|7|[39.2, 596.1, 295.6, 609.5]|p07_b02|0.98
VF 8 All New|||infotainment|Giải trí & kết nối|Cài đặt nâng cao (AI tạo sinh)|Cài đặt nâng cao (AI tạo sinh)|Tùy chọn||vf8_all_new_brochure|https://static-cms-prod.vinfastauto.com/brochure/26052026/VF%208%20The%20he%20moi_Brochure_final%2020.05.pdf|7|[39.2, 609.5, 295.6, 623.8]|p07_b02|0.98
VF 8 All New|||infotainment|Giải trí & kết nối|Chuyện phiếm & tiếu lâm|Chuyện phiếm & tiếu lâm|Có||vf8_all_new_brochure|https://static-cms-prod.vinfastauto.com/brochure/26052026/VF%208%20The%20he%20moi_Brochure_final%2020.05.pdf|7|[39.2, 651.6, 295.6, 665.9]|p07_b02|0.98
VF 8 All New|||infotainment|Giải trí & kết nối|Hỏi đáp thông tin chung|Hỏi đáp thông tin chung|Có||vf8_all_new_brochure|https://static-cms-prod.vinfastauto.com/brochure/26052026/VF%208%20The%20he%20moi_Brochure_final%2020.05.pdf|7|[39.2, 665.9, 295.6, 680.2]|p07_b02|0.98
VF 8 All New|||infotainment|Giải trí & kết nối|Trợ lý ảo du lịch|Trợ lý ảo VinFast|Tùy chọn||vf8_all_new_brochure|https://static-cms-prod.vinfastauto.com/brochure/26052026/VF%208%20The%20he%20moi_Brochure_final%2020.05.pdf|7|[39.2, 680.2, 295.6, 694.6]|p07_b02|0.98
VF 8 All New|||connected|Kết nối thông minh|Giám sát xe từ xa|Giám sát xe từ xa|Tùy chọn||vf8_all_new_brochure|https://static-cms-prod.vinfastauto.com/brochure/26052026/VF%208%20The%20he%20moi_Brochure_final%2020.05.pdf|7|[39.2, 724.0, 295.6, 738.3]|p07_b02|0.98
VF 8 All New|||connected|Kết nối thông minh|Điều khiển xe từ xa|Điều khiển xe từ xa|Tùy chọn||vf8_all_new_brochure|https://static-cms-prod.vinfastauto.com/brochure/26052026/VF%208%20The%20he%20moi_Brochure_final%2020.05.pdf|7|[39.2, 738.3, 295.6, 751.8]|p07_b02|0.98
VF 8 All New|||infotainment|Giải trí & kết nối|Các chế độ vận hành đặc biệt|Các chế độ vận hành đặc biệt|Tiêu chuẩn: Giới hạn; Tùy chọn: Đầy đủ tính năng||vf8_all_new_brochure|https://static-cms-prod.vinfastauto.com/brochure/26052026/VF%208%20The%20he%20moi_Brochure_final%2020.05.pdf|7|[311.2, 116.2, 568.2, 144.8]|p07_b02|0.98
VF 8 All New|||infotainment|Giải trí & kết nối|Quản lý thiết bị Bluetooth|Quản lý thiết bị Bluetooth|Có||vf8_all_new_brochure|https://static-cms-prod.vinfastauto.com/brochure/26052026/VF%208%20The%20he%20moi_Brochure_final%2020.05.pdf|7|[311.2, 158.3, 568.2, 172.6]|p07_b02|0.98
VF 8 All New|||infotainment|Giải trí & kết nối|Quản lý WiFi|Quản lý WiFi|Có phát Hotspot||vf8_all_new_brochure|https://static-cms-prod.vinfastauto.com/brochure/26052026/VF%208%20The%20he%20moi_Brochure_final%2020.05.pdf|7|[311.2, 172.6, 568.2, 186.9]|p07_b02|0.98
VF 8 All New|||infotainment|Giải trí & kết nối|Quản lý eSIM|Quản lý eSIM|Có||vf8_all_new_brochure|https://static-cms-prod.vinfastauto.com/brochure/26052026/VF%208%20The%20he%20moi_Brochure_final%2020.05.pdf|7|[311.2, 186.9, 568.2, 200.4]|p07_b02|0.98
VF 8 All New|||infotainment|Giải trí & kết nối|Giám sát tình trạng pin, giới hạn dung lượng/đồng sạc|Giám sát tình trạng pin, giới hạn dung lượng/đồng sạc|Có||vf8_all_new_brochure|https://static-cms-prod.vinfastauto.com/brochure/26052026/VF%208%20The%20he%20moi_Brochure_final%2020.05.pdf|7|[311.2, 214.7, 568.2, 242.5]|p07_b02|0.98
VF 8 All New|||infotainment|Giải trí & kết nối|Hồ sơ người lái|Hồ sơ người lái|Có||vf8_all_new_brochure|https://static-cms-prod.vinfastauto.com/brochure/26052026/VF%208%20The%20he%20moi_Brochure_final%2020.05.pdf|7|[311.2, 242.5, 568.2, 256.8]|p07_b02|0.98
VF 8 All New|||infotainment|Giải trí & kết nối|Giải trí cơ bản|Giải trí cơ bản|Có (Đài FM, Bluetooth, USB)||vf8_all_new_brochure|https://static-cms-prod.vinfastauto.com/brochure/26052026/VF%208%20The%20he%20moi_Brochure_final%2020.05.pdf|7|[311.2, 271.1, 568.2, 285.4]|p07_b02|0.98
VF 8 All New|||infotainment|Giải trí & kết nối|Giải trí trực tuyến|Giải trí trực tuyến|Tùy chọn||vf8_all_new_brochure|https://static-cms-prod.vinfastauto.com/brochure/26052026/VF%208%20The%20he%20moi_Brochure_final%2020.05.pdf|7|[311.2, 285.4, 568.2, 299.7]|p07_b02|0.98
VF 8 All New|||infotainment|Giải trí & kết nối|Kết nối với Android Auto và Apple Carplay|Kết nối (Bluetooth/Wifi/USB)|Có||vf8_all_new_brochure|https://static-cms-prod.vinfastauto.com/brochure/26052026/VF%208%20The%20he%20moi_Brochure_final%2020.05.pdf|7|[311.2, 299.7, 568.2, 313.2]|p07_b02|0.98
VF 8 All New|||infotainment|Giải trí & kết nối|Bản đồ cơ bản|Bản đồ cơ bản|Tiêu chuẩn: HERE map; Tùy chọn: Vietmap||vf8_all_new_brochure|https://static-cms-prod.vinfastauto.com/brochure/26052026/VF%208%20The%20he%20moi_Brochure_final%2020.05.pdf|7|[311.2, 327.5, 568.2, 355.3]|p07_b02|0.98
VF 8 All New|||infotainment|Giải trí & kết nối|Dẫn đường nâng cao cho xe điện|Dẫn đường nâng cao cho xe điện|Có||vf8_all_new_brochure|https://static-cms-prod.vinfastauto.com/brochure/26052026/VF%208%20The%20he%20moi_Brochure_final%2020.05.pdf|7|[311.2, 355.3, 568.2, 369.6]|p07_b02|0.98
VF 8 All New|||infotainment|Giải trí & kết nối|Khung tiện ích|Khung tiện ích|Tiêu chuẩn: Cơ bản; Tùy chọn: Nâng cao||vf8_all_new_brochure|https://static-cms-prod.vinfastauto.com/brochure/26052026/VF%208%20The%20he%20moi_Brochure_final%2020.05.pdf|7|[311.2, 383.1, 568.2, 410.8]|p07_b02|0.98
VF 8 All New|||infotainment|Giải trí & kết nối|Hướng dẫn sử dụng|Hướng dẫn sử dụng|Có||vf8_all_new_brochure|https://static-cms-prod.vinfastauto.com/brochure/26052026/VF%208%20The%20he%20moi_Brochure_final%2020.05.pdf|7|[311.2, 410.8, 568.2, 425.2]|p07_b02|0.98
VF 8 All New|||infotainment|Giải trí & kết nối|Trình duyệt web|Trình duyệt web|Có||vf8_all_new_brochure|https://static-cms-prod.vinfastauto.com/brochure/26052026/VF%208%20The%20he%20moi_Brochure_final%2020.05.pdf|7|[311.2, 425.2, 568.2, 439.5]|p07_b02|0.98
VF 8 All New|||infotainment|Giải trí & kết nối|Trò chơi|Trò chơi|Tùy chọn||vf8_all_new_brochure|https://static-cms-prod.vinfastauto.com/brochure/26052026/VF%208%20The%20he%20moi_Brochure_final%2020.05.pdf|7|[311.2, 439.5, 568.2, 452.9]|p07_b02|0.98
VF 8 All New|||connected|Kết nối thông minh|Tự chẩn đoán lỗi/Chuẩn đoán lỗi từ xa|Tự chẩn đoán lỗi|Có||vf8_all_new_brochure|https://static-cms-prod.vinfastauto.com/brochure/26052026/VF%208%20The%20he%20moi_Brochure_final%2020.05.pdf|7|[311.2, 467.2, 568.2, 481.6]|p07_b02|0.98
VF 8 All New|||infotainment|Giải trí & kết nối|Phần mềm miễn phí|Phần mềm miễn phí|Có||vf8_all_new_brochure|https://static-cms-prod.vinfastauto.com/brochure/26052026/VF%208%20The%20he%20moi_Brochure_final%2020.05.pdf|7|[311.2, 495.0, 568.2, 509.3]|p07_b02|0.98
VF 8 All New|||infotainment|Giải trí & kết nối|Phần mềm thu phí|Phần mềm thu phí|Có||vf8_all_new_brochure|https://static-cms-prod.vinfastauto.com/brochure/26052026/VF%208%20The%20he%20moi_Brochure_final%2020.05.pdf|7|[311.2, 509.3, 568.2, 523.7]|p07_b02|0.98
VF 8 All New|||infotainment|Giải trí & kết nối|Chợ ứng dụng|Chợ ứng dụng|Tùy chọn||vf8_all_new_brochure|https://static-cms-prod.vinfastauto.com/brochure/26052026/VF%208%20The%20he%20moi_Brochure_final%2020.05.pdf|7|[311.2, 523.7, 568.2, 537.1]|p07_b02|0.98
VF 8 All New|||connected|Kết nối thông minh|Quản lý tài khoản, ủy quyền cho lái xe thứ 2, đồng bộ lịch,...|Quản lý tài khoản, ủy quyền cho lái xe thứ 2, đồng bộ lịch,...|Có||vf8_all_new_brochure|https://static-cms-prod.vinfastauto.com/brochure/26052026/VF%208%20The%20he%20moi_Brochure_final%2020.05.pdf|7|[311.2, 585.1, 568.2, 612.9]|p07_b02|0.98
VF 8 All New|||connected|Kết nối thông minh|Giám sát xe từ xa & nhận thông báo|Giám sát xe từ xa & nhận thông báo|Có||vf8_all_new_brochure|https://static-cms-prod.vinfastauto.com/brochure/26052026/VF%208%20The%20he%20moi_Brochure_final%2020.05.pdf|7|[311.2, 612.9, 568.2, 627.2]|p07_b02|0.98
VF 8 All New|||connected|Kết nối thông minh|Quản lý pin nâng cao|Quản lý pin nâng cao|Tùy chọn||vf8_all_new_brochure|https://static-cms-prod.vinfastauto.com/brochure/26052026/VF%208%20The%20he%20moi_Brochure_final%2020.05.pdf|7|[311.2, 627.2, 568.2, 640.7]|p07_b02|0.98
VF 8 All New|||connected|Kết nối thông minh|Điều khiển từ xa|Điều khiển từ xa|Tùy chọn||vf8_all_new_brochure|https://static-cms-prod.vinfastauto.com/brochure/26052026/VF%208%20The%20he%20moi_Brochure_final%2020.05.pdf|7|[311.2, 655.0, 568.2, 669.3]|p07_b02|0.98
VF 8 All New|||connected|Kết nối thông minh|Thiết lập cài đặt từ xa|Thiết lập cài đặt từ xa|Tùy chọn||vf8_all_new_brochure|https://static-cms-prod.vinfastauto.com/brochure/26052026/VF%208%20The%20he%20moi_Brochure_final%2020.05.pdf|7|[311.2, 669.3, 568.2, 682.8]|p07_b02|0.98
VF 8 All New|||connected|Kết nối thông minh|Tìm trạm sạc|Tìm trạm sạc|Có||vf8_all_new_brochure|https://static-cms-prod.vinfastauto.com/brochure/26052026/VF%208%20The%20he%20moi_Brochure_final%2020.05.pdf|7|[311.2, 682.8, 568.2, 697.1]|p07_b02|0.98
VF 8 All New|||connected|Kết nối thông minh|Thanh toán phí sạc|Thanh toán phí sạc qua app|Có||vf8_all_new_brochure|https://static-cms-prod.vinfastauto.com/brochure/26052026/VF%208%20The%20he%20moi_Brochure_final%2020.05.pdf|7|[311.2, 697.1, 568.2, 710.6]|p07_b02|0.98
VF 8 All New|||connected|Kết nối thông minh|Hỗ trợ hậu mãi|Hỗ trợ hậu mãi|Có||vf8_all_new_brochure|https://static-cms-prod.vinfastauto.com/brochure/26052026/VF%208%20The%20he%20moi_Brochure_final%2020.05.pdf|7|[311.2, 710.6, 568.2, 724.9]|p07_b02|0.98
VF 8|||dimension|Kích thước & trọng lượng|wheelbase_mm|wheelbase_mm|2950|mm|vf8_brochure|https://storage.googleapis.com/vinfast-data-01/brochure/VF8_Brochure_03022026.pdf|5|[282.0, 420.3, 454.6, 449.4]|p05_b02|0.98
VF 8|||dimension|Kích thước & trọng lượng|Chiều dài tổng thể|Chiều dài tổng thể|4.150|mm|vf8_brochure|https://storage.googleapis.com/vinfast-data-01/brochure/VF8_Brochure_03022026.pdf|5|[261.0, 445.3, 420.9, 476.2]|p05_b02|0.98
VF 8|||dimension|Kích thước & trọng lượng|Chiều rộng tổng thể|Chiều rộng tổng thể|1.934|mm|vf8_brochure|https://storage.googleapis.com/vinfast-data-01/brochure/VF8_Brochure_03022026.pdf|5|[602.8, 414.3, 685.3, 481.0]|p05_b02|0.98
VF 8|||dimension|Kích thước & trọng lượng|Chiều cao tổng thể|Chiều cao tổng thể|1.667|mm|vf8_brochure|https://storage.googleapis.com/vinfast-data-01/brochure/VF8_Brochure_03022026.pdf|5|[653.3, 300.6, 715.6, 384.0]|p05_b02|0.98
VF 8|||exterior|Ngoại thất|Gương chiếu hậu|Gương chiếu hậu|Tích hợp sấy mặt gương, chống chói tự động, nhớ vị trí và tự động điều chỉnh khi lùi||vf8_brochure|https://storage.googleapis.com/vinfast-data-01/brochure/VF8_Brochure_03022026.pdf|5|[252.6, 135.1, 522.0, 184.5]|p05_b02|0.98
VF 8|||exterior|Ngoại thất|Đèn hậu|Đèn hậu|Full LED, nổi bật với nhận diện thương hiệu VinFast||vf8_brochure|https://storage.googleapis.com/vinfast-data-01/brochure/VF8_Brochure_03022026.pdf|5|[526.2, 136.3, 627.2, 186.3]|p05_b02|0.98
VF 8|Plus||exterior|Ngoại thất|Cốp|Cốp|Cốp chỉnh điện tích hợp đóng/mở cốp đá chân||vf8_brochure|https://storage.googleapis.com/vinfast-data-01/brochure/VF8_Brochure_03022026.pdf|5|[631.4, 136.3, 703.0, 188.1]|p05_b02|0.98
VF 8|||exterior|Ngoại thất|Cửa sổ trời toàn cảnh*|Cửa sổ trời toàn cảnh*|Có||vf8_brochure|https://storage.googleapis.com/vinfast-data-01/brochure/VF8_Brochure_03022026.pdf|6|[343.5, 84.5, 445.4, 118.5]|p06_b02|0.98
VF 8|||exterior|Ngoại thất|Đèn pha|Đèn pha|Tự động bật/tắt, điều khiển góc chiếu pha thông minh||vf8_brochure|https://storage.googleapis.com/vinfast-data-01/brochure/VF8_Brochure_03022026.pdf|6|[688.7, 145.2, 795.6, 182.2]|p06_b02|0.98
VF 8|||exterior|Ngoại thất|Kính cửa trước|Kính cửa trước|Cách âm 2 lớp||vf8_brochure|https://storage.googleapis.com/vinfast-data-01/brochure/VF8_Brochure_03022026.pdf|6|[479.0, 443.5, 620.5, 471.5]|p06_b02|0.98
VF 8|||exterior|Ngoại thất|Kính cửa sau|Kính cửa sau|Màu đen riêng tư||vf8_brochure|https://storage.googleapis.com/vinfast-data-01/brochure/VF8_Brochure_03022026.pdf|6|[356.1, 496.5, 468.1, 523.2]|p06_b02|0.98
VF 8|||chassis|Khung gầm & hệ thống treo|La-zăng*|Kích thước la-zăng|Hợp kim 20|inch|vf8_brochure|https://storage.googleapis.com/vinfast-data-01/brochure/VF8_Brochure_03022026.pdf|6|[261.0, 539.3, 357.8, 565.5]|p06_b02|0.98
VF 8|VF 8 PLUS||exterior|Ngoại thất|Gương chiếu hậu chống chói tự động|Gương chiếu hậu|Có||vf8_brochure|https://storage.googleapis.com/vinfast-data-01/brochure/VF8_Brochure_03022026.pdf|7|[51.4, 35.7, 154.1, 61.3]|p07_b02|0.98
VF 8|VF 8 PLUS||interior|Nội thất|Màn hình cảm ứng|Màn hình cảm ứng|15,6|inch|vf8_brochure|https://storage.googleapis.com/vinfast-data-01/brochure/VF8_Brochure_03022026.pdf|7|[698.8, 163.7, 793.9, 181.0]|p07_b02|0.98
VF 8|VF 8 PLUS||interior|Nội thất|Vô lăng chỉnh điện|Vô lăng|4 hướng, tích hợp sưởi và nhớ vị trí||vf8_brochure|https://storage.googleapis.com/vinfast-data-01/brochure/VF8_Brochure_03022026.pdf|7|[53.9, 195.3, 154.9, 222.0]|p07_b02|0.98
VF 8|VF 8 PLUS||interior|Nội thất|Điều hòa tự động|Hệ thống điều hòa|2 vùng, tích hợp kiểm soát chất lượng không khí, kèm chức năng i-on hóa, lọc không khí cabin Combi 1.0||vf8_brochure|https://storage.googleapis.com/vinfast-data-01/brochure/VF8_Brochure_03022026.pdf|7|[699.6, 266.1, 806.5, 353.6]|p07_b02|0.98
VF 8|VF 8 PLUS||interior|Nội thất|Nút bấm chuyển số|Nút bấm chuyển số|Có||vf8_brochure|https://storage.googleapis.com/vinfast-data-01/brochure/VF8_Brochure_03022026.pdf|7|[53.9, 333.9, 172.6, 352.4]|p07_b02|0.98
VF 8|VF 8 PLUS||interior|Nội thất|Ghế lái chỉnh điện|Ghế lái|12 hướng, nhớ vị trí, tích hợp thông gió và sưởi||vf8_brochure|https://storage.googleapis.com/vinfast-data-01/brochure/VF8_Brochure_03022026.pdf|7|[52.2, 409.0, 162.5, 459.0]|p07_b02|0.98
VF 8|VF 8 PLUS||interior|Nội thất|Ghế phụ chỉnh điện|Ghế phụ|10 hướng, tích hợp thông gió và sưởi||vf8_brochure|https://storage.googleapis.com/vinfast-data-01/brochure/VF8_Brochure_03022026.pdf|7|[683.6, 443.5, 792.2, 481.6]|p07_b02|0.98
VF 8|Eco||battery|Pin & sạc|range_km|range_km|562|km|vf8_brochure|https://storage.googleapis.com/vinfast-data-01/brochure/VF8_Brochure_03022026.pdf|8|[71.6, 447.6, 261.0, 539.3]|p08_b02|0.98
VF 8|Plus||powertrain|Hệ thống truyền động|power_kw|power_kw|300|kW|vf8_brochure|https://storage.googleapis.com/vinfast-data-01/brochure/VF8_Brochure_03022026.pdf|8|[283.7, 447.6, 433.6, 539.3]|p08_b02|0.98
VF 8|Plus||powertrain|Hệ thống truyền động|torque_nm|torque_nm|620|Nm/rpm|vf8_brochure|https://storage.googleapis.com/vinfast-data-01/brochure/VF8_Brochure_03022026.pdf|8|[458.0, 447.6, 597.7, 539.3]|p08_b02|0.98
VF 8|Plus||powertrain|Hệ thống truyền động|Khả năng bứt tốc 0-100km/h|Khả năng bứt tốc 0-100km/h|5,58|s|vf8_brochure|https://storage.googleapis.com/vinfast-data-01/brochure/VF8_Brochure_03022026.pdf|8|[639.8, 447.6, 778.7, 539.3]|p08_b02|0.98
VF 8|||adas|Hỗ trợ lái nâng cao (ADAS)|Cảnh báo chệch làn|Cảnh báo chệch làn|Có||vf8_brochure|https://storage.googleapis.com/vinfast-data-01/brochure/VF8_Brochure_03022026.pdf|12|[57.2, 117.3, 170.9, 129.2]|p12_b02|0.98
VF 8|||adas|Hỗ trợ lái nâng cao (ADAS)|Hỗ trợ giữ làn|Hỗ trợ giữ làn đường (LKA)|Có||vf8_brochure|https://storage.googleapis.com/vinfast-data-01/brochure/VF8_Brochure_03022026.pdf|12|[57.2, 142.3, 160.0, 154.2]|p12_b02|0.98
VF 8|||adas|Hỗ trợ lái nâng cao (ADAS)|Kiểm soát đi giữa làn|Kiểm soát đi giữa làn|Có||vf8_brochure|https://storage.googleapis.com/vinfast-data-01/brochure/VF8_Brochure_03022026.pdf|12|[57.2, 166.7, 168.4, 178.6]|p12_b02|0.98
VF 8|||adas|Hỗ trợ lái nâng cao (ADAS)|Giám sát hành trình thích ứng|Giám sát hành trình thích ứng|Có||vf8_brochure|https://storage.googleapis.com/vinfast-data-01/brochure/VF8_Brochure_03022026.pdf|12|[57.2, 190.5, 202.1, 202.4]|p12_b02|0.98
VF 8|||adas|Hỗ trợ lái nâng cao (ADAS)|Điều chỉnh tốc độ thông minh|Điều chỉnh tốc độ thông minh|Có||vf8_brochure|https://storage.googleapis.com/vinfast-data-01/brochure/VF8_Brochure_03022026.pdf|12|[57.2, 212.5, 229.8, 224.4]|p12_b02|0.98
VF 8|||adas|Hỗ trợ lái nâng cao (ADAS)|Nhận biết biển báo giao thông|Nhận biết biển báo giao thông|Có||vf8_brochure|https://storage.googleapis.com/vinfast-data-01/brochure/VF8_Brochure_03022026.pdf|12|[336.8, 117.3, 525.3, 129.2]|p12_b02|0.98
VF 8|||adas|Hỗ trợ lái nâng cao (ADAS)|Cảnh báo va chạm phía trước|Cảnh báo va chạm phía trước|Có||vf8_brochure|https://storage.googleapis.com/vinfast-data-01/brochure/VF8_Brochure_03022026.pdf|12|[336.8, 142.3, 525.3, 154.2]|p12_b02|0.98
VF 8|||adas|Hỗ trợ lái nâng cao (ADAS)|Cảnh báo phương tiện cắt ngang phía sau|Cảnh báo phương tiện cắt ngang phía sau|Có||vf8_brochure|https://storage.googleapis.com/vinfast-data-01/brochure/VF8_Brochure_03022026.pdf|12|[336.8, 166.7, 525.3, 189.3]|p12_b02|0.98
VF 8|||adas|Hỗ trợ lái nâng cao (ADAS)|Cảnh báo điểm mù|Cảnh báo điểm mù (BSD)|Có||vf8_brochure|https://storage.googleapis.com/vinfast-data-01/brochure/VF8_Brochure_03022026.pdf|12|[336.8, 203.6, 525.3, 215.5]|p12_b02|0.98
VF 8|||adas|Hỗ trợ lái nâng cao (ADAS)|Cảnh báo mở cửa|Cảnh báo mở cửa|Có||vf8_brochure|https://storage.googleapis.com/vinfast-data-01/brochure/VF8_Brochure_03022026.pdf|12|[336.8, 227.4, 525.3, 239.3]|p12_b02|0.98
VF 8|||adas|Hỗ trợ lái nâng cao (ADAS)|Phanh tự động khẩn cấp trước|Phanh tự động khẩn cấp (AEB)|Có||vf8_brochure|https://storage.googleapis.com/vinfast-data-01/brochure/VF8_Brochure_03022026.pdf|12|[336.8, 251.8, 525.3, 263.7]|p12_b02|0.98
VF 8|||adas|Hỗ trợ lái nâng cao (ADAS)|Hỗ trợ giữ làn khẩn cấp|Hỗ trợ giữ làn đường (LKA)|Có||vf8_brochure|https://storage.googleapis.com/vinfast-data-01/brochure/VF8_Brochure_03022026.pdf|12|[626.4, 117.3, 760.2, 129.2]|p12_b02|0.98
VF 8|||adas|Hỗ trợ lái nâng cao (ADAS)|Hỗ trợ đỗ phía trước|Hỗ trợ đỗ phía trước|Có||vf8_brochure|https://storage.googleapis.com/vinfast-data-01/brochure/VF8_Brochure_03022026.pdf|12|[626.4, 142.3, 756.0, 154.2]|p12_b02|0.98
VF 8|||adas|Hỗ trợ lái nâng cao (ADAS)|Hỗ trợ đỗ phía sau|Hỗ trợ đỗ phía sau|Có||vf8_brochure|https://storage.googleapis.com/vinfast-data-01/brochure/VF8_Brochure_03022026.pdf|12|[626.4, 166.7, 756.0, 178.6]|p12_b02|0.98
VF 8|||adas|Hỗ trợ lái nâng cao (ADAS)|Hệ thống camera sau|Hệ thống camera sau|Có||vf8_brochure|https://storage.googleapis.com/vinfast-data-01/brochure/VF8_Brochure_03022026.pdf|12|[626.4, 190.5, 756.0, 202.4]|p12_b02|0.98
VF 8|||adas|Hỗ trợ lái nâng cao (ADAS)|Giám sát xung quanh|Giám sát xung quanh|Có||vf8_brochure|https://storage.googleapis.com/vinfast-data-01/brochure/VF8_Brochure_03022026.pdf|12|[626.4, 214.9, 756.0, 226.8]|p12_b02|0.98
VF 8|||exterior|Ngoại thất|Đèn pha tự động|Đèn pha|Có||vf8_brochure|https://storage.googleapis.com/vinfast-data-01/brochure/VF8_Brochure_03022026.pdf|12|[626.4, 239.3, 756.0, 251.2]|p12_b02|0.98
VF 8|||adas|Hỗ trợ lái nâng cao (ADAS)|Hệ thống cảnh báo người lái buồn ngủ và mất tập trung|Hệ thống cảnh báo người lái buồn ngủ và mất tập trung|Có||vf8_brochure|https://storage.googleapis.com/vinfast-data-01/brochure/VF8_Brochure_03022026.pdf|12|[626.4, 263.1, 756.0, 288.7]|p12_b02|0.98
VF 8|||convenience|Tiện nghi|Màu ngoại thất|Màu ngoại thất|"Xanh lá đậm
Ivy Green"||vf8_brochure|https://storage.googleapis.com/vinfast-data-01/brochure/VF8_Brochure_03022026.pdf|15|[27.8, 148.8, 175.1, 288.7]|p15_b02|0.98
VF 8|||convenience|Tiện nghi|Màu ngoại thất|Màu ngoại thất|"Trắng
Infinity Blanc"||vf8_brochure|https://storage.googleapis.com/vinfast-data-01/brochure/VF8_Brochure_03022026.pdf|15|[229.8, 148.8, 385.6, 288.7]|p15_b02|0.98
VF 8|||convenience|Tiện nghi|Màu ngoại thất|Màu ngoại thất|"Đen
Jet Black"||vf8_brochure|https://storage.googleapis.com/vinfast-data-01/brochure/VF8_Brochure_03022026.pdf|15|[430.2, 148.8, 586.0, 288.7]|p15_b02|0.98
VF 8|||convenience|Tiện nghi|Màu ngoại thất|Màu ngoại thất|"Đỏ
Crimson Red"||vf8_brochure|https://storage.googleapis.com/vinfast-data-01/brochure/VF8_Brochure_03022026.pdf|15|[633.1, 148.8, 786.3, 288.7]|p15_b02|0.98
VF 8|||convenience|Tiện nghi|Màu ngoại thất|Màu ngoại thất|"Crimson Velvet
Mystery Bronze Roof"||vf8_brochure|https://storage.googleapis.com/vinfast-data-01/brochure/VF8_Brochure_03022026.pdf|15|[27.8, 363.1, 175.1, 509.0]|p15_b02|0.98
VF 8|||convenience|Tiện nghi|Màu ngoại thất|Màu ngoại thất|"Zenith Grey
Desat Silver Roof"||vf8_brochure|https://storage.googleapis.com/vinfast-data-01/brochure/VF8_Brochure_03022026.pdf|15|[229.8, 363.1, 385.6, 509.0]|p15_b02|0.98
VF 8|||convenience|Tiện nghi|Màu ngoại thất|Màu ngoại thất|"Infinity Blanc
Zenith Grey Roof"||vf8_brochure|https://storage.googleapis.com/vinfast-data-01/brochure/VF8_Brochure_03022026.pdf|15|[430.2, 363.1, 586.0, 509.0]|p15_b02|0.98
VF 8|||convenience|Tiện nghi|Màu ngoại thất|Màu ngoại thất|"Jet Black
Mystery Bronze Roof"||vf8_brochure|https://storage.googleapis.com/vinfast-data-01/brochure/VF8_Brochure_03022026.pdf|15|[633.1, 363.1, 786.3, 509.0]|p15_b02|0.98
VF 8|VF 8 PLUS||interior|Nội thất|Màu nội thất|Màu nội thất|Saddle Brown||vf8_brochure|https://storage.googleapis.com/vinfast-data-01/brochure/VF8_Brochure_03022026.pdf|16|[144.0, 492.9, 200.4, 539.3]|p16_b02|0.98
VF 8|VF 8 PLUS||interior|Nội thất|Màu nội thất|Màu nội thất|Granite Black||vf8_brochure|https://storage.googleapis.com/vinfast-data-01/brochure/VF8_Brochure_03022026.pdf|16|[223.1, 492.9, 278.7, 539.3]|p16_b02|0.98
VF 8|VF 8 ECO||interior|Nội thất|Màu nội thất|Màu nội thất|Granite Black||vf8_brochure|https://storage.googleapis.com/vinfast-data-01/brochure/VF8_Brochure_03022026.pdf|16|[436.1, 492.9, 554.8, 539.3]|p16_b02|0.98
VF 8|||battery|Pin & sạc|power_kw|power_kw|2.2|kW|vf8_brochure|https://storage.googleapis.com/vinfast-data-01/brochure/VF8_Brochure_03022026.pdf|17|[231.5, 184.5, 606.2, 241.1]|p17_b02|0.4
VF 8|||battery|Pin & sạc|Bước 01|Bước 01|Cắm trực tiếp phích cắm của bộ sạc vào ổ điện loại E/F và chờ đến khi đèn LED màu xanh dương và xanh lá cây sáng. Người dùng có thể thay đổi dòng sạc và dòng điện bằng cách nhấn và giữ nút cài đặt.||vf8_brochure|https://storage.googleapis.com/vinfast-data-01/brochure/VF8_Brochure_03022026.pdf|17|[101.0, 282.8, 328.3, 369.1]|p17_b02|0.98
VF 8|||battery|Pin & sạc|Bước 02|Bước 02|Cắm súng sạc vào vị trí sạc trên xe.||vf8_brochure|https://storage.googleapis.com/vinfast-data-01/brochure/VF8_Brochure_03022026.pdf|17|[341.0, 282.8, 522.0, 336.3]|p17_b02|0.98
VF 8|||battery|Pin & sạc|Bước 03|Bước 03|Bộ sạc tự động sạc cho xe khi đèn LED đỏ sáng, đèn LED xanh và đèn LED vàng nháy 1 lần.||vf8_brochure|https://storage.googleapis.com/vinfast-data-01/brochure/VF8_Brochure_03022026.pdf|17|[530.4, 282.8, 774.5, 336.3]|p17_b02|0.98
VF 8|||battery|Pin & sạc|Bước 04|Bước 04|Trong quá trình sạc, nếu cần tạm dừng chu trình sạc, có 3 cách như sau: nhấn nút dừng sạc trên màn hình sạc của xe, rút phích cắm điện hoặc nhấn và giữ nút cài đặt trong 5 giây.||vf8_brochure|https://storage.googleapis.com/vinfast-data-01/brochure/VF8_Brochure_03022026.pdf|17|[530.4, 384.0, 774.5, 467.3]|p17_b02|0.98
VF 8|||battery|Pin & sạc|Bước 05|Bước 05|Rút súng sạc ra khỏi xe để kết thúc chu trình sạc.||vf8_brochure|https://storage.googleapis.com/vinfast-data-01/brochure/VF8_Brochure_03022026.pdf|17|[341.0, 384.0, 522.0, 437.5]|p17_b02|0.98
VF 8|||battery|Pin & sạc|Bước 06|Bước 06|Đóng nắp bảo vệ đầu sạc trên xe, sau đó đóng nắp bảo vệ súng sạc.||vf8_brochure|https://storage.googleapis.com/vinfast-data-01/brochure/VF8_Brochure_03022026.pdf|17|[101.0, 384.0, 328.3, 437.5]|p17_b02|0.98
VF 8|||battery|Pin & sạc|Bước 07|Bước 07|Rút phích cắm của bộ sạc ra khỏi ổ cắm.||vf8_brochure|https://storage.googleapis.com/vinfast-data-01/brochure/VF8_Brochure_03022026.pdf|17|[341.0, 470.3, 522.0, 532.8]|p17_b02|0.98
VF 8|VF 8 ECO||dimension|Kích thước & trọng lượng|wheelbase_mm|wheelbase_mm|2950|mm|vf8_brochure|https://storage.googleapis.com/vinfast-data-01/brochure/VF8_Brochure_03022026.pdf|18|[32.8, 81.6, 811.6, 91.7]|p18_b02|0.98
VF 8|VF 8 PLUS||dimension|Kích thước & trọng lượng|wheelbase_mm|wheelbase_mm|2950|mm|vf8_brochure|https://storage.googleapis.com/vinfast-data-01/brochure/VF8_Brochure_03022026.pdf|18|[32.8, 81.6, 811.6, 91.7]|p18_b02|0.98
VF 8|VF 8 ECO||dimension|Kích thước & trọng lượng|length_mm|length_mm|4750|mm|vf8_brochure|https://storage.googleapis.com/vinfast-data-01/brochure/VF8_Brochure_03022026.pdf|18|[32.8, 91.7, 811.6, 101.8]|p18_b02|0.98
VF 8|VF 8 ECO||dimension|Kích thước & trọng lượng|width_mm|width_mm|1934|mm|vf8_brochure|https://storage.googleapis.com/vinfast-data-01/brochure/VF8_Brochure_03022026.pdf|18|[32.8, 91.7, 811.6, 101.8]|p18_b02|0.98
VF 8|VF 8 ECO||dimension|Kích thước & trọng lượng|height_mm|height_mm|1667|mm|vf8_brochure|https://storage.googleapis.com/vinfast-data-01/brochure/VF8_Brochure_03022026.pdf|18|[32.8, 91.7, 811.6, 101.8]|p18_b02|0.98
VF 8|VF 8 PLUS||dimension|Kích thước & trọng lượng|length_mm|length_mm|4750|mm|vf8_brochure|https://storage.googleapis.com/vinfast-data-01/brochure/VF8_Brochure_03022026.pdf|18|[32.8, 91.7, 811.6, 101.8]|p18_b02|0.98
VF 8|VF 8 PLUS||dimension|Kích thước & trọng lượng|width_mm|width_mm|1934|mm|vf8_brochure|https://storage.googleapis.com/vinfast-data-01/brochure/VF8_Brochure_03022026.pdf|18|[32.8, 91.7, 811.6, 101.8]|p18_b02|0.98
VF 8|VF 8 PLUS||dimension|Kích thước & trọng lượng|height_mm|height_mm|1667|mm|vf8_brochure|https://storage.googleapis.com/vinfast-data-01/brochure/VF8_Brochure_03022026.pdf|18|[32.8, 91.7, 811.6, 101.8]|p18_b02|0.98
VF 8|VF 8 ECO||dimension|Kích thước & trọng lượng|ground_clearance_mm|ground_clearance_mm|162|mm|vf8_brochure|https://storage.googleapis.com/vinfast-data-01/brochure/VF8_Brochure_03022026.pdf|18|[32.8, 101.8, 811.6, 111.9]|p18_b02|0.98
VF 8|VF 8 PLUS||dimension|Kích thước & trọng lượng|ground_clearance_mm|ground_clearance_mm|157|mm|vf8_brochure|https://storage.googleapis.com/vinfast-data-01/brochure/VF8_Brochure_03022026.pdf|18|[32.8, 101.8, 811.6, 111.9]|p18_b02|0.98
VF 8|VF 8 ECO||dimension|Kích thước & trọng lượng|Dung tích khoang chứa hành lý (L) - Có hàng ghế cuối/ Gập hết ghế (ISO 3832)|Dung tích khoang chứa hành lý (L) - Có hàng ghế cuối/ Gập hết ghế (ISO 3832)|376/1.373|L|vf8_brochure|https://storage.googleapis.com/vinfast-data-01/brochure/VF8_Brochure_03022026.pdf|18|[32.8, 111.9, 811.6, 122.0]|p18_b02|0.98
VF 8|VF 8 PLUS||dimension|Kích thước & trọng lượng|Dung tích khoang chứa hành lý (L) - Có hàng ghế cuối/ Gập hết ghế (ISO 3832)|Dung tích khoang chứa hành lý (L) - Có hàng ghế cuối/ Gập hết ghế (ISO 3832)|376/1.373|L|vf8_brochure|https://storage.googleapis.com/vinfast-data-01/brochure/VF8_Brochure_03022026.pdf|18|[32.8, 111.9, 811.6, 122.0]|p18_b02|0.98
VF 8|VF 8 ECO||dimension|Kích thước & trọng lượng|Dung tích khoang chứa hành lý (L) - Phía trước (Phương pháp ngập nước)|Dung tích khoang chứa hành lý (L) - Phía trước (Phương pháp ngập nước)|88|L|vf8_brochure|https://storage.googleapis.com/vinfast-data-01/brochure/VF8_Brochure_03022026.pdf|18|[32.8, 122.0, 811.6, 132.7]|p18_b02|0.98
VF 8|VF 8 PLUS||dimension|Kích thước & trọng lượng|Dung tích khoang chứa hành lý (L) - Phía trước (Phương pháp ngập nước)|Dung tích khoang chứa hành lý (L) - Phía trước (Phương pháp ngập nước)|88|L|vf8_brochure|https://storage.googleapis.com/vinfast-data-01/brochure/VF8_Brochure_03022026.pdf|18|[32.8, 122.0, 811.6, 132.7]|p18_b02|0.98
VF 8|VF 8 ECO||dimension|Kích thước & trọng lượng|Trọng lượng không tải|Trọng lượng không tải|2.328|kg|vf8_brochure|https://storage.googleapis.com/vinfast-data-01/brochure/VF8_Brochure_03022026.pdf|18|[32.8, 132.7, 811.6, 142.9]|p18_b02|0.98
VF 8|VF 8 PLUS||dimension|Kích thước & trọng lượng|Trọng lượng không tải|Trọng lượng không tải|2.520|kg|vf8_brochure|https://storage.googleapis.com/vinfast-data-01/brochure/VF8_Brochure_03022026.pdf|18|[32.8, 132.7, 811.6, 142.9]|p18_b02|0.98
VF 8|VF 8 ECO||dimension|Kích thước & trọng lượng|Tải trọng hành lý nóc xe|Tải trọng hành lý nóc xe|70|kg|vf8_brochure|https://storage.googleapis.com/vinfast-data-01/brochure/VF8_Brochure_03022026.pdf|18|[32.8, 142.9, 811.6, 153.6]|p18_b02|0.98
VF 8|VF 8 PLUS||dimension|Kích thước & trọng lượng|Tải trọng hành lý nóc xe|Tải trọng hành lý nóc xe|70|kg|vf8_brochure|https://storage.googleapis.com/vinfast-data-01/brochure/VF8_Brochure_03022026.pdf|18|[32.8, 142.9, 811.6, 153.6]|p18_b02|0.98
VF 8|VF 8 ECO||powertrain|Hệ thống truyền động|drivetrain|drivetrain|FWD/Cầu trước||vf8_brochure|https://storage.googleapis.com/vinfast-data-01/brochure/VF8_Brochure_03022026.pdf|18|[32.8, 174.4, 811.6, 184.5]|p18_b02|0.98
VF 8|VF 8 PLUS||powertrain|Hệ thống truyền động|drivetrain|drivetrain|2||vf8_brochure|https://storage.googleapis.com/vinfast-data-01/brochure/VF8_Brochure_03022026.pdf|18|[32.8, 174.4, 811.6, 184.5]|p18_b02|0.98
VF 8|VF 8 ECO||powertrain|Hệ thống truyền động|power_kw|power_kw|150|kW/HP|vf8_brochure|https://storage.googleapis.com/vinfast-data-01/brochure/VF8_Brochure_03022026.pdf|18|[32.8, 184.5, 811.6, 195.3]|p18_b02|0.98
VF 8|VF 8 PLUS||powertrain|Hệ thống truyền động|power_kw|power_kw|300|kW/HP|vf8_brochure|https://storage.googleapis.com/vinfast-data-01/brochure/VF8_Brochure_03022026.pdf|18|[32.8, 184.5, 811.6, 195.3]|p18_b02|0.98
VF 8|VF 8 ECO||powertrain|Hệ thống truyền động|torque_nm|torque_nm|310|Nm|vf8_brochure|https://storage.googleapis.com/vinfast-data-01/brochure/VF8_Brochure_03022026.pdf|18|[32.8, 195.3, 811.6, 205.4]|p18_b02|0.98
VF 8|VF 8 PLUS||powertrain|Hệ thống truyền động|torque_nm|torque_nm|620|Nm|vf8_brochure|https://storage.googleapis.com/vinfast-data-01/brochure/VF8_Brochure_03022026.pdf|18|[32.8, 195.3, 811.6, 205.4]|p18_b02|0.98
VF 8|VF 8 ECO||powertrain|Hệ thống truyền động|Tăng tốc 0-100Km/h|Tăng tốc 0-100Km/h|11,8|s|vf8_brochure|https://storage.googleapis.com/vinfast-data-01/brochure/VF8_Brochure_03022026.pdf|18|[32.8, 205.4, 811.6, 216.1]|p18_b02|0.98
VF 8|VF 8 PLUS||powertrain|Hệ thống truyền động|Tăng tốc 0-100Km/h|Tăng tốc 0-100Km/h|5,58|s|vf8_brochure|https://storage.googleapis.com/vinfast-data-01/brochure/VF8_Brochure_03022026.pdf|18|[32.8, 205.4, 811.6, 216.1]|p18_b02|0.98
VF 8|VF 8 ECO||battery|Pin & sạc|battery_kwh|battery_kwh|87.7|kWh|vf8_brochure|https://storage.googleapis.com/vinfast-data-01/brochure/VF8_Brochure_03022026.pdf|18|[32.8, 226.8, 811.6, 236.9]|p18_b02|0.98
VF 8|VF 8 PLUS||battery|Pin & sạc|battery_kwh|battery_kwh|87.7|kWh|vf8_brochure|https://storage.googleapis.com/vinfast-data-01/brochure/VF8_Brochure_03022026.pdf|18|[32.8, 226.8, 811.6, 236.9]|p18_b02|0.98
VF 8|VF 8 ECO||battery|Pin & sạc|range_km|range_km|562|km|vf8_brochure|https://storage.googleapis.com/vinfast-data-01/brochure/VF8_Brochure_03022026.pdf|18|[32.8, 236.9, 811.6, 247.0]|p18_b02|0.98
VF 8|VF 8 PLUS||battery|Pin & sạc|range_km|range_km|457|km|vf8_brochure|https://storage.googleapis.com/vinfast-data-01/brochure/VF8_Brochure_03022026.pdf|18|[32.8, 236.9, 811.6, 247.0]|p18_b02|0.98
VF 8|VF 8 ECO||battery|Pin & sạc|fast_charge_min|fast_charge_min|31|phút|vf8_brochure|https://storage.googleapis.com/vinfast-data-01/brochure/VF8_Brochure_03022026.pdf|18|[32.8, 247.0, 811.6, 257.8]|p18_b02|0.98
VF 8|VF 8 PLUS||battery|Pin & sạc|fast_charge_min|fast_charge_min|31|phút|vf8_brochure|https://storage.googleapis.com/vinfast-data-01/brochure/VF8_Brochure_03022026.pdf|18|[32.8, 247.0, 811.6, 257.8]|p18_b02|0.98
VF 8|VF 8 ECO||powertrain|Hệ thống truyền động|Chọn chế độ lái|Chế độ lái|Eco/Normal/Sport||vf8_brochure|https://storage.googleapis.com/vinfast-data-01/brochure/VF8_Brochure_03022026.pdf|18|[32.8, 267.9, 811.6, 278.6]|p18_b02|0.98
VF 8|VF 8 PLUS||powertrain|Hệ thống truyền động|Chọn chế độ lái|Chế độ lái|Eco/Normal/Sport||vf8_brochure|https://storage.googleapis.com/vinfast-data-01/brochure/VF8_Brochure_03022026.pdf|18|[32.8, 267.9, 811.6, 278.6]|p18_b02|0.98
VF 8|VF 8 ECO||powertrain|Hệ thống truyền động|Sưởi pin cao thế|Sưởi pin cao thế|Có||vf8_brochure|https://storage.googleapis.com/vinfast-data-01/brochure/VF8_Brochure_03022026.pdf|18|[32.8, 278.6, 811.6, 288.7]|p18_b02|0.98
VF 8|VF 8 PLUS||powertrain|Hệ thống truyền động|Sưởi pin cao thế|Sưởi pin cao thế|Có||vf8_brochure|https://storage.googleapis.com/vinfast-data-01/brochure/VF8_Brochure_03022026.pdf|18|[32.8, 278.6, 811.6, 288.7]|p18_b02|0.98
VF 8|VF 8 ECO||chassis|Khung gầm & hệ thống treo|Hệ thống treo - trước|Hệ thống treo|Treo độc lập thông minh||vf8_brochure|https://storage.googleapis.com/vinfast-data-01/brochure/VF8_Brochure_03022026.pdf|18|[32.8, 299.4, 811.6, 309.5]|p18_b02|0.98
VF 8|VF 8 PLUS||chassis|Khung gầm & hệ thống treo|Hệ thống treo - trước|Hệ thống treo|Treo độc lập thông minh||vf8_brochure|https://storage.googleapis.com/vinfast-data-01/brochure/VF8_Brochure_03022026.pdf|18|[32.8, 299.4, 811.6, 309.5]|p18_b02|0.98
VF 8|VF 8 ECO||chassis|Khung gầm & hệ thống treo|Hệ thống treo - sau|Hệ thống treo|Thanh điều hướng đa điểm||vf8_brochure|https://storage.googleapis.com/vinfast-data-01/brochure/VF8_Brochure_03022026.pdf|18|[32.8, 309.5, 811.6, 320.3]|p18_b02|0.98
VF 8|VF 8 PLUS||chassis|Khung gầm & hệ thống treo|Hệ thống treo - sau|Hệ thống treo|Thanh điều hướng đa điểm||vf8_brochure|https://storage.googleapis.com/vinfast-data-01/brochure/VF8_Brochure_03022026.pdf|18|[32.8, 309.5, 811.6, 320.3]|p18_b02|0.98
VF 8|VF 8 ECO||chassis|Khung gầm & hệ thống treo|Hệ thống phanh trước/sau|Phanh trước|Đĩa thông gió/Đĩa thông gió||vf8_brochure|https://storage.googleapis.com/vinfast-data-01/brochure/VF8_Brochure_03022026.pdf|18|[32.8, 320.3, 811.6, 330.4]|p18_b02|0.98
VF 8|VF 8 PLUS||chassis|Khung gầm & hệ thống treo|Hệ thống phanh trước/sau|Phanh trước|Đĩa thông gió/Đĩa thông gió||vf8_brochure|https://storage.googleapis.com/vinfast-data-01/brochure/VF8_Brochure_03022026.pdf|18|[32.8, 320.3, 811.6, 330.4]|p18_b02|0.98
VF 8|VF 8 ECO||chassis|Khung gầm & hệ thống treo|Loại la-zăng|Kích thước la-zăng|Hợp kim 19inch|inch|vf8_brochure|https://storage.googleapis.com/vinfast-data-01/brochure/VF8_Brochure_03022026.pdf|18|[32.8, 330.4, 811.6, 341.1]|p18_b02|0.98
VF 8|VF 8 PLUS||chassis|Khung gầm & hệ thống treo|Loại la-zăng|Kích thước la-zăng|Hợp kim 20inch|inch|vf8_brochure|https://storage.googleapis.com/vinfast-data-01/brochure/VF8_Brochure_03022026.pdf|18|[32.8, 330.4, 811.6, 341.1]|p18_b02|0.98
VF 8|VF 8 ECO||chassis|Khung gầm & hệ thống treo|Trợ lực lái|Trợ lực lái|Trợ lực điện||vf8_brochure|https://storage.googleapis.com/vinfast-data-01/brochure/VF8_Brochure_03022026.pdf|18|[32.8, 341.1, 811.6, 351.2]|p18_b02|0.98
VF 8|VF 8 PLUS||chassis|Khung gầm & hệ thống treo|Trợ lực lái|Trợ lực lái|Trợ lực điện||vf8_brochure|https://storage.googleapis.com/vinfast-data-01/brochure/VF8_Brochure_03022026.pdf|18|[32.8, 341.1, 811.6, 351.2]|p18_b02|0.98
VF 8|VF 8 ECO||exterior|Ngoại thất|Đèn pha|Đèn pha|LED, Tự động bật/tắt, điều chỉnh góc chiếu thông minh||vf8_brochure|https://storage.googleapis.com/vinfast-data-01/brochure/VF8_Brochure_03022026.pdf|18|[32.8, 361.3, 811.6, 382.2]|p18_b02|0.98
VF 8|VF 8 PLUS||exterior|Ngoại thất|Đèn pha|Đèn pha|LED, Tự động bật/tắt, điều chỉnh góc chiếu thông minh||vf8_brochure|https://storage.googleapis.com/vinfast-data-01/brochure/VF8_Brochure_03022026.pdf|18|[32.8, 361.3, 811.6, 382.2]|p18_b02|0.98
VF 8|VF 8 ECO||exterior|Ngoại thất|Đèn chờ dẫn đường|Đèn chờ dẫn đường|Có||vf8_brochure|https://storage.googleapis.com/vinfast-data-01/brochure/VF8_Brochure_03022026.pdf|18|[32.8, 382.2, 811.6, 392.9]|p18_b02|0.98
VF 8|VF 8 PLUS||exterior|Ngoại thất|Đèn chờ dẫn đường|Đèn chờ dẫn đường|Có||vf8_brochure|https://storage.googleapis.com/vinfast-data-01/brochure/VF8_Brochure_03022026.pdf|18|[32.8, 382.2, 811.6, 392.9]|p18_b02|0.98
VF 8|VF 8 ECO||exterior|Ngoại thất|Đèn chiếu sáng ban ngày|Đèn chiếu sáng ban ngày|LED||vf8_brochure|https://storage.googleapis.com/vinfast-data-01/brochure/VF8_Brochure_03022026.pdf|18|[32.8, 392.9, 811.6, 403.0]|p18_b02|0.98
VF 8|VF 8 PLUS||exterior|Ngoại thất|Đèn chiếu sáng ban ngày|Đèn chiếu sáng ban ngày|LED||vf8_brochure|https://storage.googleapis.com/vinfast-data-01/brochure/VF8_Brochure_03022026.pdf|18|[32.8, 392.9, 811.6, 403.0]|p18_b02|0.98
VF 8|VF 8 ECO||exterior|Ngoại thất|Đèn sương mù trước|Đèn sương mù|Không||vf8_brochure|https://storage.googleapis.com/vinfast-data-01/brochure/VF8_Brochure_03022026.pdf|18|[32.8, 403.0, 811.6, 413.7]|p18_b02|0.98
VF 8|VF 8 PLUS||exterior|Ngoại thất|Đèn sương mù trước|Đèn sương mù|Có||vf8_brochure|https://storage.googleapis.com/vinfast-data-01/brochure/VF8_Brochure_03022026.pdf|18|[32.8, 403.0, 811.6, 413.7]|p18_b02|0.98
VF 8|VF 8 ECO||exterior|Ngoại thất|Đèn chiếu góc|Đèn chiếu góc|Không||vf8_brochure|https://storage.googleapis.com/vinfast-data-01/brochure/VF8_Brochure_03022026.pdf|18|[32.8, 413.7, 811.6, 423.8]|p18_b02|0.98
VF 8|VF 8 PLUS||exterior|Ngoại thất|Đèn chiếu góc|Đèn chiếu góc|Có||vf8_brochure|https://storage.googleapis.com/vinfast-data-01/brochure/VF8_Brochure_03022026.pdf|18|[32.8, 413.7, 811.6, 423.8]|p18_b02|0.98
VF 8|VF 8 ECO||exterior|Ngoại thất|Đèn hậu|Đèn hậu|LED||vf8_brochure|https://storage.googleapis.com/vinfast-data-01/brochure/VF8_Brochure_03022026.pdf|18|[32.8, 423.8, 811.6, 434.6]|p18_b02|0.98
VF 8|VF 8 PLUS||exterior|Ngoại thất|Đèn hậu|Đèn hậu|LED||vf8_brochure|https://storage.googleapis.com/vinfast-data-01/brochure/VF8_Brochure_03022026.pdf|18|[32.8, 423.8, 811.6, 434.6]|p18_b02|0.98
VF 8|VF 8 ECO||exterior|Ngoại thất|Đèn phanh trên cao phía sau|Đèn pha|LED||vf8_brochure|https://storage.googleapis.com/vinfast-data-01/brochure/VF8_Brochure_03022026.pdf|18|[32.8, 434.6, 811.6, 444.7]|p18_b02|0.98
VF 8|VF 8 PLUS||exterior|Ngoại thất|Đèn phanh trên cao phía sau|Đèn pha|LED||vf8_brochure|https://storage.googleapis.com/vinfast-data-01/brochure/VF8_Brochure_03022026.pdf|18|[32.8, 434.6, 811.6, 444.7]|p18_b02|0.98
VF 8|VF 8 ECO||exterior|Ngoại thất|Gương chiếu hậu|Gương chiếu hậu|"Chỉnh điện, gập điện
Tích hợp báo rẽ, sấy mặt gương"||vf8_brochure|https://storage.googleapis.com/vinfast-data-01/brochure/VF8_Brochure_03022026.pdf|18|[32.8, 444.7, 811.6, 476.8]|p18_b02|0.98
VF 8|VF 8 PLUS||exterior|Ngoại thất|Gương chiếu hậu|Gương chiếu hậu|"Chỉnh điện, gập điện, nhớ vị trí
Tích hợp báo rẽ, sấy mặt gương,
chống chói tự động, tự động chỉnh khi lùi"||vf8_brochure|https://storage.googleapis.com/vinfast-data-01/brochure/VF8_Brochure_03022026.pdf|18|[32.8, 444.7, 811.6, 476.8]|p18_b02|0.98
VF 8|VF 8 ECO||exterior|Ngoại thất|Kiểu cửa sổ|Kiểu cửa sổ|"Chỉnh điện, lên/xuống
Một chạm cả 4 cửa
Hàng ghế trước: kính cách âm 2 lớp,
hàng ghế sau: kính 1 lớp"||vf8_brochure|https://storage.googleapis.com/vinfast-data-01/brochure/VF8_Brochure_03022026.pdf|18|[32.8, 476.8, 811.6, 517.3]|p18_b02|0.98
VF 8|VF 8 PLUS||exterior|Ngoại thất|Kiểu cửa sổ|Kiểu cửa sổ|"Chỉnh điện, lên/xuống
Một chạm cả 4 cửa
Hàng ghế trước: kính cách âm 2 lớp,
hàng ghế sau: kính 1 lớp"||vf8_brochure|https://storage.googleapis.com/vinfast-data-01/brochure/VF8_Brochure_03022026.pdf|18|[32.8, 476.8, 811.6, 517.3]|p18_b02|0.98
VF 8|VF 8 ECO||exterior|Ngoại thất|Kính cửa sổ màu đen (riêng tư)|Kính cửa sổ màu đen (riêng tư)|Hàng ghế sau||vf8_brochure|https://storage.googleapis.com/vinfast-data-01/brochure/VF8_Brochure_03022026.pdf|18|[32.8, 517.3, 811.6, 528.0]|p18_b02|0.98
VF 8|VF 8 PLUS||exterior|Ngoại thất|Kính cửa sổ màu đen (riêng tư)|Kính cửa sổ màu đen (riêng tư)|Hàng ghế sau||vf8_brochure|https://storage.googleapis.com/vinfast-data-01/brochure/VF8_Brochure_03022026.pdf|18|[32.8, 517.3, 811.6, 528.0]|p18_b02|0.98
VF 8|VF 8 ECO||exterior|Ngoại thất|Điều chỉnh cốp sau|Cốp sau|Chỉnh cơ||vf8_brochure|https://storage.googleapis.com/vinfast-data-01/brochure/VF8_Brochure_03022026.pdf|18|[32.8, 528.0, 811.6, 538.7]|p18_b02|0.98
VF 8|VF 8 PLUS||exterior|Ngoại thất|Điều chỉnh cốp sau|Cốp sau|Chỉnh điện Đóng/mở cốp đá chân||vf8_brochure|https://storage.googleapis.com/vinfast-data-01/brochure/VF8_Brochure_03022026.pdf|18|[32.8, 528.0, 811.6, 538.7]|p18_b02|0.98
VF 8|VF 8 ECO||exterior|Ngoại thất|Kính chắn gió|Kính chắn gió|Chống tia UV||vf8_brochure|https://storage.googleapis.com/vinfast-data-01/brochure/VF8_Brochure_03022026.pdf|18|[32.8, 538.7, 811.6, 548.8]|p18_b02|0.98
VF 8|VF 8 PLUS||exterior|Ngoại thất|Kính chắn gió|Kính chắn gió|Chống tia UV||vf8_brochure|https://storage.googleapis.com/vinfast-data-01/brochure/VF8_Brochure_03022026.pdf|18|[32.8, 538.7, 811.6, 548.8]|p18_b02|0.98
VF 8|VF 8 ECO||exterior|Ngoại thất|Gạt mưa trước|Gạt mưa trước|Tự động||vf8_brochure|https://storage.googleapis.com/vinfast-data-01/brochure/VF8_Brochure_03022026.pdf|18|[32.8, 548.8, 811.6, 559.0]|p18_b02|0.98
VF 8|VF 8 PLUS||exterior|Ngoại thất|Gạt mưa trước|Gạt mưa trước|Tự động||vf8_brochure|https://storage.googleapis.com/vinfast-data-01/brochure/VF8_Brochure_03022026.pdf|18|[32.8, 548.8, 811.6, 559.0]|p18_b02|0.98
VF 8|VF 8 ECO||exterior|Ngoại thất|Tấm bảo vệ dưới thân xe|Tấm bảo vệ dưới thân xe|Có||vf8_brochure|https://storage.googleapis.com/vinfast-data-01/brochure/VF8_Brochure_03022026.pdf|18|[32.8, 559.0, 811.6, 569.7]|p18_b02|0.98
VF 8|VF 8 PLUS||exterior|Ngoại thất|Tấm bảo vệ dưới thân xe|Tấm bảo vệ dưới thân xe|Có||vf8_brochure|https://storage.googleapis.com/vinfast-data-01/brochure/VF8_Brochure_03022026.pdf|18|[32.8, 559.0, 811.6, 569.7]|p18_b02|0.98
VF 8|VF 8 ECO||interior|Nội thất|seats|seats|5||vf8_brochure|https://storage.googleapis.com/vinfast-data-01/brochure/VF8_Brochure_03022026.pdf|19|[31.1, 88.7, 809.9, 98.8]|p19_b02|0.98
VF 8|VF 8 PLUS||interior|Nội thất|seats|seats|5||vf8_brochure|https://storage.googleapis.com/vinfast-data-01/brochure/VF8_Brochure_03022026.pdf|19|[31.1, 88.7, 809.9, 98.8]|p19_b02|0.98
VF 8|VF 8 ECO||interior|Nội thất|Chất liệu bọc ghế|Chất liệu bọc ghế|Giả da||vf8_brochure|https://storage.googleapis.com/vinfast-data-01/brochure/VF8_Brochure_03022026.pdf|19|[31.1, 98.8, 809.9, 109.5]|p19_b02|0.98
VF 8|VF 8 PLUS||interior|Nội thất|Chất liệu bọc ghế|Chất liệu bọc ghế|Da nhân tạo||vf8_brochure|https://storage.googleapis.com/vinfast-data-01/brochure/VF8_Brochure_03022026.pdf|19|[31.1, 98.8, 809.9, 109.5]|p19_b02|0.98
VF 8|VF 8 ECO||interior|Nội thất|Ghế lái|Ghế lái|Chỉnh điện 6 hướng||vf8_brochure|https://storage.googleapis.com/vinfast-data-01/brochure/VF8_Brochure_03022026.pdf|19|[31.1, 109.5, 809.9, 129.8]|p19_b02|0.98
VF 8|VF 8 PLUS||interior|Nội thất|Ghế lái|Ghế lái|Chỉnh điện 12 hướng, nhớ vị trí; Tích hợp thông gió, sưởi||vf8_brochure|https://storage.googleapis.com/vinfast-data-01/brochure/VF8_Brochure_03022026.pdf|19|[31.1, 109.5, 809.9, 129.8]|p19_b02|0.98
VF 8|VF 8 ECO||interior|Nội thất|Ghế phụ|Ghế phụ|Chỉnh điện 6 hướng||vf8_brochure|https://storage.googleapis.com/vinfast-data-01/brochure/VF8_Brochure_03022026.pdf|19|[31.1, 129.8, 809.9, 150.6]|p19_b02|0.98
VF 8|VF 8 PLUS||interior|Nội thất|Ghế phụ|Ghế phụ|Chỉnh điện 10 hướng; Tích hợp thông gió, sưởi||vf8_brochure|https://storage.googleapis.com/vinfast-data-01/brochure/VF8_Brochure_03022026.pdf|19|[31.1, 129.8, 809.9, 150.6]|p19_b02|0.98
VF 8|VF 8 ECO||interior|Nội thất|Hàng ghế thứ hai|Hàng ghế thứ 2|Chỉnh cơ 2 hướng, tỷ lệ gập 60:40||vf8_brochure|https://storage.googleapis.com/vinfast-data-01/brochure/VF8_Brochure_03022026.pdf|19|[31.1, 150.6, 809.9, 172.0]|p19_b02|0.98
VF 8|VF 8 PLUS||interior|Nội thất|Hàng ghế thứ hai|Hàng ghế thứ 2|Chỉnh cơ 2 hướng, tỷ lệ gập 60:40; Tích hợp thông gió, sưởi||vf8_brochure|https://storage.googleapis.com/vinfast-data-01/brochure/VF8_Brochure_03022026.pdf|19|[31.1, 150.6, 809.9, 172.0]|p19_b02|0.98
VF 8|VF 8 ECO||interior|Nội thất|Loại vô lăng|Loại vô lăng|Bọc da, dạng D-cut; Chỉnh cơ 4 hướng; Tích hợp nút bấm điều khiển tính năng giải trí và ADAS||vf8_brochure|https://storage.googleapis.com/vinfast-data-01/brochure/VF8_Brochure_03022026.pdf|19|[31.1, 172.0, 809.9, 213.7]|p19_b02|0.98
VF 8|VF 8 PLUS||interior|Nội thất|Loại vô lăng|Loại vô lăng|Bọc da, dạng D-cut; Chỉnh điện 4 hướng; Tích hợp sưởi, nút bấm điều khiển tính năng giải trí và ADAS||vf8_brochure|https://storage.googleapis.com/vinfast-data-01/brochure/VF8_Brochure_03022026.pdf|19|[31.1, 172.0, 809.9, 213.7]|p19_b02|0.98
VF 8|VF 8 ECO||interior|Nội thất|Hệ thống điều hòa|Hệ thống điều hòa|Tự động, 2 vùng; Tích hợp chức năng kiểm soát chất lượng||vf8_brochure|https://storage.googleapis.com/vinfast-data-01/brochure/VF8_Brochure_03022026.pdf|19|[31.1, 213.7, 809.9, 254.8]|p19_b02|0.98
VF 8|VF 8 PLUS||interior|Nội thất|Hệ thống điều hòa|Hệ thống điều hòa|Tự động, 2 vùng; Tích hợp chức năng kiểm soát chất lượng, chức năng ion hóa không khí||vf8_brochure|https://storage.googleapis.com/vinfast-data-01/brochure/VF8_Brochure_03022026.pdf|19|[31.1, 213.7, 809.9, 254.8]|p19_b02|0.98
VF 8|VF 8 ECO||interior|Nội thất|Lọc không khí Cabin|Lọc không khí|Combi 1.0||vf8_brochure|https://storage.googleapis.com/vinfast-data-01/brochure/VF8_Brochure_03022026.pdf|19|[31.1, 254.8, 809.9, 265.5]|p19_b02|0.98
VF 8|VF 8 PLUS||interior|Nội thất|Lọc không khí Cabin|Lọc không khí|Combi 1.0||vf8_brochure|https://storage.googleapis.com/vinfast-data-01/brochure/VF8_Brochure_03022026.pdf|19|[31.1, 254.8, 809.9, 265.5]|p19_b02|0.98
VF 8|VF 8 ECO||interior|Nội thất|Ống thông gió dưới chân hành khách sau|Ống thông gió dưới chân hành khách sau|Có||vf8_brochure|https://storage.googleapis.com/vinfast-data-01/brochure/VF8_Brochure_03022026.pdf|19|[31.1, 265.5, 809.9, 275.6]|p19_b02|0.98
VF 8|VF 8 PLUS||interior|Nội thất|Ống thông gió dưới chân hành khách sau|Ống thông gió dưới chân hành khách sau|Có||vf8_brochure|https://storage.googleapis.com/vinfast-data-01/brochure/VF8_Brochure_03022026.pdf|19|[31.1, 265.5, 809.9, 275.6]|p19_b02|0.98
VF 8|VF 8 ECO||interior|Nội thất|display_inch|display_inch|15.6|inch|vf8_brochure|https://storage.googleapis.com/vinfast-data-01/brochure/VF8_Brochure_03022026.pdf|19|[31.1, 275.6, 809.9, 286.3]|p19_b02|0.98
VF 8|VF 8 PLUS||interior|Nội thất|display_inch|display_inch|15.6|inch|vf8_brochure|https://storage.googleapis.com/vinfast-data-01/brochure/VF8_Brochure_03022026.pdf|19|[31.1, 275.6, 809.9, 286.3]|p19_b02|0.98
VF 8|VF 8 ECO||infotainment|Giải trí & kết nối|Màn hình hiển thị HUD|Hiển thị kính lái HUD|Có||vf8_brochure|https://storage.googleapis.com/vinfast-data-01/brochure/VF8_Brochure_03022026.pdf|19|[31.1, 286.3, 809.9, 296.4]|p19_b02|0.98
VF 8|VF 8 PLUS||infotainment|Giải trí & kết nối|Màn hình hiển thị HUD|Hiển thị kính lái HUD|Có||vf8_brochure|https://storage.googleapis.com/vinfast-data-01/brochure/VF8_Brochure_03022026.pdf|19|[31.1, 286.3, 809.9, 296.4]|p19_b02|0.98
VF 8|VF 8 ECO||infotainment|Giải trí & kết nối|Cổng kết nối USB loại A|Kết nối (Bluetooth/Wifi/USB)|Hàng ghế trước: 2; Hàng ghế thứ hai: 2||vf8_brochure|https://storage.googleapis.com/vinfast-data-01/brochure/VF8_Brochure_03022026.pdf|19|[31.1, 296.4, 809.9, 317.3]|p19_b02|0.98
VF 8|VF 8 PLUS||infotainment|Giải trí & kết nối|Cổng kết nối USB loại A|Kết nối (Bluetooth/Wifi/USB)|Hàng ghế trước: 2; Hàng ghế thứ hai: 2||vf8_brochure|https://storage.googleapis.com/vinfast-data-01/brochure/VF8_Brochure_03022026.pdf|19|[31.1, 296.4, 809.9, 317.3]|p19_b02|0.98
VF 8|VF 8 ECO||infotainment|Giải trí & kết nối|Cổng kết nối USB loại C|Kết nối (Bluetooth/Wifi/USB)|Có, 90|W|vf8_brochure|https://storage.googleapis.com/vinfast-data-01/brochure/VF8_Brochure_03022026.pdf|19|[31.1, 317.3, 809.9, 328.0]|p19_b02|0.98
VF 8|VF 8 PLUS||infotainment|Giải trí & kết nối|Cổng kết nối USB loại C|Kết nối (Bluetooth/Wifi/USB)|Có, 90|W|vf8_brochure|https://storage.googleapis.com/vinfast-data-01/brochure/VF8_Brochure_03022026.pdf|19|[31.1, 317.3, 809.9, 328.0]|p19_b02|0.98
VF 8|VF 8 ECO||infotainment|Giải trí & kết nối|Sạc không dây|Sạc không dây|Không||vf8_brochure|https://storage.googleapis.com/vinfast-data-01/brochure/VF8_Brochure_03022026.pdf|19|[31.1, 328.0, 809.9, 338.1]|p19_b02|0.98
VF 8|VF 8 PLUS||infotainment|Giải trí & kết nối|Sạc không dây|Sạc không dây|Có||vf8_brochure|https://storage.googleapis.com/vinfast-data-01/brochure/VF8_Brochure_03022026.pdf|19|[31.1, 328.0, 809.9, 338.1]|p19_b02|0.98
VF 8|VF 8 ECO||infotainment|Giải trí & kết nối|Kết nối Wifi|Kết nối (Bluetooth/Wifi/USB)|Có||vf8_brochure|https://storage.googleapis.com/vinfast-data-01/brochure/VF8_Brochure_03022026.pdf|19|[31.1, 338.1, 809.9, 348.2]|p19_b02|0.98
VF 8|VF 8 PLUS||infotainment|Giải trí & kết nối|Kết nối Wifi|Kết nối (Bluetooth/Wifi/USB)|Có||vf8_brochure|https://storage.googleapis.com/vinfast-data-01/brochure/VF8_Brochure_03022026.pdf|19|[31.1, 338.1, 809.9, 348.2]|p19_b02|0.98
VF 8|VF 8 ECO||infotainment|Giải trí & kết nối|Kết nối Bluetooth|Kết nối (Bluetooth/Wifi/USB)|Có||vf8_brochure|https://storage.googleapis.com/vinfast-data-01/brochure/VF8_Brochure_03022026.pdf|19|[31.1, 348.2, 809.9, 359.0]|p19_b02|0.98
VF 8|VF 8 PLUS||infotainment|Giải trí & kết nối|Kết nối Bluetooth|Kết nối (Bluetooth/Wifi/USB)|Có||vf8_brochure|https://storage.googleapis.com/vinfast-data-01/brochure/VF8_Brochure_03022026.pdf|19|[31.1, 348.2, 809.9, 359.0]|p19_b02|0.98
VF 8|VF 8 ECO||infotainment|Giải trí & kết nối|Hệ thống loa|Hệ thống loa|8||vf8_brochure|https://storage.googleapis.com/vinfast-data-01/brochure/VF8_Brochure_03022026.pdf|19|[31.1, 359.0, 809.9, 369.1]|p19_b02|0.98
VF 8|VF 8 PLUS||infotainment|Giải trí & kết nối|Hệ thống loa|Hệ thống loa|10||vf8_brochure|https://storage.googleapis.com/vinfast-data-01/brochure/VF8_Brochure_03022026.pdf|19|[31.1, 359.0, 809.9, 369.1]|p19_b02|0.98
VF 8|VF 8 ECO||interior|Nội thất|Loa trầm|Loa trầm|Không||vf8_brochure|https://storage.googleapis.com/vinfast-data-01/brochure/VF8_Brochure_03022026.pdf|19|[31.1, 369.1, 809.9, 379.8]|p19_b02|0.98
VF 8|VF 8 PLUS||interior|Nội thất|Loa trầm|Loa trầm|1||vf8_brochure|https://storage.googleapis.com/vinfast-data-01/brochure/VF8_Brochure_03022026.pdf|19|[31.1, 369.1, 809.9, 379.8]|p19_b02|0.98
VF 8|VF 8 ECO||interior|Nội thất|Đèn trang trí nội thất|Đèn trang trí nội thất|Không||vf8_brochure|https://storage.googleapis.com/vinfast-data-01/brochure/VF8_Brochure_03022026.pdf|19|[31.1, 379.8, 809.9, 389.9]|p19_b02|0.98
VF 8|VF 8 PLUS||interior|Nội thất|Đèn trang trí nội thất|Đèn trang trí nội thất|Đa màu||vf8_brochure|https://storage.googleapis.com/vinfast-data-01/brochure/VF8_Brochure_03022026.pdf|19|[31.1, 379.8, 809.9, 389.9]|p19_b02|0.98
VF 8|VF 8 ECO||interior|Nội thất|Cửa sổ trời|Cửa sổ trời|Không||vf8_brochure|https://storage.googleapis.com/vinfast-data-01/brochure/VF8_Brochure_03022026.pdf|19|[31.1, 389.9, 809.9, 400.0]|p19_b02|0.98
VF 8|VF 8 PLUS||interior|Nội thất|Cửa sổ trời|Cửa sổ trời|Toàn cảnh, chỉnh điện||vf8_brochure|https://storage.googleapis.com/vinfast-data-01/brochure/VF8_Brochure_03022026.pdf|19|[31.1, 389.9, 809.9, 400.0]|p19_b02|0.98
VF 8|VF 8 ECO||interior|Nội thất|Gương chiếu hậu trong xe|Gương chiếu hậu trong xe|Chống chói tự động||vf8_brochure|https://storage.googleapis.com/vinfast-data-01/brochure/VF8_Brochure_03022026.pdf|19|[31.1, 400.0, 809.9, 410.7]|p19_b02|0.98
VF 8|VF 8 PLUS||interior|Nội thất|Gương chiếu hậu trong xe|Gương chiếu hậu trong xe|Chống chói tự động||vf8_brochure|https://storage.googleapis.com/vinfast-data-01/brochure/VF8_Brochure_03022026.pdf|19|[31.1, 400.0, 809.9, 410.7]|p19_b02|0.98
VF 8|VF 8 ECO||safety|An toàn|Hệ thống chống bó cứng phanh ABS|Hệ thống chống bó cứng phanh (ABS)|Có||vf8_brochure|https://storage.googleapis.com/vinfast-data-01/brochure/VF8_Brochure_03022026.pdf|19|[31.1, 420.9, 809.9, 431.6]|p19_b02|0.98
VF 8|VF 8 PLUS||safety|An toàn|Hệ thống chống bó cứng phanh ABS|Hệ thống chống bó cứng phanh (ABS)|Có||vf8_brochure|https://storage.googleapis.com/vinfast-data-01/brochure/VF8_Brochure_03022026.pdf|19|[31.1, 420.9, 809.9, 431.6]|p19_b02|0.98
VF 8|VF 8 ECO||safety|An toàn|Chức năng phân phối lực phanh điện tử EBD|Chức năng phân phối lực phanh điện tử EBD|Có||vf8_brochure|https://storage.googleapis.com/vinfast-data-01/brochure/VF8_Brochure_03022026.pdf|19|[31.1, 431.6, 809.9, 441.7]|p19_b02|0.98
VF 8|VF 8 PLUS||safety|An toàn|Chức năng phân phối lực phanh điện tử EBD|Chức năng phân phối lực phanh điện tử EBD|Có||vf8_brochure|https://storage.googleapis.com/vinfast-data-01/brochure/VF8_Brochure_03022026.pdf|19|[31.1, 431.6, 809.9, 441.7]|p19_b02|0.98
VF 8|VF 8 ECO||safety|An toàn|Hỗ trợ phanh khẩn cấp BA|Hỗ trợ phanh khẩn cấp BA|Có||vf8_brochure|https://storage.googleapis.com/vinfast-data-01/brochure/VF8_Brochure_03022026.pdf|19|[31.1, 441.7, 809.9, 452.4]|p19_b02|0.98
VF 8|VF 8 PLUS||safety|An toàn|Hỗ trợ phanh khẩn cấp BA|Hỗ trợ phanh khẩn cấp BA|Có||vf8_brochure|https://storage.googleapis.com/vinfast-data-01/brochure/VF8_Brochure_03022026.pdf|19|[31.1, 441.7, 809.9, 452.4]|p19_b02|0.98
VF 8|VF 8 ECO||safety|An toàn|Hệ thống cân bằng điện tử ESC|Hệ thống cân bằng điện tử ESC|Có||vf8_brochure|https://storage.googleapis.com/vinfast-data-01/brochure/VF8_Brochure_03022026.pdf|19|[31.1, 452.4, 809.9, 462.5]|p19_b02|0.98
VF 8|VF 8 PLUS||safety|An toàn|Hệ thống cân bằng điện tử ESC|Hệ thống cân bằng điện tử ESC|Có||vf8_brochure|https://storage.googleapis.com/vinfast-data-01/brochure/VF8_Brochure_03022026.pdf|19|[31.1, 452.4, 809.9, 462.5]|p19_b02|0.98
VF 8|VF 8 ECO||safety|An toàn|Chức năng kiểm soát lực kéo TCS|Chức năng kiểm soát lực kéo TCS|Có||vf8_brochure|https://storage.googleapis.com/vinfast-data-01/brochure/VF8_Brochure_03022026.pdf|19|[31.1, 462.5, 809.9, 473.2]|p19_b02|0.98
VF 8|VF 8 PLUS||safety|An toàn|Chức năng kiểm soát lực kéo TCS|Chức năng kiểm soát lực kéo TCS|Có||vf8_brochure|https://storage.googleapis.com/vinfast-data-01/brochure/VF8_Brochure_03022026.pdf|19|[31.1, 462.5, 809.9, 473.2]|p19_b02|0.98
VF 8|VF 8 ECO||safety|An toàn|Hỗ trợ khởi hành ngang dốc HSA|Hỗ trợ khởi hành ngang dốc HSA|Có||vf8_brochure|https://storage.googleapis.com/vinfast-data-01/brochure/VF8_Brochure_03022026.pdf|19|[31.1, 473.2, 809.9, 483.4]|p19_b02|0.98
VF 8|VF 8 PLUS||safety|An toàn|Hỗ trợ khởi hành ngang dốc HSA|Hỗ trợ khởi hành ngang dốc HSA|Có||vf8_brochure|https://storage.googleapis.com/vinfast-data-01/brochure/VF8_Brochure_03022026.pdf|19|[31.1, 473.2, 809.9, 483.4]|p19_b02|0.98
VF 8|VF 8 ECO||safety|An toàn|Chức năng chống lật ROM|Chức năng chống lật ROM|Có||vf8_brochure|https://storage.googleapis.com/vinfast-data-01/brochure/VF8_Brochure_03022026.pdf|19|[31.1, 483.4, 809.9, 494.1]|p19_b02|0.98
VF 8|VF 8 PLUS||safety|An toàn|Chức năng chống lật ROM|Chức năng chống lật ROM|Có||vf8_brochure|https://storage.googleapis.com/vinfast-data-01/brochure/VF8_Brochure_03022026.pdf|19|[31.1, 483.4, 809.9, 494.1]|p19_b02|0.98
VF 8|VF 8 ECO||safety|An toàn|Đèn báo phanh khẩn cấp ESS|Đèn báo phanh khẩn cấp ESS|Có||vf8_brochure|https://storage.googleapis.com/vinfast-data-01/brochure/VF8_Brochure_03022026.pdf|19|[31.1, 494.1, 809.9, 504.2]|p19_b02|0.98
VF 8|VF 8 PLUS||safety|An toàn|Đèn báo phanh khẩn cấp ESS|Đèn báo phanh khẩn cấp ESS|Có||vf8_brochure|https://storage.googleapis.com/vinfast-data-01/brochure/VF8_Brochure_03022026.pdf|19|[31.1, 494.1, 809.9, 504.2]|p19_b02|0.98
VF 8|VF 8 ECO||safety|An toàn|Giám sát áp suất lốp|Giám sát áp suất lốp|dTPMS||vf8_brochure|https://storage.googleapis.com/vinfast-data-01/brochure/VF8_Brochure_03022026.pdf|19|[31.1, 504.2, 809.9, 514.9]|p19_b02|0.98
VF 8|VF 8 PLUS||safety|An toàn|Giám sát áp suất lốp|Giám sát áp suất lốp|dTPMS||vf8_brochure|https://storage.googleapis.com/vinfast-data-01/brochure/VF8_Brochure_03022026.pdf|19|[31.1, 504.2, 809.9, 514.9]|p19_b02|0.98
VF 8|VF 8 ECO||safety|An toàn|Khóa cửa xe tự động khi xe di chuyển|Khóa cửa xe tự động khi xe di chuyển|Có||vf8_brochure|https://storage.googleapis.com/vinfast-data-01/brochure/VF8_Brochure_03022026.pdf|19|[31.1, 514.9, 809.9, 525.0]|p19_b02|0.98
VF 8|VF 8 PLUS||safety|An toàn|Khóa cửa xe tự động khi xe di chuyển|Khóa cửa xe tự động khi xe di chuyển|Có||vf8_brochure|https://storage.googleapis.com/vinfast-data-01/brochure/VF8_Brochure_03022026.pdf|19|[31.1, 514.9, 809.9, 525.0]|p19_b02|0.98
VF 8|VF 8 ECO||safety|An toàn|Cảng đai khẩn cấp|Cảng đai khẩn cấp|Có||vf8_brochure|https://storage.googleapis.com/vinfast-data-01/brochure/VF8_Brochure_03022026.pdf|19|[31.1, 525.0, 809.9, 535.7]|p19_b02|0.98
VF 8|VF 8 PLUS||safety|An toàn|Cảng đai khẩn cấp|Cảng đai khẩn cấp|Có||vf8_brochure|https://storage.googleapis.com/vinfast-data-01/brochure/VF8_Brochure_03022026.pdf|19|[31.1, 525.0, 809.9, 535.7]|p19_b02|0.98
VF 8|VF 8 ECO||safety|An toàn|Móc cố định ghế trẻ em ISOFIX, hàng ghế thứ 2|Móc cố định ghế trẻ em ISOFIX|Có||vf8_brochure|https://storage.googleapis.com/vinfast-data-01/brochure/VF8_Brochure_03022026.pdf|19|[31.1, 535.7, 809.9, 545.9]|p19_b02|0.98
VF 8|VF 8 PLUS||safety|An toàn|Móc cố định ghế trẻ em ISOFIX, hàng ghế thứ 2|Móc cố định ghế trẻ em ISOFIX|Có||vf8_brochure|https://storage.googleapis.com/vinfast-data-01/brochure/VF8_Brochure_03022026.pdf|19|[31.1, 535.7, 809.9, 545.9]|p19_b02|0.98
VF 8|VF 8 ECO||safety|An toàn|Cảnh báo an toàn hàng trước và hàng 2|Cảnh báo an toàn hàng trước và hàng 2|Có||vf8_brochure|https://storage.googleapis.com/vinfast-data-01/brochure/VF8_Brochure_03022026.pdf|19|[31.1, 545.9, 809.9, 556.0]|p19_b02|0.98
VF 8|VF 8 PLUS||safety|An toàn|Cảnh báo an toàn hàng trước và hàng 2|Cảnh báo an toàn hàng trước và hàng 2|Có||vf8_brochure|https://storage.googleapis.com/vinfast-data-01/brochure/VF8_Brochure_03022026.pdf|19|[31.1, 545.9, 809.9, 556.0]|p19_b02|0.98
VF 8|VF 8 ECO||safety|An toàn|airbags|airbags|10||vf8_brochure|https://storage.googleapis.com/vinfast-data-01/brochure/VF8_Brochure_03022026.pdf|20|[31.1, 88.7, 809.9, 99.4]|p20_b02|0.98
VF 8|VF 8 PLUS||safety|An toàn|airbags|airbags|11||vf8_brochure|https://storage.googleapis.com/vinfast-data-01/brochure/VF8_Brochure_03022026.pdf|20|[31.1, 88.7, 809.9, 99.4]|p20_b02|0.98
VF 8|VF 8 ECO||safety|An toàn|airbags|airbags|2||vf8_brochure|https://storage.googleapis.com/vinfast-data-01/brochure/VF8_Brochure_03022026.pdf|20|[31.1, 99.4, 809.9, 109.5]|p20_b02|0.98
VF 8|VF 8 PLUS||safety|An toàn|airbags|airbags|2||vf8_brochure|https://storage.googleapis.com/vinfast-data-01/brochure/VF8_Brochure_03022026.pdf|20|[31.1, 99.4, 809.9, 109.5]|p20_b02|0.98
VF 8|VF 8 ECO||safety|An toàn|airbags|airbags|2||vf8_brochure|https://storage.googleapis.com/vinfast-data-01/brochure/VF8_Brochure_03022026.pdf|20|[31.1, 109.5, 809.9, 119.7]|p20_b02|0.98
VF 8|VF 8 PLUS||safety|An toàn|airbags|airbags|2||vf8_brochure|https://storage.googleapis.com/vinfast-data-01/brochure/VF8_Brochure_03022026.pdf|20|[31.1, 109.5, 809.9, 119.7]|p20_b02|0.98
VF 8|VF 8 ECO||safety|An toàn|airbags|airbags|2||vf8_brochure|https://storage.googleapis.com/vinfast-data-01/brochure/VF8_Brochure_03022026.pdf|20|[31.1, 119.7, 809.9, 129.8]|p20_b02|0.98
VF 8|VF 8 PLUS||safety|An toàn|airbags|airbags|2||vf8_brochure|https://storage.googleapis.com/vinfast-data-01/brochure/VF8_Brochure_03022026.pdf|20|[31.1, 119.7, 809.9, 129.8]|p20_b02|0.98
VF 8|VF 8 ECO||safety|An toàn|airbags|airbags|2||vf8_brochure|https://storage.googleapis.com/vinfast-data-01/brochure/VF8_Brochure_03022026.pdf|20|[31.1, 129.8, 809.9, 140.5]|p20_b02|0.98
VF 8|VF 8 PLUS||safety|An toàn|airbags|airbags|2||vf8_brochure|https://storage.googleapis.com/vinfast-data-01/brochure/VF8_Brochure_03022026.pdf|20|[31.1, 129.8, 809.9, 140.5]|p20_b02|0.98
VF 8|VF 8 ECO||safety|An toàn|airbags|airbags|2||vf8_brochure|https://storage.googleapis.com/vinfast-data-01/brochure/VF8_Brochure_03022026.pdf|20|[31.1, 140.5, 809.9, 150.6]|p20_b02|0.98
VF 8|VF 8 PLUS||safety|An toàn|airbags|airbags|2||vf8_brochure|https://storage.googleapis.com/vinfast-data-01/brochure/VF8_Brochure_03022026.pdf|20|[31.1, 140.5, 809.9, 150.6]|p20_b02|0.98
VF 8|VF 8 ECO||safety|An toàn|airbags|airbags|0||vf8_brochure|https://storage.googleapis.com/vinfast-data-01/brochure/VF8_Brochure_03022026.pdf|20|[31.1, 150.6, 809.9, 161.3]|p20_b02|0.98
VF 8|VF 8 PLUS||safety|An toàn|airbags|airbags|1||vf8_brochure|https://storage.googleapis.com/vinfast-data-01/brochure/VF8_Brochure_03022026.pdf|20|[31.1, 150.6, 809.9, 161.3]|p20_b02|0.98
VF 8|VF 8 ECO||adas|Hỗ trợ lái nâng cao (ADAS)|Hỗ trợ di chuyển khi ùn tắc|Hỗ trợ di chuyển khi ùn tắc|Không||vf8_brochure|https://storage.googleapis.com/vinfast-data-01/brochure/VF8_Brochure_03022026.pdf|20|[31.1, 182.2, 809.9, 192.9]|p20_b02|0.98
VF 8|VF 8 PLUS||adas|Hỗ trợ lái nâng cao (ADAS)|Hỗ trợ di chuyển khi ùn tắc|Hỗ trợ di chuyển khi ùn tắc|Có||vf8_brochure|https://storage.googleapis.com/vinfast-data-01/brochure/VF8_Brochure_03022026.pdf|20|[31.1, 182.2, 809.9, 192.9]|p20_b02|0.98
VF 8|VF 8 ECO||adas|Hỗ trợ lái nâng cao (ADAS)|Hỗ trợ lái trên đường cao tốc|Hỗ trợ lái trên đường cao tốc|Không||vf8_brochure|https://storage.googleapis.com/vinfast-data-01/brochure/VF8_Brochure_03022026.pdf|20|[31.1, 192.9, 809.9, 203.0]|p20_b02|0.98
VF 8|VF 8 PLUS||adas|Hỗ trợ lái nâng cao (ADAS)|Hỗ trợ lái trên đường cao tốc|Hỗ trợ lái trên đường cao tốc|Có||vf8_brochure|https://storage.googleapis.com/vinfast-data-01/brochure/VF8_Brochure_03022026.pdf|20|[31.1, 192.9, 809.9, 203.0]|p20_b02|0.98
VF 8|VF 8 ECO||convenience|Tiện nghi|Cảnh báo chệch làn|Cảnh báo chệch làn|Không||vf8_brochure|https://storage.googleapis.com/vinfast-data-01/brochure/VF8_Brochure_03022026.pdf|20|[31.1, 213.1, 809.9, 223.8]|p20_b02|0.98
VF 8|VF 8 PLUS||convenience|Tiện nghi|Cảnh báo chệch làn|Cảnh báo chệch làn|Có||vf8_brochure|https://storage.googleapis.com/vinfast-data-01/brochure/VF8_Brochure_03022026.pdf|20|[31.1, 213.1, 809.9, 223.8]|p20_b02|0.98
VF 8|VF 8 ECO||adas|Hỗ trợ lái nâng cao (ADAS)|Hỗ trợ giữ làn|Hỗ trợ giữ làn đường (LKA)|Không||vf8_brochure|https://storage.googleapis.com/vinfast-data-01/brochure/VF8_Brochure_03022026.pdf|20|[31.1, 223.8, 809.9, 233.9]|p20_b02|0.98
VF 8|VF 8 PLUS||adas|Hỗ trợ lái nâng cao (ADAS)|Hỗ trợ giữ làn|Hỗ trợ giữ làn đường (LKA)|Có||vf8_brochure|https://storage.googleapis.com/vinfast-data-01/brochure/VF8_Brochure_03022026.pdf|20|[31.1, 223.8, 809.9, 233.9]|p20_b02|0.98
VF 8|VF 8 ECO||convenience|Tiện nghi|Kiểm soát đi giữa làn|Kiểm soát đi giữa làn|Không||vf8_brochure|https://storage.googleapis.com/vinfast-data-01/brochure/VF8_Brochure_03022026.pdf|20|[31.1, 233.9, 809.9, 244.7]|p20_b02|0.98
VF 8|VF 8 PLUS||convenience|Tiện nghi|Kiểm soát đi giữa làn|Kiểm soát đi giữa làn|Có||vf8_brochure|https://storage.googleapis.com/vinfast-data-01/brochure/VF8_Brochure_03022026.pdf|20|[31.1, 233.9, 809.9, 244.7]|p20_b02|0.98
VF 8|VF 8 ECO||convenience|Tiện nghi|Kiểm soát hành trình|Kiểm soát hành trình|Ga tự động cơ bản||vf8_brochure|https://storage.googleapis.com/vinfast-data-01/brochure/VF8_Brochure_03022026.pdf|20|[31.1, 254.8, 809.9, 265.5]|p20_b02|0.98
VF 8|VF 8 PLUS||convenience|Tiện nghi|Kiểm soát hành trình|Kiểm soát hành trình|Ga tự động thích ứng||vf8_brochure|https://storage.googleapis.com/vinfast-data-01/brochure/VF8_Brochure_03022026.pdf|20|[31.1, 254.8, 809.9, 265.5]|p20_b02|0.98
VF 8|VF 8 ECO||convenience|Tiện nghi|Điều chỉnh tốc độ thông minh|Điều chỉnh tốc độ thông minh|Không||vf8_brochure|https://storage.googleapis.com/vinfast-data-01/brochure/VF8_Brochure_03022026.pdf|20|[31.1, 265.5, 809.9, 275.6]|p20_b02|0.98
VF 8|VF 8 PLUS||convenience|Tiện nghi|Điều chỉnh tốc độ thông minh|Điều chỉnh tốc độ thông minh|Có||vf8_brochure|https://storage.googleapis.com/vinfast-data-01/brochure/VF8_Brochure_03022026.pdf|20|[31.1, 265.5, 809.9, 275.6]|p20_b02|0.98
VF 8|VF 8 ECO||convenience|Tiện nghi|Nhận biết biển báo giao thông|Nhận biết biển báo giao thông|Không||vf8_brochure|https://storage.googleapis.com/vinfast-data-01/brochure/VF8_Brochure_03022026.pdf|20|[31.1, 275.6, 809.9, 285.7]|p20_b02|0.98
VF 8|VF 8 PLUS||convenience|Tiện nghi|Nhận biết biển báo giao thông|Nhận biết biển báo giao thông|Có||vf8_brochure|https://storage.googleapis.com/vinfast-data-01/brochure/VF8_Brochure_03022026.pdf|20|[31.1, 275.6, 809.9, 285.7]|p20_b02|0.98
VF 8|VF 8 ECO||adas|Hỗ trợ lái nâng cao (ADAS)|Cảnh báo va chạm phía trước|Cảnh báo va chạm phía trước|Không||vf8_brochure|https://storage.googleapis.com/vinfast-data-01/brochure/VF8_Brochure_03022026.pdf|20|[31.1, 296.4, 809.9, 307.2]|p20_b02|0.98
VF 8|VF 8 PLUS||adas|Hỗ trợ lái nâng cao (ADAS)|Cảnh báo va chạm phía trước|Cảnh báo va chạm phía trước|Có||vf8_brochure|https://storage.googleapis.com/vinfast-data-01/brochure/VF8_Brochure_03022026.pdf|20|[31.1, 296.4, 809.9, 307.2]|p20_b02|0.98
VF 8|VF 8 ECO||adas|Hỗ trợ lái nâng cao (ADAS)|Cảnh báo phương tiện cắt ngang phía sau|Cảnh báo phương tiện cắt ngang phía sau|Không||vf8_brochure|https://storage.googleapis.com/vinfast-data-01/brochure/VF8_Brochure_03022026.pdf|20|[31.1, 307.2, 809.9, 317.3]|p20_b02|0.98
VF 8|VF 8 PLUS||adas|Hỗ trợ lái nâng cao (ADAS)|Cảnh báo phương tiện cắt ngang phía sau|Cảnh báo phương tiện cắt ngang phía sau|Có||vf8_brochure|https://storage.googleapis.com/vinfast-data-01/brochure/VF8_Brochure_03022026.pdf|20|[31.1, 307.2, 809.9, 317.3]|p20_b02|0.98
VF 8|VF 8 ECO||adas|Hỗ trợ lái nâng cao (ADAS)|Cảnh báo điểm mù|Cảnh báo điểm mù (BSD)|Có||vf8_brochure|https://storage.googleapis.com/vinfast-data-01/brochure/VF8_Brochure_03022026.pdf|20|[31.1, 317.3, 809.9, 328.0]|p20_b02|0.98
VF 8|VF 8 PLUS||adas|Hỗ trợ lái nâng cao (ADAS)|Cảnh báo điểm mù|Cảnh báo điểm mù (BSD)|Có||vf8_brochure|https://storage.googleapis.com/vinfast-data-01/brochure/VF8_Brochure_03022026.pdf|20|[31.1, 317.3, 809.9, 328.0]|p20_b02|0.98
VF 8|VF 8 ECO||adas|Hỗ trợ lái nâng cao (ADAS)|Cảnh báo mở cửa|Cảnh báo mở cửa|Không||vf8_brochure|https://storage.googleapis.com/vinfast-data-01/brochure/VF8_Brochure_03022026.pdf|20|[31.1, 328.0, 809.9, 338.1]|p20_b02|0.98
VF 8|VF 8 PLUS||adas|Hỗ trợ lái nâng cao (ADAS)|Cảnh báo mở cửa|Cảnh báo mở cửa|Có||vf8_brochure|https://storage.googleapis.com/vinfast-data-01/brochure/VF8_Brochure_03022026.pdf|20|[31.1, 328.0, 809.9, 338.1]|p20_b02|0.98
VF 8|VF 8 ECO||adas|Hỗ trợ lái nâng cao (ADAS)|Phanh tự động khẩn cấp phía trước|Phanh tự động khẩn cấp (AEB)|Không||vf8_brochure|https://storage.googleapis.com/vinfast-data-01/brochure/VF8_Brochure_03022026.pdf|20|[31.1, 348.8, 809.9, 359.0]|p20_b02|0.98
VF 8|VF 8 PLUS||adas|Hỗ trợ lái nâng cao (ADAS)|Phanh tự động khẩn cấp phía trước|Phanh tự động khẩn cấp (AEB)|Có||vf8_brochure|https://storage.googleapis.com/vinfast-data-01/brochure/VF8_Brochure_03022026.pdf|20|[31.1, 348.8, 809.9, 359.0]|p20_b02|0.98
VF 8|VF 8 ECO||adas|Hỗ trợ lái nâng cao (ADAS)|Hỗ trợ giữ làn khẩn cấp|Hỗ trợ giữ làn đường (LKA)|Không||vf8_brochure|https://storage.googleapis.com/vinfast-data-01/brochure/VF8_Brochure_03022026.pdf|20|[31.1, 359.0, 809.9, 369.7]|p20_b02|0.98
VF 8|VF 8 PLUS||adas|Hỗ trợ lái nâng cao (ADAS)|Hỗ trợ giữ làn khẩn cấp|Hỗ trợ giữ làn đường (LKA)|Có||vf8_brochure|https://storage.googleapis.com/vinfast-data-01/brochure/VF8_Brochure_03022026.pdf|20|[31.1, 359.0, 809.9, 369.7]|p20_b02|0.98
VF 8|VF 8 ECO||exterior|Ngoại thất|Đèn pha tự động/Đèn pha thích ứng|Đèn pha|Không||vf8_brochure|https://storage.googleapis.com/vinfast-data-01/brochure/VF8_Brochure_03022026.pdf|20|[31.1, 379.8, 809.9, 389.9]|p20_b02|0.98
VF 8|VF 8 PLUS||exterior|Ngoại thất|Đèn pha tự động/Đèn pha thích ứng|Đèn pha|Có||vf8_brochure|https://storage.googleapis.com/vinfast-data-01/brochure/VF8_Brochure_03022026.pdf|20|[31.1, 379.8, 809.9, 389.9]|p20_b02|0.98
VF 8|VF 8 ECO||convenience|Tiện nghi|Hệ thống giám sát lái xe|Hệ thống giám sát lái xe|Không||vf8_brochure|https://storage.googleapis.com/vinfast-data-01/brochure/VF8_Brochure_03022026.pdf|20|[31.1, 389.9, 809.9, 400.0]|p20_b02|0.98
VF 8|VF 8 PLUS||convenience|Tiện nghi|Hệ thống giám sát lái xe|Hệ thống giám sát lái xe|Có||vf8_brochure|https://storage.googleapis.com/vinfast-data-01/brochure/VF8_Brochure_03022026.pdf|20|[31.1, 389.9, 809.9, 400.0]|p20_b02|0.98
VF 8|VF 8 ECO||safety|An toàn|Hệ thống camera 360 độ giám sát xung quanh|Camera 360 độ|Có||vf8_brochure|https://storage.googleapis.com/vinfast-data-01/brochure/VF8_Brochure_03022026.pdf|20|[31.1, 400.0, 809.9, 410.7]|p20_b02|0.98
VF 8|VF 8 PLUS||safety|An toàn|Hệ thống camera 360 độ giám sát xung quanh|Camera 360 độ|Có||vf8_brochure|https://storage.googleapis.com/vinfast-data-01/brochure/VF8_Brochure_03022026.pdf|20|[31.1, 400.0, 809.9, 410.7]|p20_b02|0.98
VF 8|VF 8 ECO||infotainment|Giải trí & kết nối|Chế độ xe cơ bản: Cắm trại, Người lái, Thú cưng, Rửa Xe|Chế độ xe cơ bản: Cắm trại, Người lái, Thú cưng, Rửa Xe|Có||vf8_brochure|https://storage.googleapis.com/vinfast-data-01/brochure/VF8_Brochure_03022026.pdf|20|[31.1, 431.6, 809.9, 442.3]|p20_b02|0.98
VF 8|VF 8 PLUS||infotainment|Giải trí & kết nối|Chế độ xe cơ bản: Cắm trại, Người lái, Thú cưng, Rửa Xe|Chế độ xe cơ bản: Cắm trại, Người lái, Thú cưng, Rửa Xe|Có||vf8_brochure|https://storage.googleapis.com/vinfast-data-01/brochure/VF8_Brochure_03022026.pdf|20|[31.1, 431.6, 809.9, 442.3]|p20_b02|0.98
VF 8|VF 8 ECO||infotainment|Giải trí & kết nối|Giải trí cơ bản (Đài FM, Bluetooth, USB)|Giải trí cơ bản (Đài FM, Bluetooth, USB)|Có||vf8_brochure|https://storage.googleapis.com/vinfast-data-01/brochure/VF8_Brochure_03022026.pdf|20|[31.1, 442.3, 809.9, 453.0]|p20_b02|0.98
VF 8|VF 8 PLUS||infotainment|Giải trí & kết nối|Giải trí cơ bản (Đài FM, Bluetooth, USB)|Giải trí cơ bản (Đài FM, Bluetooth, USB)|Có||vf8_brochure|https://storage.googleapis.com/vinfast-data-01/brochure/VF8_Brochure_03022026.pdf|20|[31.1, 442.3, 809.9, 453.0]|p20_b02|0.98
VF 8|VF 8 ECO||infotainment|Giải trí & kết nối|Giải trí trực tuyến: games, ứng dụng giải trí, nghe nhạc.|Giải trí trực tuyến: games, ứng dụng giải trí, nghe nhạc.|Có||vf8_brochure|https://storage.googleapis.com/vinfast-data-01/brochure/VF8_Brochure_03022026.pdf|20|[31.1, 453.0, 809.9, 463.7]|p20_b02|0.98
VF 8|VF 8 PLUS||infotainment|Giải trí & kết nối|Giải trí trực tuyến: games, ứng dụng giải trí, nghe nhạc.|Giải trí trực tuyến: games, ứng dụng giải trí, nghe nhạc.|Có||vf8_brochure|https://storage.googleapis.com/vinfast-data-01/brochure/VF8_Brochure_03022026.pdf|20|[31.1, 453.0, 809.9, 463.7]|p20_b02|0.98
VF 8|VF 8 ECO||infotainment|Giải trí & kết nối|Kết nối với Android Auto và Apple Carplay|Kết nối (Bluetooth/Wifi/USB)|Có||vf8_brochure|https://storage.googleapis.com/vinfast-data-01/brochure/VF8_Brochure_03022026.pdf|20|[31.1, 463.7, 809.9, 473.8]|p20_b02|0.98
VF 8|VF 8 PLUS||infotainment|Giải trí & kết nối|Kết nối với Android Auto và Apple Carplay|Kết nối (Bluetooth/Wifi/USB)|Có||vf8_brochure|https://storage.googleapis.com/vinfast-data-01/brochure/VF8_Brochure_03022026.pdf|20|[31.1, 463.7, 809.9, 473.8]|p20_b02|0.98
VF 8|VF 8 ECO||infotainment|Giải trí & kết nối|Bản đồ cơ bản (Tìm địa điểm, Dẫn đường, tình trạng giao thông, hình vệ tinh)|Bản đồ cơ bản (Tìm địa điểm, Dẫn đường, tình trạng giao thông, hình vệ tinh)|Có||vf8_brochure|https://storage.googleapis.com/vinfast-data-01/brochure/VF8_Brochure_03022026.pdf|20|[31.1, 473.8, 809.9, 484.6]|p20_b02|0.98
VF 8|VF 8 PLUS||infotainment|Giải trí & kết nối|Bản đồ cơ bản (Tìm địa điểm, Dẫn đường, tình trạng giao thông, hình vệ tinh)|Bản đồ cơ bản (Tìm địa điểm, Dẫn đường, tình trạng giao thông, hình vệ tinh)|Có||vf8_brochure|https://storage.googleapis.com/vinfast-data-01/brochure/VF8_Brochure_03022026.pdf|20|[31.1, 473.8, 809.9, 484.6]|p20_b02|0.98
VF 8|VF 8 ECO||infotainment|Giải trí & kết nối|Dẫn đường nâng cao cho xe điện (Tìm trạm sạc, gợi ý đường tối ưu để sạc)|Dẫn đường nâng cao cho xe điện (Tìm trạm sạc, gợi ý đường tối ưu để sạc)|Có||vf8_brochure|https://storage.googleapis.com/vinfast-data-01/brochure/VF8_Brochure_03022026.pdf|20|[31.1, 484.6, 809.9, 494.7]|p20_b02|0.98
VF 8|VF 8 PLUS||infotainment|Giải trí & kết nối|Dẫn đường nâng cao cho xe điện (Tìm trạm sạc, gợi ý đường tối ưu để sạc)|Dẫn đường nâng cao cho xe điện (Tìm trạm sạc, gợi ý đường tối ưu để sạc)|Có||vf8_brochure|https://storage.googleapis.com/vinfast-data-01/brochure/VF8_Brochure_03022026.pdf|20|[31.1, 484.6, 809.9, 494.7]|p20_b02|0.98
VF 8|VF 8 ECO||infotainment|Giải trí & kết nối|Khung tiện ích cơ bản: Lịch dương, thời tiết, media, bản đồ|Khung tiện ích cơ bản: Lịch dương, thời tiết, media, bản đồ|Có||vf8_brochure|https://storage.googleapis.com/vinfast-data-01/brochure/VF8_Brochure_03022026.pdf|20|[31.1, 494.7, 809.9, 505.4]|p20_b02|0.98
VF 8|VF 8 PLUS||infotainment|Giải trí & kết nối|Khung tiện ích cơ bản: Lịch dương, thời tiết, media, bản đồ|Khung tiện ích cơ bản: Lịch dương, thời tiết, media, bản đồ|Có||vf8_brochure|https://storage.googleapis.com/vinfast-data-01/brochure/VF8_Brochure_03022026.pdf|20|[31.1, 494.7, 809.9, 505.4]|p20_b02|0.98
VF 8|VF 8 ECO||infotainment|Giải trí & kết nối|Trình duyệt web|Trình duyệt web|Có||vf8_brochure|https://storage.googleapis.com/vinfast-data-01/brochure/VF8_Brochure_03022026.pdf|20|[31.1, 505.4, 809.9, 515.5]|p20_b02|0.98
VF 8|VF 8 PLUS||infotainment|Giải trí & kết nối|Trình duyệt web|Trình duyệt web|Có||vf8_brochure|https://storage.googleapis.com/vinfast-data-01/brochure/VF8_Brochure_03022026.pdf|20|[31.1, 505.4, 809.9, 515.5]|p20_b02|0.98
VF 8|VF 8 ECO||infotainment|Giải trí & kết nối|Tư vấn tình trạng xe và hỗ trợ xử lý sự cố|Tư vấn tình trạng xe và hỗ trợ xử lý sự cố|Có||vf8_brochure|https://storage.googleapis.com/vinfast-data-01/brochure/VF8_Brochure_03022026.pdf|20|[31.1, 526.2, 809.9, 536.9]|p20_b02|0.98
VF 8|VF 8 PLUS||infotainment|Giải trí & kết nối|Tư vấn tình trạng xe và hỗ trợ xử lý sự cố|Tư vấn tình trạng xe và hỗ trợ xử lý sự cố|Có||vf8_brochure|https://storage.googleapis.com/vinfast-data-01/brochure/VF8_Brochure_03022026.pdf|20|[31.1, 526.2, 809.9, 536.9]|p20_b02|0.98
VF 8|VF 8 ECO||infotainment|Giải trí & kết nối|Hỗ trợ điều khiển các chức năng xe cơ bản|Hỗ trợ điều khiển các chức năng xe cơ bản|Có||vf8_brochure|https://storage.googleapis.com/vinfast-data-01/brochure/VF8_Brochure_03022026.pdf|20|[31.1, 536.9, 809.9, 547.1]|p20_b02|0.98
VF 8|VF 8 PLUS||infotainment|Giải trí & kết nối|Hỗ trợ điều khiển các chức năng xe cơ bản|Hỗ trợ điều khiển các chức năng xe cơ bản|Có||vf8_brochure|https://storage.googleapis.com/vinfast-data-01/brochure/VF8_Brochure_03022026.pdf|20|[31.1, 536.9, 809.9, 547.1]|p20_b02|0.98
VF 8|VF 8 ECO||infotainment|Giải trí & kết nối|Hỏi đáp và tìm kiếm thông tin cơ bản|Hỏi đáp và tìm kiếm thông tin cơ bản|Có||vf8_brochure|https://storage.googleapis.com/vinfast-data-01/brochure/VF8_Brochure_03022026.pdf|20|[31.1, 547.1, 809.9, 557.8]|p20_b02|0.98
VF 8|VF 8 PLUS||infotainment|Giải trí & kết nối|Hỏi đáp và tìm kiếm thông tin cơ bản|Hỏi đáp và tìm kiếm thông tin cơ bản|Có||vf8_brochure|https://storage.googleapis.com/vinfast-data-01/brochure/VF8_Brochure_03022026.pdf|20|[31.1, 547.1, 809.9, 557.8]|p20_b02|0.98
VF 8|VF 8 ECO||infotainment|Giải trí & kết nối|Hỗ trợ điều hướng dẫn đường cơ bản|Hỗ trợ điều hướng dẫn đường cơ bản|Có||vf8_brochure|https://storage.googleapis.com/vinfast-data-01/brochure/VF8_Brochure_03022026.pdf|20|[31.1, 557.8, 809.9, 567.9]|p20_b02|0.98
VF 8|VF 8 PLUS||infotainment|Giải trí & kết nối|Hỗ trợ điều hướng dẫn đường cơ bản|Hỗ trợ điều hướng dẫn đường cơ bản|Có||vf8_brochure|https://storage.googleapis.com/vinfast-data-01/brochure/VF8_Brochure_03022026.pdf|20|[31.1, 557.8, 809.9, 567.9]|p20_b02|0.98
VF 8|VF 8 ECO||infotainment|Giải trí & kết nối|Chào hỏi, thực hiện lệnh theo kịch bản tạo sẵn cơ bản|Chào hỏi, thực hiện lệnh theo kịch bản tạo sẵn cơ bản|Có||vf8_brochure|https://storage.googleapis.com/vinfast-data-01/brochure/VF8_Brochure_03022026.pdf|20|[31.1, 567.9, 809.9, 576.8]|p20_b02|0.98
VF 8|VF 8 PLUS||infotainment|Giải trí & kết nối|Chào hỏi, thực hiện lệnh theo kịch bản tạo sẵn cơ bản|Chào hỏi, thực hiện lệnh theo kịch bản tạo sẵn cơ bản|Có||vf8_brochure|https://storage.googleapis.com/vinfast-data-01/brochure/VF8_Brochure_03022026.pdf|20|[31.1, 567.9, 809.9, 576.8]|p20_b02|0.98
VF 8|Eco||connected|Kết nối thông minh|Đồng bộ tài khoản, ứng dụng, phân quyền tài xế|Đồng bộ tài khoản, ứng dụng, phân quyền tài xế|Có||vf8_brochure|https://storage.googleapis.com/vinfast-data-01/brochure/VF8_Brochure_03022026.pdf|21|[30.3, 98.8, 809.9, 108.9]|p21_b02|0.98
VF 8|Plus||connected|Kết nối thông minh|Đồng bộ tài khoản, ứng dụng, phân quyền tài xế|Đồng bộ tài khoản, ứng dụng, phân quyền tài xế|Có||vf8_brochure|https://storage.googleapis.com/vinfast-data-01/brochure/VF8_Brochure_03022026.pdf|21|[30.3, 98.8, 809.9, 108.9]|p21_b02|0.98
VF 8|Eco||connected|Kết nối thông minh|Thông báo trạng thái cơ bản trên xe (trạng thái, hiệu suất vận hành, thông tin pin, sạc, vv)|Thông báo trạng thái cơ bản trên xe (trạng thái, hiệu suất vận hành, thông tin pin, sạc, vv)|Có||vf8_brochure|https://storage.googleapis.com/vinfast-data-01/brochure/VF8_Brochure_03022026.pdf|21|[30.3, 109.5, 809.9, 119.7]|p21_b02|0.98
VF 8|Plus||connected|Kết nối thông minh|Thông báo trạng thái cơ bản trên xe (trạng thái, hiệu suất vận hành, thông tin pin, sạc, vv)|Thông báo trạng thái cơ bản trên xe (trạng thái, hiệu suất vận hành, thông tin pin, sạc, vv)|Có||vf8_brochure|https://storage.googleapis.com/vinfast-data-01/brochure/VF8_Brochure_03022026.pdf|21|[30.3, 109.5, 809.9, 119.7]|p21_b02|0.98
VF 8|Eco||connected|Kết nối thông minh|Quản lý sạc & thanh toán phí sạc|Thanh toán phí sạc qua app|Có||vf8_brochure|https://storage.googleapis.com/vinfast-data-01/brochure/VF8_Brochure_03022026.pdf|21|[30.3, 119.7, 809.9, 129.8]|p21_b02|0.98
VF 8|Plus||connected|Kết nối thông minh|Quản lý sạc & thanh toán phí sạc|Thanh toán phí sạc qua app|Có||vf8_brochure|https://storage.googleapis.com/vinfast-data-01/brochure/VF8_Brochure_03022026.pdf|21|[30.3, 119.7, 809.9, 129.8]|p21_b02|0.98
VF 8|Eco||connected|Kết nối thông minh|Bản đồ trạm sạc|Bản đồ trạm sạc|Có||vf8_brochure|https://storage.googleapis.com/vinfast-data-01/brochure/VF8_Brochure_03022026.pdf|21|[30.3, 130.4, 809.9, 139.9]|p21_b02|0.98
VF 8|Plus||connected|Kết nối thông minh|Bản đồ trạm sạc|Bản đồ trạm sạc|Có||vf8_brochure|https://storage.googleapis.com/vinfast-data-01/brochure/VF8_Brochure_03022026.pdf|21|[30.3, 130.4, 809.9, 139.9]|p21_b02|0.98
VF 8|Eco||connected|Kết nối thông minh|Dịch vụ hậu mãi: đặt lịch sửa chữa, lái thử|Dịch vụ hậu mãi: đặt lịch sửa chữa, lái thử|Có||vf8_brochure|https://storage.googleapis.com/vinfast-data-01/brochure/VF8_Brochure_03022026.pdf|21|[30.3, 140.5, 809.9, 150.6]|p21_b02|0.98
VF 8|Plus||connected|Kết nối thông minh|Dịch vụ hậu mãi: đặt lịch sửa chữa, lái thử|Dịch vụ hậu mãi: đặt lịch sửa chữa, lái thử|Có||vf8_brochure|https://storage.googleapis.com/vinfast-data-01/brochure/VF8_Brochure_03022026.pdf|21|[30.3, 140.5, 809.9, 150.6]|p21_b02|0.98
VF 8|Eco||connected|Kết nối thông minh|Mua bán phụ kiện|Mua bán phụ kiện|Có||vf8_brochure|https://storage.googleapis.com/vinfast-data-01/brochure/VF8_Brochure_03022026.pdf|21|[30.3, 150.6, 809.9, 160.7]|p21_b02|0.98
VF 8|Plus||connected|Kết nối thông minh|Mua bán phụ kiện|Mua bán phụ kiện|Có||vf8_brochure|https://storage.googleapis.com/vinfast-data-01/brochure/VF8_Brochure_03022026.pdf|21|[30.3, 150.6, 809.9, 160.7]|p21_b02|0.98
VF 8|Eco||connected|Kết nối thông minh|Cập nhật phần mềm từ xa|Cập nhật phần mềm từ xa (OTA)|Có||vf8_brochure|https://storage.googleapis.com/vinfast-data-01/brochure/VF8_Brochure_03022026.pdf|21|[30.3, 161.3, 809.9, 171.4]|p21_b02|0.98
VF 8|Plus||connected|Kết nối thông minh|Cập nhật phần mềm từ xa|Cập nhật phần mềm từ xa (OTA)|Có||vf8_brochure|https://storage.googleapis.com/vinfast-data-01/brochure/VF8_Brochure_03022026.pdf|21|[30.3, 161.3, 809.9, 171.4]|p21_b02|0.98
VF 8|||battery|Pin & sạc|Bảo hành xe|Bảo hành xe|10|năm|vf8_brochure|https://storage.googleapis.com/vinfast-data-01/brochure/VF8_Brochure_03022026.pdf|22|[54.7, 143.5, 189.5, 188.2]|p22_b02|0.98
VF 8|||battery|Pin & sạc|Thời hạn bảo hành xe|Thời hạn bảo hành xe|200.000|km|vf8_brochure|https://storage.googleapis.com/vinfast-data-01/brochure/VF8_Brochure_03022026.pdf|22|[54.7, 159.0, 189.5, 188.2]|p22_b02|0.98
VF 8|||battery|Pin & sạc|Điều kiện áp dụng bảo hành xe|Điều kiện áp dụng bảo hành xe|Tùy điều kiện nào đến trước||vf8_brochure|https://storage.googleapis.com/vinfast-data-01/brochure/VF8_Brochure_03022026.pdf|22|[74.1, 175.1, 183.6, 185.2]|p22_b02|0.98
VF 8|||warranty|Warranty|Bảo hành pin|Thời gian bảo hành pin|10|năm|vf8_brochure|https://storage.googleapis.com/vinfast-data-01/brochure/VF8_Brochure_03022026.pdf|22|[54.7, 202.5, 189.5, 228.1]|p22_b02|0.98
VF 8|||warranty|Warranty|Thời hạn bảo hành pin|Thời gian bảo hành pin|200.000|km|vf8_brochure|https://storage.googleapis.com/vinfast-data-01/brochure/VF8_Brochure_03022026.pdf|22|[54.7, 212.6, 189.5, 228.1]|p22_b02|0.98
VF 8|||warranty|Warranty|Điều kiện áp dụng bảo hành pin|Thời gian bảo hành pin|Tùy điều kiện nào đến trước||vf8_brochure|https://storage.googleapis.com/vinfast-data-01/brochure/VF8_Brochure_03022026.pdf|22|[74.1, 227.5, 185.3, 237.0]|p22_b02|0.98
VF 8|||convenience|Tiện nghi|Cứu hộ|Cứu hộ|24/7||vf8_brochure|https://storage.googleapis.com/vinfast-data-01/brochure/VF8_Brochure_03022026.pdf|22|[241.7, 145.3, 363.9, 178.1]|p22_b02|0.98
VF 8|||convenience|Tiện nghi|Thời gian cung cấp dịch vụ cứu hộ|Thời gian cung cấp dịch vụ cứu hộ|Suốt thời gian bảo hành||vf8_brochure|https://storage.googleapis.com/vinfast-data-01/brochure/VF8_Brochure_03022026.pdf|22|[241.7, 145.3, 363.9, 178.1]|p22_b02|0.98
VF 8|||battery|Pin & sạc|Mạng lưới cổng sạc|Mạng lưới cổng sạc|150.000|cổng sạc|vf8_brochure|https://storage.googleapis.com/vinfast-data-01/brochure/VF8_Brochure_03022026.pdf|22|[241.7, 201.9, 363.9, 223.9]|p22_b02|0.98
VF 8|||battery|Pin & sạc|Phạm vi phủ rộng|Phạm vi phủ rộng|34/34|tỉnh thành|vf8_brochure|https://storage.googleapis.com/vinfast-data-01/brochure/VF8_Brochure_03022026.pdf|22|[241.7, 211.4, 363.9, 225.1]|p22_b02|0.98
VF 9|||dimension|Kích thước & trọng lượng|Chiều rộng|Chiều rộng|2254|mm|vf9_brochure|https://storage.googleapis.com/vinfast-data-01/brochure/VF%209_%20Brochure.pdf|6|[105.2, 107.1, 206.3, 226.2]|p06_b02|0.98
VF 9|||dimension|Kích thước & trọng lượng|wheelbase_mm|wheelbase_mm|3149|mm|vf9_brochure|https://storage.googleapis.com/vinfast-data-01/brochure/VF%209_%20Brochure.pdf|6|[261.0, 357.2, 404.1, 419.7]|p06_b02|0.98
VF 9|||dimension|Kích thước & trọng lượng|Chiều dài|Chiều dài|5119|mm|vf9_brochure|https://storage.googleapis.com/vinfast-data-01/brochure/VF%209_%20Brochure.pdf|6|[235.7, 395.9, 366.2, 461.3]|p06_b02|0.98
VF 9|||dimension|Kích thước & trọng lượng|Chiều cao|Chiều cao|1697|mm|vf9_brochure|https://storage.googleapis.com/vinfast-data-01/brochure/VF%209_%20Brochure.pdf|6|[719.8, 253.0, 774.5, 381.0]|p06_b02|0.98
VF 9|||battery|Pin & sạc|range_km|range_km|626|km|vf9_brochure|https://storage.googleapis.com/vinfast-data-01/brochure/VF%209_%20Brochure.pdf|7|[595.2, 167.3, 770.3, 332.2]|p07_b02|0.98
VF 9|||powertrain|Hệ thống truyền động|power_kw|power_kw|402|hp|vf9_brochure|https://storage.googleapis.com/vinfast-data-01/brochure/VF%209_%20Brochure.pdf|7|[90.1, 445.3, 319.9, 528.0]|p07_b02|0.98
VF 9|||powertrain|Hệ thống truyền động|torque_nm|torque_nm|620|Nm|vf9_brochure|https://storage.googleapis.com/vinfast-data-01/brochure/VF%209_%20Brochure.pdf|7|[343.5, 445.3, 538.0, 528.0]|p07_b02|0.98
VF 9|||powertrain|Hệ thống truyền động|drivetrain|drivetrain|HAI CẦU toàn thời gian (AWD)||vf9_brochure|https://storage.googleapis.com/vinfast-data-01/brochure/VF%209_%20Brochure.pdf|7|[537.1, 445.3, 750.1, 528.0]|p07_b02|0.98
VF 9|VF 9 ECO||dimension|Kích thước & trọng lượng|wheelbase_mm|wheelbase_mm|3149|mm|vf9_brochure|https://storage.googleapis.com/vinfast-data-01/brochure/VF%209_%20Brochure.pdf|14|[108.6, 45.2, 804.8, 58.3]|p14_b02|0.98
VF 9|VF 9 PLUS||dimension|Kích thước & trọng lượng|wheelbase_mm|wheelbase_mm|3149|mm|vf9_brochure|https://storage.googleapis.com/vinfast-data-01/brochure/VF%209_%20Brochure.pdf|14|[108.6, 45.2, 804.8, 58.3]|p14_b02|0.98
VF 9|VF 9 ECO||dimension|Kích thước & trọng lượng|length_mm|length_mm|5119|mm|vf9_brochure|https://storage.googleapis.com/vinfast-data-01/brochure/VF%209_%20Brochure.pdf|14|[108.6, 58.9, 804.8, 72.6]|p14_b02|0.98
VF 9|VF 9 ECO||dimension|Kích thước & trọng lượng|width_mm|width_mm|2254|mm|vf9_brochure|https://storage.googleapis.com/vinfast-data-01/brochure/VF%209_%20Brochure.pdf|14|[108.6, 58.9, 804.8, 72.6]|p14_b02|0.98
VF 9|VF 9 ECO||dimension|Kích thước & trọng lượng|height_mm|height_mm|1697|mm|vf9_brochure|https://storage.googleapis.com/vinfast-data-01/brochure/VF%209_%20Brochure.pdf|14|[108.6, 58.9, 804.8, 72.6]|p14_b02|0.98
VF 9|VF 9 PLUS||dimension|Kích thước & trọng lượng|length_mm|length_mm|5119|mm|vf9_brochure|https://storage.googleapis.com/vinfast-data-01/brochure/VF%209_%20Brochure.pdf|14|[108.6, 58.9, 804.8, 72.6]|p14_b02|0.98
VF 9|VF 9 PLUS||dimension|Kích thước & trọng lượng|width_mm|width_mm|2254|mm|vf9_brochure|https://storage.googleapis.com/vinfast-data-01/brochure/VF%209_%20Brochure.pdf|14|[108.6, 58.9, 804.8, 72.6]|p14_b02|0.98
VF 9|VF 9 PLUS||dimension|Kích thước & trọng lượng|height_mm|height_mm|1697|mm|vf9_brochure|https://storage.googleapis.com/vinfast-data-01/brochure/VF%209_%20Brochure.pdf|14|[108.6, 58.9, 804.8, 72.6]|p14_b02|0.98
VF 9|VF 9 ECO||dimension|Kích thước & trọng lượng|ground_clearance_mm|ground_clearance_mm|174|mm|vf9_brochure|https://storage.googleapis.com/vinfast-data-01/brochure/VF%209_%20Brochure.pdf|14|[108.6, 73.2, 804.8, 86.3]|p14_b02|0.98
VF 9|VF 9 PLUS||dimension|Kích thước & trọng lượng|ground_clearance_mm|ground_clearance_mm|184|mm|vf9_brochure|https://storage.googleapis.com/vinfast-data-01/brochure/VF%209_%20Brochure.pdf|14|[108.6, 73.2, 804.8, 86.3]|p14_b02|0.98
VF 9|VF 9 ECO||dimension|Kích thước & trọng lượng|Dung tích khoang chứa hành lý - Có hàng ghế cuối|Dung tích khoang chứa hành lý - Có hàng ghế cuối|212|L|vf9_brochure|https://storage.googleapis.com/vinfast-data-01/brochure/VF%209_%20Brochure.pdf|14|[108.6, 86.9, 804.8, 100.6]|p14_b02|0.98
VF 9|VF 9 PLUS||dimension|Kích thước & trọng lượng|Dung tích khoang chứa hành lý - Có hàng ghế cuối|Dung tích khoang chứa hành lý - Có hàng ghế cuối|212|L|vf9_brochure|https://storage.googleapis.com/vinfast-data-01/brochure/VF%209_%20Brochure.pdf|14|[108.6, 86.9, 804.8, 100.6]|p14_b02|0.98
VF 9|VF 9 ECO||dimension|Kích thước & trọng lượng|Dung tích khoang chứa hành lý - Gập hàng ghế cuối|Dung tích khoang chứa hành lý - Gập hàng ghế cuối|926|L|vf9_brochure|https://storage.googleapis.com/vinfast-data-01/brochure/VF%209_%20Brochure.pdf|14|[108.6, 101.2, 804.8, 114.3]|p14_b02|0.98
VF 9|VF 9 PLUS||dimension|Kích thước & trọng lượng|Dung tích khoang chứa hành lý - Gập hàng ghế cuối|Dung tích khoang chứa hành lý - Gập hàng ghế cuối|926|L|vf9_brochure|https://storage.googleapis.com/vinfast-data-01/brochure/VF%209_%20Brochure.pdf|14|[108.6, 101.2, 804.8, 114.3]|p14_b02|0.98
VF 9|VF 9 ECO||dimension|Kích thước & trọng lượng|Dung tích khoang chứa hành lý - Phía trước|Dung tích khoang chứa hành lý - Phía trước|100|L|vf9_brochure|https://storage.googleapis.com/vinfast-data-01/brochure/VF%209_%20Brochure.pdf|14|[108.6, 114.9, 804.8, 128.6]|p14_b02|0.98
VF 9|VF 9 PLUS||dimension|Kích thước & trọng lượng|Dung tích khoang chứa hành lý - Phía trước|Dung tích khoang chứa hành lý - Phía trước|100|L|vf9_brochure|https://storage.googleapis.com/vinfast-data-01/brochure/VF%209_%20Brochure.pdf|14|[108.6, 114.9, 804.8, 128.6]|p14_b02|0.98
VF 9|VF 9 ECO||dimension|Kích thước & trọng lượng|Trọng lượng không tải|Trọng lượng không tải|2.911|kg|vf9_brochure|https://storage.googleapis.com/vinfast-data-01/brochure/VF%209_%20Brochure.pdf|14|[108.6, 142.9, 804.8, 156.6]|p14_b02|0.98
VF 9|VF 9 PLUS||dimension|Kích thước & trọng lượng|Trọng lượng không tải|Trọng lượng không tải|"7 chỗ: 2.968 | 6 chỗ: 2.932"|kg|vf9_brochure|https://storage.googleapis.com/vinfast-data-01/brochure/VF%209_%20Brochure.pdf|14|[108.6, 142.9, 804.8, 156.6]|p14_b02|0.98
VF 9|VF 9 ECO||dimension|Kích thước & trọng lượng|Tải trọng|Tải trọng|550|kg|vf9_brochure|https://storage.googleapis.com/vinfast-data-01/brochure/VF%209_%20Brochure.pdf|14|[108.6, 157.2, 804.8, 170.8]|p14_b02|0.98
VF 9|VF 9 PLUS||dimension|Kích thước & trọng lượng|Tải trọng|Tải trọng|"7 chỗ: 550 | 6 chỗ: 475"|kg|vf9_brochure|https://storage.googleapis.com/vinfast-data-01/brochure/VF%209_%20Brochure.pdf|14|[108.6, 157.2, 804.8, 170.8]|p14_b02|0.98
VF 9|VF 9 ECO||dimension|Kích thước & trọng lượng|Tải trọng hành lý nóc xe|Tải trọng hành lý nóc xe|75|kg|vf9_brochure|https://storage.googleapis.com/vinfast-data-01/brochure/VF%209_%20Brochure.pdf|14|[108.6, 170.8, 804.8, 184.5]|p14_b02|0.98
VF 9|VF 9 PLUS||dimension|Kích thước & trọng lượng|Tải trọng hành lý nóc xe|Tải trọng hành lý nóc xe|75|kg|vf9_brochure|https://storage.googleapis.com/vinfast-data-01/brochure/VF%209_%20Brochure.pdf|14|[108.6, 170.8, 804.8, 184.5]|p14_b02|0.98
VF 9|VF 9 ECO||powertrain|Hệ thống truyền động|Động cơ|Loại động cơ|2 motor 150|kW|vf9_brochure|https://storage.googleapis.com/vinfast-data-01/brochure/VF%209_%20Brochure.pdf|14|[108.6, 211.9, 804.8, 225.6]|p14_b02|0.98
VF 9|VF 9 PLUS||powertrain|Hệ thống truyền động|Động cơ|Loại động cơ|2 motor 150|kW|vf9_brochure|https://storage.googleapis.com/vinfast-data-01/brochure/VF%209_%20Brochure.pdf|14|[108.6, 211.9, 804.8, 225.6]|p14_b02|0.98
VF 9|VF 9 ECO||powertrain|Hệ thống truyền động|power_kw|power_kw|402|hp/kW|vf9_brochure|https://storage.googleapis.com/vinfast-data-01/brochure/VF%209_%20Brochure.pdf|14|[108.6, 226.2, 804.8, 239.9]|p14_b02|0.98
VF 9|VF 9 PLUS||powertrain|Hệ thống truyền động|power_kw|power_kw|402|hp/kW|vf9_brochure|https://storage.googleapis.com/vinfast-data-01/brochure/VF%209_%20Brochure.pdf|14|[108.6, 226.2, 804.8, 239.9]|p14_b02|0.98
VF 9|VF 9 ECO||powertrain|Hệ thống truyền động|torque_nm|torque_nm|620|Nm|vf9_brochure|https://storage.googleapis.com/vinfast-data-01/brochure/VF%209_%20Brochure.pdf|14|[108.6, 240.5, 804.8, 254.2]|p14_b02|0.98
VF 9|VF 9 PLUS||powertrain|Hệ thống truyền động|torque_nm|torque_nm|620|Nm|vf9_brochure|https://storage.googleapis.com/vinfast-data-01/brochure/VF%209_%20Brochure.pdf|14|[108.6, 240.5, 804.8, 254.2]|p14_b02|0.98
VF 9|VF 9 ECO||powertrain|Hệ thống truyền động|top_speed_kmh|top_speed_kmh|200|km/h|vf9_brochure|https://storage.googleapis.com/vinfast-data-01/brochure/VF%209_%20Brochure.pdf|14|[108.6, 254.8, 804.8, 268.5]|p14_b02|0.98
VF 9|VF 9 PLUS||powertrain|Hệ thống truyền động|top_speed_kmh|top_speed_kmh|200|km/h|vf9_brochure|https://storage.googleapis.com/vinfast-data-01/brochure/VF%209_%20Brochure.pdf|14|[108.6, 254.8, 804.8, 268.5]|p14_b02|0.98
VF 9|VF 9 ECO||battery|Pin & sạc|battery_type|battery_type|CATL||vf9_brochure|https://storage.googleapis.com/vinfast-data-01/brochure/VF%209_%20Brochure.pdf|14|[108.6, 282.8, 804.8, 296.4]|p14_b02|0.98
VF 9|VF 9 PLUS||battery|Pin & sạc|battery_type|battery_type|CATL||vf9_brochure|https://storage.googleapis.com/vinfast-data-01/brochure/VF%209_%20Brochure.pdf|14|[108.6, 282.8, 804.8, 296.4]|p14_b02|0.98
VF 9|VF 9 ECO||battery|Pin & sạc|battery_kwh|battery_kwh|123|kWh|vf9_brochure|https://storage.googleapis.com/vinfast-data-01/brochure/VF%209_%20Brochure.pdf|14|[108.6, 297.0, 804.8, 310.7]|p14_b02|0.98
VF 9|VF 9 PLUS||battery|Pin & sạc|battery_kwh|battery_kwh|123|kWh|vf9_brochure|https://storage.googleapis.com/vinfast-data-01/brochure/VF%209_%20Brochure.pdf|14|[108.6, 297.0, 804.8, 310.7]|p14_b02|0.98
VF 9|VF 9 ECO||battery|Pin & sạc|range_km|range_km|626|km|vf9_brochure|https://storage.googleapis.com/vinfast-data-01/brochure/VF%209_%20Brochure.pdf|14|[108.6, 311.3, 804.8, 325.0]|p14_b02|0.98
VF 9|VF 9 PLUS||battery|Pin & sạc|range_km|range_km|602|km|vf9_brochure|https://storage.googleapis.com/vinfast-data-01/brochure/VF%209_%20Brochure.pdf|14|[108.6, 311.3, 804.8, 325.0]|p14_b02|0.98
VF 9|VF 9 ECO||battery|Pin & sạc|power_kw|power_kw|6.6|kW|vf9_brochure|https://storage.googleapis.com/vinfast-data-01/brochure/VF%209_%20Brochure.pdf|14|[108.6, 325.6, 804.8, 339.3]|p14_b02|0.4
VF 9|VF 9 PLUS||battery|Pin & sạc|power_kw|power_kw|6.6|kW|vf9_brochure|https://storage.googleapis.com/vinfast-data-01/brochure/VF%209_%20Brochure.pdf|14|[108.6, 325.6, 804.8, 339.3]|p14_b02|0.4
VF 9|VF 9 ECO||powertrain|Hệ thống truyền động|Hệ thống phanh tái sinh|Hệ thống phanh tái sinh|Có (Tắt, Thấp, Trung bình, Cao)||vf9_brochure|https://storage.googleapis.com/vinfast-data-01/brochure/VF%209_%20Brochure.pdf|14|[108.6, 339.9, 804.8, 353.0]|p14_b02|0.98
VF 9|VF 9 PLUS||powertrain|Hệ thống truyền động|Hệ thống phanh tái sinh|Hệ thống phanh tái sinh|Có (Tắt, Thấp, Trung bình, Cao)||vf9_brochure|https://storage.googleapis.com/vinfast-data-01/brochure/VF%209_%20Brochure.pdf|14|[108.6, 339.9, 804.8, 353.0]|p14_b02|0.98
VF 9|VF 9 ECO||battery|Pin & sạc|fast_charge_min|fast_charge_min|35|phút (10 - 70%)|vf9_brochure|https://storage.googleapis.com/vinfast-data-01/brochure/VF%209_%20Brochure.pdf|14|[108.6, 353.6, 804.8, 367.3]|p14_b02|0.98
VF 9|VF 9 PLUS||battery|Pin & sạc|fast_charge_min|fast_charge_min|35|phút (10 - 70%)|vf9_brochure|https://storage.googleapis.com/vinfast-data-01/brochure/VF%209_%20Brochure.pdf|14|[108.6, 353.6, 804.8, 367.3]|p14_b02|0.98
VF 9|VF 9 ECO||powertrain|Hệ thống truyền động|Cách chuyển số|Cách chuyển số|Nút bấm||vf9_brochure|https://storage.googleapis.com/vinfast-data-01/brochure/VF%209_%20Brochure.pdf|14|[108.6, 380.4, 804.8, 394.1]|p14_b02|0.98
VF 9|VF 9 PLUS||powertrain|Hệ thống truyền động|Cách chuyển số|Cách chuyển số|Nút bấm||vf9_brochure|https://storage.googleapis.com/vinfast-data-01/brochure/VF%209_%20Brochure.pdf|14|[108.6, 380.4, 804.8, 394.1]|p14_b02|0.98
VF 9|VF 9 ECO||powertrain|Hệ thống truyền động|drivetrain|drivetrain|2||vf9_brochure|https://storage.googleapis.com/vinfast-data-01/brochure/VF%209_%20Brochure.pdf|14|[108.6, 394.7, 804.8, 407.8]|p14_b02|0.98
VF 9|VF 9 PLUS||powertrain|Hệ thống truyền động|drivetrain|drivetrain|2||vf9_brochure|https://storage.googleapis.com/vinfast-data-01/brochure/VF%209_%20Brochure.pdf|14|[108.6, 394.7, 804.8, 407.8]|p14_b02|0.98
VF 9|VF 9 ECO||powertrain|Hệ thống truyền động|Chọn chế độ lái|Chế độ lái|Eco/Normal/Sport||vf9_brochure|https://storage.googleapis.com/vinfast-data-01/brochure/VF%209_%20Brochure.pdf|14|[108.6, 408.4, 804.8, 422.0]|p14_b02|0.98
VF 9|VF 9 PLUS||powertrain|Hệ thống truyền động|Chọn chế độ lái|Chế độ lái|Eco/Normal/Sport||vf9_brochure|https://storage.googleapis.com/vinfast-data-01/brochure/VF%209_%20Brochure.pdf|14|[108.6, 408.4, 804.8, 422.0]|p14_b02|0.98
VF 9|VF 9 ECO||powertrain|Hệ thống truyền động|Chế độ thay đổi tốc độ đến dừng|Chế độ thay đổi tốc độ đến dừng|Có||vf9_brochure|https://storage.googleapis.com/vinfast-data-01/brochure/VF%209_%20Brochure.pdf|14|[108.6, 422.6, 804.8, 435.7]|p14_b02|0.98
VF 9|VF 9 PLUS||powertrain|Hệ thống truyền động|Chế độ thay đổi tốc độ đến dừng|Chế độ thay đổi tốc độ đến dừng|Có||vf9_brochure|https://storage.googleapis.com/vinfast-data-01/brochure/VF%209_%20Brochure.pdf|14|[108.6, 422.6, 804.8, 435.7]|p14_b02|0.98
VF 9|VF 9 ECO||chassis|Khung gầm & hệ thống treo|Hệ thống treo - trước|Hệ thống treo|Độc lập, tay đòn kép||vf9_brochure|https://storage.googleapis.com/vinfast-data-01/brochure/VF%209_%20Brochure.pdf|14|[108.6, 464.3, 804.8, 478.0]|p14_b02|0.98
VF 9|VF 9 PLUS||chassis|Khung gầm & hệ thống treo|Hệ thống treo - trước|Hệ thống treo|Độc lập, tay đòn kép||vf9_brochure|https://storage.googleapis.com/vinfast-data-01/brochure/VF%209_%20Brochure.pdf|14|[108.6, 464.3, 804.8, 478.0]|p14_b02|0.98
VF 9|VF 9 ECO||chassis|Khung gầm & hệ thống treo|Hệ thống treo - sau|Hệ thống treo|Liên kết đa điểm, giảm chấn khí nén||vf9_brochure|https://storage.googleapis.com/vinfast-data-01/brochure/VF%209_%20Brochure.pdf|14|[108.6, 478.6, 804.8, 491.7]|p14_b02|0.98
VF 9|VF 9 PLUS||chassis|Khung gầm & hệ thống treo|Hệ thống treo - sau|Hệ thống treo|Liên kết đa điểm, giảm chấn khí nén||vf9_brochure|https://storage.googleapis.com/vinfast-data-01/brochure/VF%209_%20Brochure.pdf|14|[108.6, 478.6, 804.8, 491.7]|p14_b02|0.98
VF 9|VF 9 ECO||chassis|Khung gầm & hệ thống treo|Phanh trước|Phanh trước|Đĩa thông gió||vf9_brochure|https://storage.googleapis.com/vinfast-data-01/brochure/VF%209_%20Brochure.pdf|14|[108.6, 520.3, 804.8, 534.0]|p14_b02|0.98
VF 9|VF 9 PLUS||chassis|Khung gầm & hệ thống treo|Phanh trước|Phanh trước|Đĩa thông gió||vf9_brochure|https://storage.googleapis.com/vinfast-data-01/brochure/VF%209_%20Brochure.pdf|14|[108.6, 520.3, 804.8, 534.0]|p14_b02|0.98
VF 9|VF 9 ECO||chassis|Khung gầm & hệ thống treo|Phanh sau|Phanh sau|Đĩa thông gió||vf9_brochure|https://storage.googleapis.com/vinfast-data-01/brochure/VF%209_%20Brochure.pdf|14|[108.6, 534.6, 804.8, 547.7]|p14_b02|0.98
VF 9|VF 9 PLUS||chassis|Khung gầm & hệ thống treo|Phanh sau|Phanh sau|Đĩa thông gió||vf9_brochure|https://storage.googleapis.com/vinfast-data-01/brochure/VF%209_%20Brochure.pdf|14|[108.6, 534.6, 804.8, 547.7]|p14_b02|0.98
VF 9|VF 9 ECO||chassis|Khung gầm & hệ thống treo|wheel_size_inch|wheel_size_inch|20|Inch|vf9_brochure|https://storage.googleapis.com/vinfast-data-01/brochure/VF%209_%20Brochure.pdf|14|[108.6, 548.8, 804.8, 561.9]|p14_b02|0.98
VF 9|VF 9 PLUS||chassis|Khung gầm & hệ thống treo|wheel_size_inch|wheel_size_inch|21|Inch|vf9_brochure|https://storage.googleapis.com/vinfast-data-01/brochure/VF%209_%20Brochure.pdf|14|[108.6, 548.8, 804.8, 561.9]|p14_b02|0.98
VF 9|VF 9 ECO||chassis|Khung gầm & hệ thống treo|Loại la-zăng|Kích thước la-zăng|Hợp kim||vf9_brochure|https://storage.googleapis.com/vinfast-data-01/brochure/VF%209_%20Brochure.pdf|14|[108.6, 562.5, 804.8, 576.2]|p14_b02|0.98
VF 9|VF 9 PLUS||chassis|Khung gầm & hệ thống treo|Loại la-zăng|Kích thước la-zăng|Hợp kim||vf9_brochure|https://storage.googleapis.com/vinfast-data-01/brochure/VF%209_%20Brochure.pdf|14|[108.6, 562.5, 804.8, 576.2]|p14_b02|0.98
VF 9|Eco||exterior|Ngoại thất|Đèn pha|Đèn pha|LED Matrix||vf9_brochure|https://storage.googleapis.com/vinfast-data-01/brochure/VF%209_%20Brochure.pdf|15|[37.0, 45.2, 731.7, 58.9]|p15_b02|0.98
VF 9|Plus||exterior|Ngoại thất|Đèn pha|Đèn pha|LED Matrix||vf9_brochure|https://storage.googleapis.com/vinfast-data-01/brochure/VF%209_%20Brochure.pdf|15|[37.0, 45.2, 731.7, 58.9]|p15_b02|0.98
VF 9|Eco||exterior|Ngoại thất|Đèn chờ dẫn đường|Đèn chờ dẫn đường|Có||vf9_brochure|https://storage.googleapis.com/vinfast-data-01/brochure/VF%209_%20Brochure.pdf|15|[37.0, 58.9, 731.7, 72.6]|p15_b02|0.98
VF 9|Plus||exterior|Ngoại thất|Đèn chờ dẫn đường|Đèn chờ dẫn đường|Có||vf9_brochure|https://storage.googleapis.com/vinfast-data-01/brochure/VF%209_%20Brochure.pdf|15|[37.0, 58.9, 731.7, 72.6]|p15_b02|0.98
VF 9|Eco||exterior|Ngoại thất|Đèn pha tự động bật/tắt|Đèn pha|Có||vf9_brochure|https://storage.googleapis.com/vinfast-data-01/brochure/VF%209_%20Brochure.pdf|15|[37.0, 72.6, 731.7, 86.3]|p15_b02|0.98
VF 9|Plus||exterior|Ngoại thất|Đèn pha tự động bật/tắt|Đèn pha|Có||vf9_brochure|https://storage.googleapis.com/vinfast-data-01/brochure/VF%209_%20Brochure.pdf|15|[37.0, 72.6, 731.7, 86.3]|p15_b02|0.98
VF 9|Eco||exterior|Ngoại thất|Điều khiển góc chiếu pha thông minh|Điều khiển góc chiếu pha thông minh|Có||vf9_brochure|https://storage.googleapis.com/vinfast-data-01/brochure/VF%209_%20Brochure.pdf|15|[37.0, 86.3, 731.7, 100.6]|p15_b02|0.98
VF 9|Plus||exterior|Ngoại thất|Điều khiển góc chiếu pha thông minh|Điều khiển góc chiếu pha thông minh|Có||vf9_brochure|https://storage.googleapis.com/vinfast-data-01/brochure/VF%209_%20Brochure.pdf|15|[37.0, 86.3, 731.7, 100.6]|p15_b02|0.98
VF 9|Eco||exterior|Ngoại thất|Tự động quay góc chiếu đèn (Đèn liếc)|Tự động quay góc chiếu đèn (Đèn liếc)|Có||vf9_brochure|https://storage.googleapis.com/vinfast-data-01/brochure/VF%209_%20Brochure.pdf|15|[37.0, 100.6, 731.7, 114.3]|p15_b02|0.98
VF 9|Plus||exterior|Ngoại thất|Tự động quay góc chiếu đèn (Đèn liếc)|Tự động quay góc chiếu đèn (Đèn liếc)|Có||vf9_brochure|https://storage.googleapis.com/vinfast-data-01/brochure/VF%209_%20Brochure.pdf|15|[37.0, 100.6, 731.7, 114.3]|p15_b02|0.98
VF 9|Eco||exterior|Ngoại thất|Đèn chiếu sáng ban ngày|Đèn chiếu sáng ban ngày|LED||vf9_brochure|https://storage.googleapis.com/vinfast-data-01/brochure/VF%209_%20Brochure.pdf|15|[37.0, 128.0, 731.7, 142.3]|p15_b02|0.98
VF 9|Plus||exterior|Ngoại thất|Đèn chiếu sáng ban ngày|Đèn chiếu sáng ban ngày|LED||vf9_brochure|https://storage.googleapis.com/vinfast-data-01/brochure/VF%209_%20Brochure.pdf|15|[37.0, 128.0, 731.7, 142.3]|p15_b02|0.98
VF 9|Eco||exterior|Ngoại thất|Đèn định vị|Đèn định vị|LED, tích hợp cùng đèn chiếu sáng ban ngày||vf9_brochure|https://storage.googleapis.com/vinfast-data-01/brochure/VF%209_%20Brochure.pdf|15|[37.0, 142.3, 731.7, 156.0]|p15_b02|0.98
VF 9|Plus||exterior|Ngoại thất|Đèn định vị|Đèn định vị|LED, tích hợp cùng đèn chiếu sáng ban ngày||vf9_brochure|https://storage.googleapis.com/vinfast-data-01/brochure/VF%209_%20Brochure.pdf|15|[37.0, 142.3, 731.7, 156.0]|p15_b02|0.98
VF 9|Eco||exterior|Ngoại thất|Đèn chào mừng|Đèn chào mừng|Có||vf9_brochure|https://storage.googleapis.com/vinfast-data-01/brochure/VF%209_%20Brochure.pdf|15|[37.0, 156.0, 731.7, 170.2]|p15_b02|0.98
VF 9|Plus||exterior|Ngoại thất|Đèn chào mừng|Đèn chào mừng|Có||vf9_brochure|https://storage.googleapis.com/vinfast-data-01/brochure/VF%209_%20Brochure.pdf|15|[37.0, 156.0, 731.7, 170.2]|p15_b02|0.98
VF 9|Eco||exterior|Ngoại thất|Gương chiếu hậu: sấy mặt gương|Gương chiếu hậu|Có||vf9_brochure|https://storage.googleapis.com/vinfast-data-01/brochure/VF%209_%20Brochure.pdf|15|[37.0, 183.9, 731.7, 198.2]|p15_b02|0.98
VF 9|Plus||exterior|Ngoại thất|Gương chiếu hậu: sấy mặt gương|Gương chiếu hậu|Có||vf9_brochure|https://storage.googleapis.com/vinfast-data-01/brochure/VF%209_%20Brochure.pdf|15|[37.0, 183.9, 731.7, 198.2]|p15_b02|0.98
VF 9|Eco||exterior|Ngoại thất|Gương chiếu hậu: tự động chỉnh khi lùi|Gương chiếu hậu|Có||vf9_brochure|https://storage.googleapis.com/vinfast-data-01/brochure/VF%209_%20Brochure.pdf|15|[37.0, 198.2, 731.7, 211.9]|p15_b02|0.98
VF 9|Plus||exterior|Ngoại thất|Gương chiếu hậu: tự động chỉnh khi lùi|Gương chiếu hậu|Có||vf9_brochure|https://storage.googleapis.com/vinfast-data-01/brochure/VF%209_%20Brochure.pdf|15|[37.0, 198.2, 731.7, 211.9]|p15_b02|0.98
VF 9|Eco||exterior|Ngoại thất|Gương chiếu hậu: chống chói tự động|Gương chiếu hậu|Không||vf9_brochure|https://storage.googleapis.com/vinfast-data-01/brochure/VF%209_%20Brochure.pdf|15|[37.0, 211.9, 731.7, 226.2]|p15_b02|0.98
VF 9|Plus||exterior|Ngoại thất|Gương chiếu hậu: chống chói tự động|Gương chiếu hậu|Có||vf9_brochure|https://storage.googleapis.com/vinfast-data-01/brochure/VF%209_%20Brochure.pdf|15|[37.0, 211.9, 731.7, 226.2]|p15_b02|0.98
VF 9|Eco||exterior|Ngoại thất|Gương chiếu hậu: nhớ vị trí|Gương chiếu hậu|Có||vf9_brochure|https://storage.googleapis.com/vinfast-data-01/brochure/VF%209_%20Brochure.pdf|15|[37.0, 226.2, 731.7, 239.9]|p15_b02|0.98
VF 9|Plus||exterior|Ngoại thất|Gương chiếu hậu: nhớ vị trí|Gương chiếu hậu|Có||vf9_brochure|https://storage.googleapis.com/vinfast-data-01/brochure/VF%209_%20Brochure.pdf|15|[37.0, 226.2, 731.7, 239.9]|p15_b02|0.98
VF 9|Eco||exterior|Ngoại thất|Cơ chế lấy mở cửa|Cơ chế lấy mở cửa|Nút bấm điện||vf9_brochure|https://storage.googleapis.com/vinfast-data-01/brochure/VF%209_%20Brochure.pdf|15|[37.0, 254.2, 731.7, 268.5]|p15_b02|0.98
VF 9|Plus||exterior|Ngoại thất|Cơ chế lấy mở cửa|Cơ chế lấy mở cửa|Nút bấm điện||vf9_brochure|https://storage.googleapis.com/vinfast-data-01/brochure/VF%209_%20Brochure.pdf|15|[37.0, 254.2, 731.7, 268.5]|p15_b02|0.98
VF 9|Eco||exterior|Ngoại thất|Cửa hít|Cửa hít|Có||vf9_brochure|https://storage.googleapis.com/vinfast-data-01/brochure/VF%209_%20Brochure.pdf|15|[37.0, 268.5, 731.7, 282.8]|p15_b02|0.98
VF 9|Plus||exterior|Ngoại thất|Cửa hít|Cửa hít|Có||vf9_brochure|https://storage.googleapis.com/vinfast-data-01/brochure/VF%209_%20Brochure.pdf|15|[37.0, 268.5, 731.7, 282.8]|p15_b02|0.98
VF 9|Eco||exterior|Ngoại thất|Kiểu cửa sổ|Kiểu cửa sổ|"Hàng ghế trước: kính cách âm 2 lớp.
Hàng ghế sau: kính 1 lớp"||vf9_brochure|https://storage.googleapis.com/vinfast-data-01/brochure/VF%209_%20Brochure.pdf|15|[37.0, 282.8, 731.7, 310.1]|p15_b02|0.98
VF 9|Plus||exterior|Ngoại thất|Kiểu cửa sổ|Kiểu cửa sổ|"Hàng ghế trước: kính cách âm 2 lớp
Hàng ghế sau: kính 1 lớp"||vf9_brochure|https://storage.googleapis.com/vinfast-data-01/brochure/VF%209_%20Brochure.pdf|15|[37.0, 282.8, 731.7, 310.1]|p15_b02|0.98
VF 9|Eco||exterior|Ngoại thất|Kính cửa sổ màu đen (riêng tư)|Kính cửa sổ màu đen (riêng tư)|Kính đen mờ||vf9_brochure|https://storage.googleapis.com/vinfast-data-01/brochure/VF%209_%20Brochure.pdf|15|[37.0, 310.1, 731.7, 323.8]|p15_b02|0.98
VF 9|Plus||exterior|Ngoại thất|Kính cửa sổ màu đen (riêng tư)|Kính cửa sổ màu đen (riêng tư)|Kính đen mờ||vf9_brochure|https://storage.googleapis.com/vinfast-data-01/brochure/VF%209_%20Brochure.pdf|15|[37.0, 310.1, 731.7, 323.8]|p15_b02|0.98
VF 9|Eco||exterior|Ngoại thất|Kính cửa sổ lên/xuống một chạm|Kính cửa sổ lên/xuống một chạm|4 cửa||vf9_brochure|https://storage.googleapis.com/vinfast-data-01/brochure/VF%209_%20Brochure.pdf|15|[37.0, 323.8, 731.7, 338.1]|p15_b02|0.98
VF 9|Plus||exterior|Ngoại thất|Kính cửa sổ lên/xuống một chạm|Kính cửa sổ lên/xuống một chạm|4 cửa||vf9_brochure|https://storage.googleapis.com/vinfast-data-01/brochure/VF%209_%20Brochure.pdf|15|[37.0, 323.8, 731.7, 338.1]|p15_b02|0.98
VF 9|Eco||exterior|Ngoại thất|Đèn chiếu sáng khi mở cửa|Đèn chiếu sáng khi mở cửa|Có (Chiếu hình logo)||vf9_brochure|https://storage.googleapis.com/vinfast-data-01/brochure/VF%209_%20Brochure.pdf|15|[37.0, 338.1, 731.7, 352.4]|p15_b02|0.98
VF 9|Plus||exterior|Ngoại thất|Đèn chiếu sáng khi mở cửa|Đèn chiếu sáng khi mở cửa|Có (Chiếu hình logo)||vf9_brochure|https://storage.googleapis.com/vinfast-data-01/brochure/VF%209_%20Brochure.pdf|15|[37.0, 338.1, 731.7, 352.4]|p15_b02|0.98
VF 9|Eco||exterior|Ngoại thất|Điều chỉnh cốp sau|Cốp sau|Chỉnh điện||vf9_brochure|https://storage.googleapis.com/vinfast-data-01/brochure/VF%209_%20Brochure.pdf|15|[37.0, 366.1, 731.7, 380.4]|p15_b02|0.98
VF 9|Plus||exterior|Ngoại thất|Điều chỉnh cốp sau|Cốp sau|Chỉnh điện||vf9_brochure|https://storage.googleapis.com/vinfast-data-01/brochure/VF%209_%20Brochure.pdf|15|[37.0, 366.1, 731.7, 380.4]|p15_b02|0.98
VF 9|Eco||exterior|Ngoại thất|Đóng/Mở cốp đá chân|Đóng/Mở cốp đá chân|Có||vf9_brochure|https://storage.googleapis.com/vinfast-data-01/brochure/VF%209_%20Brochure.pdf|15|[37.0, 380.4, 731.7, 394.7]|p15_b02|0.98
VF 9|Plus||exterior|Ngoại thất|Đóng/Mở cốp đá chân|Đóng/Mở cốp đá chân|Có||vf9_brochure|https://storage.googleapis.com/vinfast-data-01/brochure/VF%209_%20Brochure.pdf|15|[37.0, 380.4, 731.7, 394.7]|p15_b02|0.98
VF 9|Eco||exterior|Ngoại thất|Đèn chiếu logo mặt đường (cảm biến đá cốp)|Đèn chiếu logo mặt đường (cảm biến đá cốp)|Có||vf9_brochure|https://storage.googleapis.com/vinfast-data-01/brochure/VF%209_%20Brochure.pdf|15|[37.0, 394.7, 731.7, 408.4]|p15_b02|0.98
VF 9|Plus||exterior|Ngoại thất|Đèn chiếu logo mặt đường (cảm biến đá cốp)|Đèn chiếu logo mặt đường (cảm biến đá cốp)|Có||vf9_brochure|https://storage.googleapis.com/vinfast-data-01/brochure/VF%209_%20Brochure.pdf|15|[37.0, 394.7, 731.7, 408.4]|p15_b02|0.98
VF 9|Eco||interior|Nội thất|seats|seats|7||vf9_brochure|https://storage.googleapis.com/vinfast-data-01/brochure/VF%209_%20Brochure.pdf|15|[37.0, 436.3, 731.7, 450.6]|p15_b02|0.98
VF 9|Plus||interior|Nội thất|seats|seats|7||vf9_brochure|https://storage.googleapis.com/vinfast-data-01/brochure/VF%209_%20Brochure.pdf|15|[37.0, 436.3, 731.7, 450.6]|p15_b02|0.98
VF 9|Eco||interior|Nội thất|Chất liệu bọc ghế|Chất liệu bọc ghế|Da nhân tạo||vf9_brochure|https://storage.googleapis.com/vinfast-data-01/brochure/VF%209_%20Brochure.pdf|15|[37.0, 450.6, 731.7, 464.3]|p15_b02|0.98
VF 9|Plus||interior|Nội thất|Chất liệu bọc ghế|Chất liệu bọc ghế|Da nhân tạo cao cấp||vf9_brochure|https://storage.googleapis.com/vinfast-data-01/brochure/VF%209_%20Brochure.pdf|15|[37.0, 450.6, 731.7, 464.3]|p15_b02|0.98
VF 9|Eco||interior|Nội thất|Ghế lái - điều chỉnh hướng|Ghế lái|Chỉnh điện 8 hướng||vf9_brochure|https://storage.googleapis.com/vinfast-data-01/brochure/VF%209_%20Brochure.pdf|15|[37.0, 478.0, 731.7, 492.3]|p15_b02|0.98
VF 9|Plus||interior|Nội thất|Ghế lái - điều chỉnh hướng|Ghế lái|Chỉnh điện 12 hướng||vf9_brochure|https://storage.googleapis.com/vinfast-data-01/brochure/VF%209_%20Brochure.pdf|15|[37.0, 478.0, 731.7, 492.3]|p15_b02|0.98
VF 9|Eco||interior|Nội thất|Ghế lái nhớ vị trí|Ghế lái|Không||vf9_brochure|https://storage.googleapis.com/vinfast-data-01/brochure/VF%209_%20Brochure.pdf|15|[37.0, 492.3, 731.7, 506.6]|p15_b02|0.98
VF 9|Plus||interior|Nội thất|Ghế lái nhớ vị trí|Ghế lái|Có||vf9_brochure|https://storage.googleapis.com/vinfast-data-01/brochure/VF%209_%20Brochure.pdf|15|[37.0, 492.3, 731.7, 506.6]|p15_b02|0.98
VF 9|Eco||interior|Nội thất|Ghế lái có massage|Ghế lái|Không||vf9_brochure|https://storage.googleapis.com/vinfast-data-01/brochure/VF%209_%20Brochure.pdf|15|[37.0, 506.6, 731.7, 520.3]|p15_b02|0.98
VF 9|Plus||interior|Nội thất|Ghế lái có massage|Ghế lái|Có||vf9_brochure|https://storage.googleapis.com/vinfast-data-01/brochure/VF%209_%20Brochure.pdf|15|[37.0, 506.6, 731.7, 520.3]|p15_b02|0.98
VF 9|Eco||interior|Nội thất|Ghế lái có thông gió|Ghế lái|Không||vf9_brochure|https://storage.googleapis.com/vinfast-data-01/brochure/VF%209_%20Brochure.pdf|15|[37.0, 520.3, 731.7, 534.6]|p15_b02|0.98
VF 9|Plus||interior|Nội thất|Ghế lái có thông gió|Ghế lái|Có||vf9_brochure|https://storage.googleapis.com/vinfast-data-01/brochure/VF%209_%20Brochure.pdf|15|[37.0, 520.3, 731.7, 534.6]|p15_b02|0.98
VF 9|Eco||interior|Nội thất|Ghế lái có sưởi|Ghế lái|Có||vf9_brochure|https://storage.googleapis.com/vinfast-data-01/brochure/VF%209_%20Brochure.pdf|15|[37.0, 534.6, 731.7, 548.8]|p15_b02|0.98
VF 9|Plus||interior|Nội thất|Ghế lái có sưởi|Ghế lái|Có||vf9_brochure|https://storage.googleapis.com/vinfast-data-01/brochure/VF%209_%20Brochure.pdf|15|[37.0, 534.6, 731.7, 548.8]|p15_b02|0.98
VF 9|Eco||interior|Nội thất|Ghế phụ - điều chỉnh hướng|Ghế phụ|Chỉnh điện 6 hướng||vf9_brochure|https://storage.googleapis.com/vinfast-data-01/brochure/VF%209_%20Brochure.pdf|15|[37.0, 562.5, 731.7, 576.2]|p15_b02|0.98
VF 9|Plus||interior|Nội thất|Ghế phụ - điều chỉnh hướng|Ghế phụ|Chỉnh điện 10 hướng||vf9_brochure|https://storage.googleapis.com/vinfast-data-01/brochure/VF%209_%20Brochure.pdf|15|[37.0, 562.5, 731.7, 576.2]|p15_b02|0.98
VF 9|VF 9 ECO||interior|Nội thất|Ghế phụ có massage|Ghế phụ|Không||vf9_brochure|https://storage.googleapis.com/vinfast-data-01/brochure/VF%209_%20Brochure.pdf|16|[108.6, 17.9, 804.9, 31.5]|p16_b02|0.98
VF 9|VF 9 PLUS||interior|Nội thất|Ghế phụ có massage|Ghế phụ|Có||vf9_brochure|https://storage.googleapis.com/vinfast-data-01/brochure/VF%209_%20Brochure.pdf|16|[108.6, 17.9, 804.9, 31.5]|p16_b02|0.98
VF 9|VF 9 ECO||interior|Nội thất|Ghế phụ có thông gió|Ghế phụ|Không||vf9_brochure|https://storage.googleapis.com/vinfast-data-01/brochure/VF%209_%20Brochure.pdf|16|[108.6, 31.5, 804.9, 45.2]|p16_b02|0.98
VF 9|VF 9 PLUS||interior|Nội thất|Ghế phụ có thông gió|Ghế phụ|Có||vf9_brochure|https://storage.googleapis.com/vinfast-data-01/brochure/VF%209_%20Brochure.pdf|16|[108.6, 31.5, 804.9, 45.2]|p16_b02|0.98
VF 9|VF 9 ECO||interior|Nội thất|Ghế phụ có sưởi|Ghế phụ|Có||vf9_brochure|https://storage.googleapis.com/vinfast-data-01/brochure/VF%209_%20Brochure.pdf|16|[108.6, 45.2, 804.9, 59.5]|p16_b02|0.98
VF 9|VF 9 PLUS||interior|Nội thất|Ghế phụ có sưởi|Ghế phụ|Có||vf9_brochure|https://storage.googleapis.com/vinfast-data-01/brochure/VF%209_%20Brochure.pdf|16|[108.6, 45.2, 804.9, 59.5]|p16_b02|0.98
VF 9|VF 9 ECO||interior|Nội thất|Hàng ghế thứ 2 điều chỉnh hướng|Hàng ghế thứ 2 điều chỉnh hướng|Chỉnh điện 4 hướng||vf9_brochure|https://storage.googleapis.com/vinfast-data-01/brochure/VF%209_%20Brochure.pdf|16|[108.6, 73.2, 804.9, 87.5]|p16_b02|0.98
VF 9|VF 9 PLUS||interior|Nội thất|Hàng ghế thứ 2 điều chỉnh hướng|Hàng ghế thứ 2 điều chỉnh hướng|Chỉnh điện 8 hướng||vf9_brochure|https://storage.googleapis.com/vinfast-data-01/brochure/VF%209_%20Brochure.pdf|16|[108.6, 73.2, 804.9, 87.5]|p16_b02|0.98
VF 9|VF 9 ECO||interior|Nội thất|Hàng ghế thứ 2 điều chỉnh gập tỷ lệ|Hàng ghế thứ 2 điều chỉnh gập tỷ lệ|40:20:40, hỗ trợ để vào hàng 3||vf9_brochure|https://storage.googleapis.com/vinfast-data-01/brochure/VF%209_%20Brochure.pdf|16|[108.6, 87.5, 804.9, 101.2]|p16_b02|0.98
VF 9|VF 9 PLUS||interior|Nội thất|Hàng ghế thứ 2 điều chỉnh gập tỷ lệ|Hàng ghế thứ 2 điều chỉnh gập tỷ lệ|40:20:40, hỗ trợ để vào hàng 3||vf9_brochure|https://storage.googleapis.com/vinfast-data-01/brochure/VF%209_%20Brochure.pdf|16|[108.6, 87.5, 804.9, 101.2]|p16_b02|0.98
VF 9|VF 9 ECO||interior|Nội thất|Hàng ghế thứ 2 có thông gió|Hàng ghế thứ 2 có thông gió|Không||vf9_brochure|https://storage.googleapis.com/vinfast-data-01/brochure/VF%209_%20Brochure.pdf|16|[108.6, 101.2, 804.9, 114.9]|p16_b02|0.98
VF 9|VF 9 PLUS||interior|Nội thất|Hàng ghế thứ 2 có thông gió|Hàng ghế thứ 2 có thông gió|Có||vf9_brochure|https://storage.googleapis.com/vinfast-data-01/brochure/VF%209_%20Brochure.pdf|16|[108.6, 101.2, 804.9, 114.9]|p16_b02|0.98
VF 9|VF 9 ECO||interior|Nội thất|Hàng ghế thứ 2 có sưởi|Hàng ghế thứ 2 có sưởi|Không||vf9_brochure|https://storage.googleapis.com/vinfast-data-01/brochure/VF%209_%20Brochure.pdf|16|[108.6, 114.9, 804.9, 129.2]|p16_b02|0.98
VF 9|VF 9 PLUS||interior|Nội thất|Hàng ghế thứ 2 có sưởi|Hàng ghế thứ 2 có sưởi|Có||vf9_brochure|https://storage.googleapis.com/vinfast-data-01/brochure/VF%209_%20Brochure.pdf|16|[108.6, 114.9, 804.9, 129.2]|p16_b02|0.98
VF 9|VF 9 ECO||interior|Nội thất|Hàng ghế thứ 2 có massage|Hàng ghế thứ 2 có massage|Không||vf9_brochure|https://storage.googleapis.com/vinfast-data-01/brochure/VF%209_%20Brochure.pdf|16|[108.6, 129.2, 804.9, 142.9]|p16_b02|0.98
VF 9|VF 9 PLUS||interior|Nội thất|Hàng ghế thứ 2 có massage|Hàng ghế thứ 2 có massage|Có||vf9_brochure|https://storage.googleapis.com/vinfast-data-01/brochure/VF%209_%20Brochure.pdf|16|[108.6, 129.2, 804.9, 142.9]|p16_b02|0.98
VF 9|VF 9 PLUS||interior|Nội thất|GHẾ VIP|Ghế cơ trưởng (VIP)|Có, lựa chọn từ đầu khi mua xe||vf9_brochure|https://storage.googleapis.com/vinfast-data-01/brochure/VF%209_%20Brochure.pdf|16|[222.3, 142.9, 804.9, 156.6]|p16_b02|0.98
VF 9|VF 9 ECO||interior|Nội thất|Ghế VIP chỉnh điện|Ghế cơ trưởng (VIP)|Không||vf9_brochure|https://storage.googleapis.com/vinfast-data-01/brochure/VF%209_%20Brochure.pdf|16|[108.6, 156.6, 804.9, 184.5]|p16_b02|0.98
VF 9|VF 9 PLUS||interior|Nội thất|Ghế VIP chỉnh điện|Ghế cơ trưởng (VIP)|"6 chỗ: Chỉnh điện 8 hướng
7 chỗ: Không"||vf9_brochure|https://storage.googleapis.com/vinfast-data-01/brochure/VF%209_%20Brochure.pdf|16|[108.6, 156.6, 804.9, 184.5]|p16_b02|0.98
VF 9|VF 9 ECO||interior|Nội thất|Hộp đỡ hàng ghế sau|Hộp đỡ hàng ghế sau|Không||vf9_brochure|https://storage.googleapis.com/vinfast-data-01/brochure/VF%209_%20Brochure.pdf|16|[108.6, 184.5, 804.9, 213.1]|p16_b02|0.98
VF 9|VF 9 PLUS||interior|Nội thất|Hộp đỡ hàng ghế sau|Hộp đỡ hàng ghế sau|"6 chỗ: Có, tích hợp sạc không dây
7 chỗ: Không"||vf9_brochure|https://storage.googleapis.com/vinfast-data-01/brochure/VF%209_%20Brochure.pdf|16|[108.6, 184.5, 804.9, 213.1]|p16_b02|0.98
VF 9|VF 9 ECO||interior|Nội thất|Ghế VIP massage|Ghế cơ trưởng (VIP)|Không||vf9_brochure|https://storage.googleapis.com/vinfast-data-01/brochure/VF%209_%20Brochure.pdf|16|[108.6, 213.1, 804.9, 226.8]|p16_b02|0.98
VF 9|VF 9 PLUS||interior|Nội thất|Ghế VIP massage|Ghế cơ trưởng (VIP)|Có||vf9_brochure|https://storage.googleapis.com/vinfast-data-01/brochure/VF%209_%20Brochure.pdf|16|[108.6, 213.1, 804.9, 226.8]|p16_b02|0.98
VF 9|VF 9 ECO||interior|Nội thất|Ghế VIP có thông gió|Ghế cơ trưởng (VIP)|Không||vf9_brochure|https://storage.googleapis.com/vinfast-data-01/brochure/VF%209_%20Brochure.pdf|16|[108.6, 226.8, 804.9, 240.5]|p16_b02|0.98
VF 9|VF 9 PLUS||interior|Nội thất|Ghế VIP có thông gió|Ghế cơ trưởng (VIP)|Có||vf9_brochure|https://storage.googleapis.com/vinfast-data-01/brochure/VF%209_%20Brochure.pdf|16|[108.6, 226.8, 804.9, 240.5]|p16_b02|0.98
VF 9|VF 9 ECO||interior|Nội thất|Ghế VIP có sưởi|Ghế cơ trưởng (VIP)|Không||vf9_brochure|https://storage.googleapis.com/vinfast-data-01/brochure/VF%209_%20Brochure.pdf|16|[108.6, 240.5, 804.9, 254.8]|p16_b02|0.98
VF 9|VF 9 PLUS||interior|Nội thất|Ghế VIP có sưởi|Ghế cơ trưởng (VIP)|Có||vf9_brochure|https://storage.googleapis.com/vinfast-data-01/brochure/VF%209_%20Brochure.pdf|16|[108.6, 240.5, 804.9, 254.8]|p16_b02|0.98
VF 9|VF 9 ECO||interior|Nội thất|Điều chỉnh vô lăng|Vô lăng|Chỉnh cơ 4 hướng||vf9_brochure|https://storage.googleapis.com/vinfast-data-01/brochure/VF%209_%20Brochure.pdf|16|[108.6, 269.1, 804.9, 282.8]|p16_b02|0.98
VF 9|VF 9 PLUS||interior|Nội thất|Điều chỉnh vô lăng|Vô lăng|Chỉnh điện 4 hướng||vf9_brochure|https://storage.googleapis.com/vinfast-data-01/brochure/VF%209_%20Brochure.pdf|16|[108.6, 269.1, 804.9, 282.8]|p16_b02|0.98
VF 9|VF 9 ECO||interior|Nội thất|Sưởi tay lái|Sưởi tay lái|Có||vf9_brochure|https://storage.googleapis.com/vinfast-data-01/brochure/VF%209_%20Brochure.pdf|16|[108.6, 282.8, 804.9, 296.4]|p16_b02|0.98
VF 9|VF 9 PLUS||interior|Nội thất|Sưởi tay lái|Sưởi tay lái|Có||vf9_brochure|https://storage.googleapis.com/vinfast-data-01/brochure/VF%209_%20Brochure.pdf|16|[108.6, 282.8, 804.9, 296.4]|p16_b02|0.98
VF 9|VF 9 ECO||interior|Nội thất|Nhớ vị trí vô lăng|Vô lăng|Không||vf9_brochure|https://storage.googleapis.com/vinfast-data-01/brochure/VF%209_%20Brochure.pdf|16|[108.6, 296.4, 804.9, 310.7]|p16_b02|0.98
VF 9|VF 9 PLUS||interior|Nội thất|Nhớ vị trí vô lăng|Vô lăng|Có||vf9_brochure|https://storage.googleapis.com/vinfast-data-01/brochure/VF%209_%20Brochure.pdf|16|[108.6, 296.4, 804.9, 310.7]|p16_b02|0.98
VF 9|VF 9 ECO||interior|Nội thất|Hệ thống điều hòa|Hệ thống điều hòa|Tự động, 3 vùng||vf9_brochure|https://storage.googleapis.com/vinfast-data-01/brochure/VF%209_%20Brochure.pdf|16|[108.6, 324.4, 804.9, 338.1]|p16_b02|0.98
VF 9|VF 9 PLUS||interior|Nội thất|Hệ thống điều hòa|Hệ thống điều hòa|Tự động, 3 vùng||vf9_brochure|https://storage.googleapis.com/vinfast-data-01/brochure/VF%209_%20Brochure.pdf|16|[108.6, 324.4, 804.9, 338.1]|p16_b02|0.98
VF 9|VF 9 ECO||interior|Nội thất|Chức năng kiểm soát chất lượng không khí|Chức năng kiểm soát chất lượng không khí|Có||vf9_brochure|https://storage.googleapis.com/vinfast-data-01/brochure/VF%209_%20Brochure.pdf|16|[108.6, 338.1, 804.9, 352.4]|p16_b02|0.98
VF 9|VF 9 PLUS||interior|Nội thất|Chức năng kiểm soát chất lượng không khí|Chức năng kiểm soát chất lượng không khí|Có||vf9_brochure|https://storage.googleapis.com/vinfast-data-01/brochure/VF%209_%20Brochure.pdf|16|[108.6, 338.1, 804.9, 352.4]|p16_b02|0.98
VF 9|VF 9 ECO||interior|Nội thất|Chức năng ion hóa không khí|Chức năng ion hóa không khí|Có||vf9_brochure|https://storage.googleapis.com/vinfast-data-01/brochure/VF%209_%20Brochure.pdf|16|[108.6, 352.4, 804.9, 366.1]|p16_b02|0.98
VF 9|VF 9 PLUS||interior|Nội thất|Chức năng ion hóa không khí|Chức năng ion hóa không khí|Có||vf9_brochure|https://storage.googleapis.com/vinfast-data-01/brochure/VF%209_%20Brochure.pdf|16|[108.6, 352.4, 804.9, 366.1]|p16_b02|0.98
VF 9|VF 9 ECO||interior|Nội thất|Lọc không khí Cabin|Lọc không khí|Combi 1.0||vf9_brochure|https://storage.googleapis.com/vinfast-data-01/brochure/VF%209_%20Brochure.pdf|16|[108.6, 366.1, 804.9, 380.4]|p16_b02|0.98
VF 9|VF 9 PLUS||interior|Nội thất|Lọc không khí Cabin|Lọc không khí|Combi 1.0||vf9_brochure|https://storage.googleapis.com/vinfast-data-01/brochure/VF%209_%20Brochure.pdf|16|[108.6, 366.1, 804.9, 380.4]|p16_b02|0.98
VF 9|VF 9 ECO||interior|Nội thất|Ống thông gió dưới chân hành khách sau|Ống thông gió dưới chân hành khách sau|Có||vf9_brochure|https://storage.googleapis.com/vinfast-data-01/brochure/VF%209_%20Brochure.pdf|16|[108.6, 380.4, 804.9, 394.1]|p16_b02|0.98
VF 9|VF 9 PLUS||interior|Nội thất|Ống thông gió dưới chân hành khách sau|Ống thông gió dưới chân hành khách sau|Có||vf9_brochure|https://storage.googleapis.com/vinfast-data-01/brochure/VF%209_%20Brochure.pdf|16|[108.6, 380.4, 804.9, 394.1]|p16_b02|0.98
VF 9|VF 9 ECO||interior|Nội thất|Cửa gió điều hòa hàng ghế thứ 2: trên hộp để đồ trung tâm|Hệ thống điều hòa|Có||vf9_brochure|https://storage.googleapis.com/vinfast-data-01/brochure/VF%209_%20Brochure.pdf|16|[108.6, 394.1, 804.9, 407.8]|p16_b02|0.98
VF 9|VF 9 PLUS||interior|Nội thất|Cửa gió điều hòa hàng ghế thứ 2: trên hộp để đồ trung tâm|Hệ thống điều hòa|Có||vf9_brochure|https://storage.googleapis.com/vinfast-data-01/brochure/VF%209_%20Brochure.pdf|16|[108.6, 394.1, 804.9, 407.8]|p16_b02|0.98
VF 9|VF 9 ECO||interior|Nội thất|Cửa gió điều hòa hàng ghế thứ 2: trên cột B|Hệ thống điều hòa|Có||vf9_brochure|https://storage.googleapis.com/vinfast-data-01/brochure/VF%209_%20Brochure.pdf|16|[108.6, 407.8, 804.9, 422.0]|p16_b02|0.98
VF 9|VF 9 PLUS||interior|Nội thất|Cửa gió điều hòa hàng ghế thứ 2: trên cột B|Hệ thống điều hòa|Có||vf9_brochure|https://storage.googleapis.com/vinfast-data-01/brochure/VF%209_%20Brochure.pdf|16|[108.6, 407.8, 804.9, 422.0]|p16_b02|0.98
VF 9|VF 9 ECO||infotainment|Giải trí & kết nối|display_inch|display_inch|15.6|inch|vf9_brochure|https://storage.googleapis.com/vinfast-data-01/brochure/VF%209_%20Brochure.pdf|16|[108.6, 435.7, 804.9, 450.0]|p16_b02|0.98
VF 9|VF 9 PLUS||infotainment|Giải trí & kết nối|display_inch|display_inch|15.6|inch|vf9_brochure|https://storage.googleapis.com/vinfast-data-01/brochure/VF%209_%20Brochure.pdf|16|[108.6, 435.7, 804.9, 450.0]|p16_b02|0.98
VF 9|VF 9 ECO||infotainment|Giải trí & kết nối|display_inch|display_inch|Không|inch|vf9_brochure|https://storage.googleapis.com/vinfast-data-01/brochure/VF%209_%20Brochure.pdf|16|[108.6, 450.0, 804.9, 463.7]|p16_b02|0.98
VF 9|VF 9 PLUS||infotainment|Giải trí & kết nối|display_inch|display_inch|8|inch|vf9_brochure|https://storage.googleapis.com/vinfast-data-01/brochure/VF%209_%20Brochure.pdf|16|[108.6, 450.0, 804.9, 463.7]|p16_b02|0.98
VF 9|VF 9 ECO||infotainment|Giải trí & kết nối|Màn hình hiển thị HUD|Hiển thị kính lái HUD|Có||vf9_brochure|https://storage.googleapis.com/vinfast-data-01/brochure/VF%209_%20Brochure.pdf|16|[108.6, 463.7, 804.9, 478.0]|p16_b02|0.98
VF 9|VF 9 PLUS||infotainment|Giải trí & kết nối|Màn hình hiển thị HUD|Hiển thị kính lái HUD|Có||vf9_brochure|https://storage.googleapis.com/vinfast-data-01/brochure/VF%209_%20Brochure.pdf|16|[108.6, 463.7, 804.9, 478.0]|p16_b02|0.98
VF 9|VF 9 ECO||interior|Nội thất|Cổng kết nối USB loại A hàng ghế lái|Ghế lái|2||vf9_brochure|https://storage.googleapis.com/vinfast-data-01/brochure/VF%209_%20Brochure.pdf|16|[108.6, 478.0, 804.9, 491.7]|p16_b02|0.98
VF 9|VF 9 PLUS||interior|Nội thất|Cổng kết nối USB loại A hàng ghế lái|Ghế lái|2||vf9_brochure|https://storage.googleapis.com/vinfast-data-01/brochure/VF%209_%20Brochure.pdf|16|[108.6, 478.0, 804.9, 491.7]|p16_b02|0.98
VF 9|VF 9 ECO||infotainment|Giải trí & kết nối|Cổng kết nối USB loại A hàng ghế thứ 2|Kết nối (Bluetooth/Wifi/USB)|2||vf9_brochure|https://storage.googleapis.com/vinfast-data-01/brochure/VF%209_%20Brochure.pdf|16|[108.6, 491.7, 804.9, 506.0]|p16_b02|0.98
VF 9|VF 9 PLUS||infotainment|Giải trí & kết nối|Cổng kết nối USB loại A hàng ghế thứ 2|Kết nối (Bluetooth/Wifi/USB)|"7 chỗ: 2  |  6 chỗ: 4"||vf9_brochure|https://storage.googleapis.com/vinfast-data-01/brochure/VF%209_%20Brochure.pdf|16|[108.6, 491.7, 804.9, 506.0]|p16_b02|0.98
VF 9|VF 9 ECO||interior|Nội thất|Cổng kết nối USB loại A hàng ghế thứ 3|Hàng ghế thứ 3|2||vf9_brochure|https://storage.googleapis.com/vinfast-data-01/brochure/VF%209_%20Brochure.pdf|16|[108.6, 506.0, 804.9, 519.7]|p16_b02|0.98
VF 9|VF 9 PLUS||interior|Nội thất|Cổng kết nối USB loại A hàng ghế thứ 3|Hàng ghế thứ 3|2||vf9_brochure|https://storage.googleapis.com/vinfast-data-01/brochure/VF%209_%20Brochure.pdf|16|[108.6, 506.0, 804.9, 519.7]|p16_b02|0.98
VF 9|VF 9 ECO||infotainment|Giải trí & kết nối|Cổng kết nối USB loại C|Kết nối (Bluetooth/Wifi/USB)|Có||vf9_brochure|https://storage.googleapis.com/vinfast-data-01/brochure/VF%209_%20Brochure.pdf|16|[108.6, 519.7, 804.9, 534.0]|p16_b02|0.98
VF 9|VF 9 PLUS||infotainment|Giải trí & kết nối|Cổng kết nối USB loại C|Kết nối (Bluetooth/Wifi/USB)|Có||vf9_brochure|https://storage.googleapis.com/vinfast-data-01/brochure/VF%209_%20Brochure.pdf|16|[108.6, 519.7, 804.9, 534.0]|p16_b02|0.98
VF 9|VF 9 ECO||infotainment|Giải trí & kết nối|Cổng sạc 12V khoang hành lý|Cổng sạc 12V khoang hành lý|Có||vf9_brochure|https://storage.googleapis.com/vinfast-data-01/brochure/VF%209_%20Brochure.pdf|16|[108.6, 534.0, 804.9, 547.7]|p16_b02|0.98
VF 9|VF 9 PLUS||infotainment|Giải trí & kết nối|Cổng sạc 12V khoang hành lý|Cổng sạc 12V khoang hành lý|Có||vf9_brochure|https://storage.googleapis.com/vinfast-data-01/brochure/VF%209_%20Brochure.pdf|16|[108.6, 534.0, 804.9, 547.7]|p16_b02|0.98
VF 9|VF 9 ECO||infotainment|Giải trí & kết nối|Ổ điện xoay chiều|Ổ điện xoay chiều|Không||vf9_brochure|https://storage.googleapis.com/vinfast-data-01/brochure/VF%209_%20Brochure.pdf|16|[108.6, 547.7, 804.9, 561.9]|p16_b02|0.98
VF 9|VF 9 PLUS||infotainment|Giải trí & kết nối|Ổ điện xoay chiều|Ổ điện xoay chiều|230 V/150 W||vf9_brochure|https://storage.googleapis.com/vinfast-data-01/brochure/VF%209_%20Brochure.pdf|16|[108.6, 547.7, 804.9, 561.9]|p16_b02|0.98
VF 9|VF 9 ECO||infotainment|Giải trí & kết nối|Sạc không dây|Sạc không dây|Có||vf9_brochure|https://storage.googleapis.com/vinfast-data-01/brochure/VF%209_%20Brochure.pdf|16|[108.6, 561.9, 804.9, 576.2]|p16_b02|0.98
VF 9|VF 9 PLUS||infotainment|Giải trí & kết nối|Sạc không dây|Sạc không dây|Có||vf9_brochure|https://storage.googleapis.com/vinfast-data-01/brochure/VF%209_%20Brochure.pdf|16|[108.6, 561.9, 804.9, 576.2]|p16_b02|0.98
VF 9|VF 9 ECO||infotainment|Giải trí & kết nối|HỆ THỐNG LOA|Hệ thống loa|11||vf9_brochure|https://storage.googleapis.com/vinfast-data-01/brochure/VF%209_%20Brochure.pdf|17|[37.9, 15.5, 732.4, 31.0]|p17_b02|0.98
VF 9|VF 9 PLUS||infotainment|Giải trí & kết nối|HỆ THỐNG LOA|Hệ thống loa|13||vf9_brochure|https://storage.googleapis.com/vinfast-data-01/brochure/VF%209_%20Brochure.pdf|17|[37.9, 15.5, 732.4, 31.0]|p17_b02|0.98
VF 9|VF 9 ECO||infotainment|Giải trí & kết nối|Loa trầm|Loa trầm|0||vf9_brochure|https://storage.googleapis.com/vinfast-data-01/brochure/VF%209_%20Brochure.pdf|17|[37.9, 31.0, 732.4, 44.1]|p17_b02|0.98
VF 9|VF 9 PLUS||infotainment|Giải trí & kết nối|Loa trầm|Loa trầm|1||vf9_brochure|https://storage.googleapis.com/vinfast-data-01/brochure/VF%209_%20Brochure.pdf|17|[37.9, 31.0, 732.4, 44.1]|p17_b02|0.98
VF 9|VF 9 ECO||infotainment|Giải trí & kết nối|Âm ly|Âm ly|Không||vf9_brochure|https://storage.googleapis.com/vinfast-data-01/brochure/VF%209_%20Brochure.pdf|17|[37.9, 44.1, 732.4, 58.3]|p17_b02|0.98
VF 9|VF 9 PLUS||infotainment|Giải trí & kết nối|Âm ly|Âm ly|Có||vf9_brochure|https://storage.googleapis.com/vinfast-data-01/brochure/VF%209_%20Brochure.pdf|17|[37.9, 44.1, 732.4, 58.3]|p17_b02|0.98
VF 9|VF 9 ECO||interior|Nội thất|Đèn trang trí nội thất|Đèn trang trí nội thất|Có (Đa màu)||vf9_brochure|https://storage.googleapis.com/vinfast-data-01/brochure/VF%209_%20Brochure.pdf|17|[37.9, 58.3, 732.4, 72.6]|p17_b02|0.98
VF 9|VF 9 PLUS||interior|Nội thất|Đèn trang trí nội thất|Đèn trang trí nội thất|Có (Đa màu)||vf9_brochure|https://storage.googleapis.com/vinfast-data-01/brochure/VF%209_%20Brochure.pdf|17|[37.9, 58.3, 732.4, 72.6]|p17_b02|0.98
VF 9|VF 9 ECO||exterior|Ngoại thất|Đèn đọc ghế trước|Đèn đọc ghế trước|Có||vf9_brochure|https://storage.googleapis.com/vinfast-data-01/brochure/VF%209_%20Brochure.pdf|17|[37.9, 72.6, 732.4, 86.3]|p17_b02|0.98
VF 9|VF 9 PLUS||exterior|Ngoại thất|Đèn đọc ghế trước|Đèn đọc ghế trước|Có||vf9_brochure|https://storage.googleapis.com/vinfast-data-01/brochure/VF%209_%20Brochure.pdf|17|[37.9, 72.6, 732.4, 86.3]|p17_b02|0.98
VF 9|VF 9 ECO||exterior|Ngoại thất|Đèn khoang hành lý|Đèn khoang hành lý|Có||vf9_brochure|https://storage.googleapis.com/vinfast-data-01/brochure/VF%209_%20Brochure.pdf|17|[37.9, 86.3, 732.4, 100.0]|p17_b02|0.98
VF 9|VF 9 PLUS||exterior|Ngoại thất|Đèn khoang hành lý|Đèn khoang hành lý|Có||vf9_brochure|https://storage.googleapis.com/vinfast-data-01/brochure/VF%209_%20Brochure.pdf|17|[37.9, 86.3, 732.4, 100.0]|p17_b02|0.98
VF 9|VF 9 ECO||exterior|Ngoại thất|Đèn khoang hành lý trước|Đèn khoang hành lý trước|Có||vf9_brochure|https://storage.googleapis.com/vinfast-data-01/brochure/VF%209_%20Brochure.pdf|17|[37.9, 100.0, 732.4, 113.7]|p17_b02|0.98
VF 9|VF 9 PLUS||exterior|Ngoại thất|Đèn khoang hành lý trước|Đèn khoang hành lý trước|Có||vf9_brochure|https://storage.googleapis.com/vinfast-data-01/brochure/VF%209_%20Brochure.pdf|17|[37.9, 100.0, 732.4, 113.7]|p17_b02|0.98
VF 9|VF 9 ECO||exterior|Ngoại thất|Tấm che nắng, có gương|Tấm che nắng, có gương|Ghế lái và ghế phụ, thêm đèn||vf9_brochure|https://storage.googleapis.com/vinfast-data-01/brochure/VF%209_%20Brochure.pdf|17|[37.9, 113.7, 732.4, 128.0]|p17_b02|0.98
VF 9|VF 9 PLUS||exterior|Ngoại thất|Tấm che nắng, có gương|Tấm che nắng, có gương|Ghế lái và ghế phụ, thêm đèn||vf9_brochure|https://storage.googleapis.com/vinfast-data-01/brochure/VF%209_%20Brochure.pdf|17|[37.9, 113.7, 732.4, 128.0]|p17_b02|0.98
VF 9|VF 9 ECO||interior|Nội thất|Phanh tay|Phanh tay|Điện tử||vf9_brochure|https://storage.googleapis.com/vinfast-data-01/brochure/VF%209_%20Brochure.pdf|17|[37.9, 141.7, 732.4, 156.0]|p17_b02|0.98
VF 9|VF 9 PLUS||interior|Nội thất|Phanh tay|Phanh tay|Điện tử||vf9_brochure|https://storage.googleapis.com/vinfast-data-01/brochure/VF%209_%20Brochure.pdf|17|[37.9, 141.7, 732.4, 156.0]|p17_b02|0.98
VF 9|VF 9 ECO||interior|Nội thất|Gương chiếu hậu trong xe|Gương chiếu hậu trong xe|Chống chói tự động||vf9_brochure|https://storage.googleapis.com/vinfast-data-01/brochure/VF%209_%20Brochure.pdf|17|[37.9, 156.0, 732.4, 169.7]|p17_b02|0.98
VF 9|VF 9 PLUS||interior|Nội thất|Gương chiếu hậu trong xe|Gương chiếu hậu trong xe|Chống chói tự động||vf9_brochure|https://storage.googleapis.com/vinfast-data-01/brochure/VF%209_%20Brochure.pdf|17|[37.9, 156.0, 732.4, 169.7]|p17_b02|0.98
VF 9|VF 9 ECO||safety|An toàn|Hệ thống chống bó cứng phanh ABS|Hệ thống chống bó cứng phanh (ABS)|Có||vf9_brochure|https://storage.googleapis.com/vinfast-data-01/brochure/VF%209_%20Brochure.pdf|17|[37.9, 198.2, 732.4, 211.9]|p17_b02|0.98
VF 9|VF 9 PLUS||safety|An toàn|Hệ thống chống bó cứng phanh ABS|Hệ thống chống bó cứng phanh (ABS)|Có||vf9_brochure|https://storage.googleapis.com/vinfast-data-01/brochure/VF%209_%20Brochure.pdf|17|[37.9, 198.2, 732.4, 211.9]|p17_b02|0.98
VF 9|VF 9 ECO||safety|An toàn|Chức năng phân phối lực phanh điện tử EBD|Chức năng phân phối lực phanh điện tử EBD|Có||vf9_brochure|https://storage.googleapis.com/vinfast-data-01/brochure/VF%209_%20Brochure.pdf|17|[37.9, 211.9, 732.4, 226.2]|p17_b02|0.98
VF 9|VF 9 PLUS||safety|An toàn|Chức năng phân phối lực phanh điện tử EBD|Chức năng phân phối lực phanh điện tử EBD|Có||vf9_brochure|https://storage.googleapis.com/vinfast-data-01/brochure/VF%209_%20Brochure.pdf|17|[37.9, 211.9, 732.4, 226.2]|p17_b02|0.98
VF 9|VF 9 ECO||safety|An toàn|Hỗ trợ phanh khẩn cấp BA|Hỗ trợ phanh khẩn cấp BA|Có||vf9_brochure|https://storage.googleapis.com/vinfast-data-01/brochure/VF%209_%20Brochure.pdf|17|[37.9, 226.2, 732.4, 239.9]|p17_b02|0.98
VF 9|VF 9 PLUS||safety|An toàn|Hỗ trợ phanh khẩn cấp BA|Hỗ trợ phanh khẩn cấp BA|Có||vf9_brochure|https://storage.googleapis.com/vinfast-data-01/brochure/VF%209_%20Brochure.pdf|17|[37.9, 226.2, 732.4, 239.9]|p17_b02|0.98
VF 9|VF 9 ECO||safety|An toàn|Hệ thống cân bằng điện tử ESC|Hệ thống cân bằng điện tử ESC|Có||vf9_brochure|https://storage.googleapis.com/vinfast-data-01/brochure/VF%209_%20Brochure.pdf|17|[37.9, 239.9, 732.4, 254.2]|p17_b02|0.98
VF 9|VF 9 PLUS||safety|An toàn|Hệ thống cân bằng điện tử ESC|Hệ thống cân bằng điện tử ESC|Có||vf9_brochure|https://storage.googleapis.com/vinfast-data-01/brochure/VF%209_%20Brochure.pdf|17|[37.9, 239.9, 732.4, 254.2]|p17_b02|0.98
VF 9|VF 9 ECO||safety|An toàn|Chức năng kiểm soát lực kéo TCS|Chức năng kiểm soát lực kéo TCS|Có||vf9_brochure|https://storage.googleapis.com/vinfast-data-01/brochure/VF%209_%20Brochure.pdf|17|[37.9, 254.2, 732.4, 267.9]|p17_b02|0.98
VF 9|VF 9 PLUS||safety|An toàn|Chức năng kiểm soát lực kéo TCS|Chức năng kiểm soát lực kéo TCS|Có||vf9_brochure|https://storage.googleapis.com/vinfast-data-01/brochure/VF%209_%20Brochure.pdf|17|[37.9, 254.2, 732.4, 267.9]|p17_b02|0.98
VF 9|VF 9 ECO||safety|An toàn|Hỗ trợ khởi hành ngang dốc HSA|Hỗ trợ khởi hành ngang dốc HSA|Có||vf9_brochure|https://storage.googleapis.com/vinfast-data-01/brochure/VF%209_%20Brochure.pdf|17|[37.9, 267.9, 732.4, 282.2]|p17_b02|0.98
VF 9|VF 9 PLUS||safety|An toàn|Hỗ trợ khởi hành ngang dốc HSA|Hỗ trợ khởi hành ngang dốc HSA|Có||vf9_brochure|https://storage.googleapis.com/vinfast-data-01/brochure/VF%209_%20Brochure.pdf|17|[37.9, 267.9, 732.4, 282.2]|p17_b02|0.98
VF 9|VF 9 ECO||safety|An toàn|Chức năng chống lật ROM|Chức năng chống lật ROM|Có||vf9_brochure|https://storage.googleapis.com/vinfast-data-01/brochure/VF%209_%20Brochure.pdf|17|[37.9, 282.2, 732.4, 295.9]|p17_b02|0.98
VF 9|VF 9 PLUS||safety|An toàn|Chức năng chống lật ROM|Chức năng chống lật ROM|Có||vf9_brochure|https://storage.googleapis.com/vinfast-data-01/brochure/VF%209_%20Brochure.pdf|17|[37.9, 282.2, 732.4, 295.9]|p17_b02|0.98
VF 9|VF 9 ECO||safety|An toàn|Đèn báo phanh khẩn cấp ESS|Đèn báo phanh khẩn cấp ESS|Có||vf9_brochure|https://storage.googleapis.com/vinfast-data-01/brochure/VF%209_%20Brochure.pdf|17|[37.9, 295.9, 732.4, 310.1]|p17_b02|0.98
VF 9|VF 9 PLUS||safety|An toàn|Đèn báo phanh khẩn cấp ESS|Đèn báo phanh khẩn cấp ESS|Có||vf9_brochure|https://storage.googleapis.com/vinfast-data-01/brochure/VF%209_%20Brochure.pdf|17|[37.9, 295.9, 732.4, 310.1]|p17_b02|0.98
VF 9|VF 9 ECO||safety|An toàn|Giám sát áp suất lốp|Giám sát áp suất lốp|dTPMS||vf9_brochure|https://storage.googleapis.com/vinfast-data-01/brochure/VF%209_%20Brochure.pdf|17|[37.9, 310.1, 732.4, 323.8]|p17_b02|0.98
VF 9|VF 9 PLUS||safety|An toàn|Giám sát áp suất lốp|Giám sát áp suất lốp|dTPMS||vf9_brochure|https://storage.googleapis.com/vinfast-data-01/brochure/VF%209_%20Brochure.pdf|17|[37.9, 310.1, 732.4, 323.8]|p17_b02|0.98
VF 9|VF 9 ECO||safety|An toàn|Cảnh báo chống trộm|Cảnh báo chống trộm|Có||vf9_brochure|https://storage.googleapis.com/vinfast-data-01/brochure/VF%209_%20Brochure.pdf|17|[37.9, 323.8, 732.4, 338.1]|p17_b02|0.98
VF 9|VF 9 PLUS||safety|An toàn|Cảnh báo chống trộm|Cảnh báo chống trộm|Có||vf9_brochure|https://storage.googleapis.com/vinfast-data-01/brochure/VF%209_%20Brochure.pdf|17|[37.9, 323.8, 732.4, 338.1]|p17_b02|0.98
VF 9|VF 9 ECO||safety|An toàn|Gọi cứu hộ tự động và dịch vụ hỗ trợ trên đường|Gọi cứu hộ tự động và dịch vụ hỗ trợ trên đường|Có||vf9_brochure|https://storage.googleapis.com/vinfast-data-01/brochure/VF%209_%20Brochure.pdf|17|[37.9, 338.1, 732.4, 352.4]|p17_b02|0.98
VF 9|VF 9 PLUS||safety|An toàn|Gọi cứu hộ tự động và dịch vụ hỗ trợ trên đường|Gọi cứu hộ tự động và dịch vụ hỗ trợ trên đường|Có||vf9_brochure|https://storage.googleapis.com/vinfast-data-01/brochure/VF%209_%20Brochure.pdf|17|[37.9, 338.1, 732.4, 352.4]|p17_b02|0.98
VF 9|VF 9 ECO||safety|An toàn|airbags|airbags|11||vf9_brochure|https://storage.googleapis.com/vinfast-data-01/brochure/VF%209_%20Brochure.pdf|17|[37.9, 352.4, 732.4, 366.7]|p17_b02|0.98
VF 9|VF 9 PLUS||safety|An toàn|airbags|airbags|11||vf9_brochure|https://storage.googleapis.com/vinfast-data-01/brochure/VF%209_%20Brochure.pdf|17|[37.9, 352.4, 732.4, 366.7]|p17_b02|0.98
VF 9|VF 9 ECO||safety|An toàn|airbags|airbags|2||vf9_brochure|https://storage.googleapis.com/vinfast-data-01/brochure/VF%209_%20Brochure.pdf|17|[37.9, 366.7, 732.4, 380.4]|p17_b02|0.98
VF 9|VF 9 PLUS||safety|An toàn|airbags|airbags|2||vf9_brochure|https://storage.googleapis.com/vinfast-data-01/brochure/VF%209_%20Brochure.pdf|17|[37.9, 366.7, 732.4, 380.4]|p17_b02|0.98
VF 9|VF 9 ECO||safety|An toàn|airbags|airbags|2||vf9_brochure|https://storage.googleapis.com/vinfast-data-01/brochure/VF%209_%20Brochure.pdf|17|[37.9, 380.4, 732.4, 394.1]|p17_b02|0.98
VF 9|VF 9 PLUS||safety|An toàn|airbags|airbags|2||vf9_brochure|https://storage.googleapis.com/vinfast-data-01/brochure/VF%209_%20Brochure.pdf|17|[37.9, 380.4, 732.4, 394.1]|p17_b02|0.98
VF 9|VF 9 ECO||safety|An toàn|airbags|airbags|2||vf9_brochure|https://storage.googleapis.com/vinfast-data-01/brochure/VF%209_%20Brochure.pdf|17|[37.9, 394.1, 732.4, 408.4]|p17_b02|0.98
VF 9|VF 9 PLUS||safety|An toàn|airbags|airbags|2||vf9_brochure|https://storage.googleapis.com/vinfast-data-01/brochure/VF%209_%20Brochure.pdf|17|[37.9, 394.1, 732.4, 408.4]|p17_b02|0.98
VF 9|VF 9 ECO||safety|An toàn|airbags|airbags|2||vf9_brochure|https://storage.googleapis.com/vinfast-data-01/brochure/VF%209_%20Brochure.pdf|17|[37.9, 408.4, 732.4, 422.0]|p17_b02|0.98
VF 9|VF 9 PLUS||safety|An toàn|airbags|airbags|2||vf9_brochure|https://storage.googleapis.com/vinfast-data-01/brochure/VF%209_%20Brochure.pdf|17|[37.9, 408.4, 732.4, 422.0]|p17_b02|0.98
VF 9|VF 9 ECO||safety|An toàn|airbags|airbags|2||vf9_brochure|https://storage.googleapis.com/vinfast-data-01/brochure/VF%209_%20Brochure.pdf|17|[37.9, 422.0, 732.4, 436.3]|p17_b02|0.98
VF 9|VF 9 PLUS||safety|An toàn|airbags|airbags|2||vf9_brochure|https://storage.googleapis.com/vinfast-data-01/brochure/VF%209_%20Brochure.pdf|17|[37.9, 422.0, 732.4, 436.3]|p17_b02|0.98
VF 9|VF 9 ECO||safety|An toàn|airbags|airbags|1||vf9_brochure|https://storage.googleapis.com/vinfast-data-01/brochure/VF%209_%20Brochure.pdf|17|[37.9, 436.3, 732.4, 450.0]|p17_b02|0.98
VF 9|VF 9 PLUS||safety|An toàn|airbags|airbags|1||vf9_brochure|https://storage.googleapis.com/vinfast-data-01/brochure/VF%209_%20Brochure.pdf|17|[37.9, 436.3, 732.4, 450.0]|p17_b02|0.98
VF 9|VF 9 ECO||adas|Hỗ trợ lái nâng cao (ADAS)|Hỗ trợ di chuyển khi ùn tắc|Hỗ trợ di chuyển khi ùn tắc|Có||vf9_brochure|https://storage.googleapis.com/vinfast-data-01/brochure/VF%209_%20Brochure.pdf|17|[37.9, 478.0, 732.4, 492.3]|p17_b02|0.98
VF 9|VF 9 PLUS||adas|Hỗ trợ lái nâng cao (ADAS)|Hỗ trợ di chuyển khi ùn tắc|Hỗ trợ di chuyển khi ùn tắc|Có||vf9_brochure|https://storage.googleapis.com/vinfast-data-01/brochure/VF%209_%20Brochure.pdf|17|[37.9, 478.0, 732.4, 492.3]|p17_b02|0.98
VF 9|VF 9 ECO||adas|Hỗ trợ lái nâng cao (ADAS)|Hỗ trợ lái trên đường cao tốc|Hỗ trợ lái trên đường cao tốc|Có||vf9_brochure|https://storage.googleapis.com/vinfast-data-01/brochure/VF%209_%20Brochure.pdf|17|[37.9, 492.3, 732.4, 506.0]|p17_b02|0.98
VF 9|VF 9 PLUS||adas|Hỗ trợ lái nâng cao (ADAS)|Hỗ trợ lái trên đường cao tốc|Hỗ trợ lái trên đường cao tốc|Có||vf9_brochure|https://storage.googleapis.com/vinfast-data-01/brochure/VF%209_%20Brochure.pdf|17|[37.9, 492.3, 732.4, 506.0]|p17_b02|0.98
VF 9|VF 9 ECO||convenience|Tiện nghi|Cảnh báo chệch làn|Cảnh báo chệch làn|Có||vf9_brochure|https://storage.googleapis.com/vinfast-data-01/brochure/VF%209_%20Brochure.pdf|17|[37.9, 520.3, 732.4, 534.0]|p17_b02|0.98
VF 9|VF 9 PLUS||convenience|Tiện nghi|Cảnh báo chệch làn|Cảnh báo chệch làn|Có||vf9_brochure|https://storage.googleapis.com/vinfast-data-01/brochure/VF%209_%20Brochure.pdf|17|[37.9, 520.3, 732.4, 534.0]|p17_b02|0.98
VF 9|VF 9 ECO||adas|Hỗ trợ lái nâng cao (ADAS)|Hỗ trợ giữ làn|Hỗ trợ giữ làn đường (LKA)|Có||vf9_brochure|https://storage.googleapis.com/vinfast-data-01/brochure/VF%209_%20Brochure.pdf|17|[37.9, 534.0, 732.4, 548.2]|p17_b02|0.98
VF 9|VF 9 PLUS||adas|Hỗ trợ lái nâng cao (ADAS)|Hỗ trợ giữ làn|Hỗ trợ giữ làn đường (LKA)|Có||vf9_brochure|https://storage.googleapis.com/vinfast-data-01/brochure/VF%209_%20Brochure.pdf|17|[37.9, 534.0, 732.4, 548.2]|p17_b02|0.98
VF 9|VF 9 ECO||convenience|Tiện nghi|Kiểm soát đi giữa làn|Kiểm soát đi giữa làn|Có||vf9_brochure|https://storage.googleapis.com/vinfast-data-01/brochure/VF%209_%20Brochure.pdf|17|[37.9, 548.2, 732.4, 562.5]|p17_b02|0.98
VF 9|VF 9 PLUS||convenience|Tiện nghi|Kiểm soát đi giữa làn|Kiểm soát đi giữa làn|Có||vf9_brochure|https://storage.googleapis.com/vinfast-data-01/brochure/VF%209_%20Brochure.pdf|17|[37.9, 548.2, 732.4, 562.5]|p17_b02|0.98
VF 9|VF 9 ECO||convenience|Tiện nghi|Giám sát hành trình thích ứng|Giám sát hành trình thích ứng|Có||vf9_brochure|https://storage.googleapis.com/vinfast-data-01/brochure/VF%209_%20Brochure.pdf|18|[108.6, 31.5, 804.0, 45.8]|p18_b02|0.98
VF 9|VF 9 PLUS||convenience|Tiện nghi|Giám sát hành trình thích ứng|Giám sát hành trình thích ứng|Có||vf9_brochure|https://storage.googleapis.com/vinfast-data-01/brochure/VF%209_%20Brochure.pdf|18|[108.6, 31.5, 804.0, 45.8]|p18_b02|0.98
VF 9|VF 9 ECO||convenience|Tiện nghi|Điều chỉnh tốc độ thông minh|Điều chỉnh tốc độ thông minh|Có||vf9_brochure|https://storage.googleapis.com/vinfast-data-01/brochure/VF%209_%20Brochure.pdf|18|[108.6, 45.8, 804.0, 60.1]|p18_b02|0.98
VF 9|VF 9 PLUS||convenience|Tiện nghi|Điều chỉnh tốc độ thông minh|Điều chỉnh tốc độ thông minh|Có||vf9_brochure|https://storage.googleapis.com/vinfast-data-01/brochure/VF%209_%20Brochure.pdf|18|[108.6, 45.8, 804.0, 60.1]|p18_b02|0.98
VF 9|VF 9 ECO||convenience|Tiện nghi|Nhận biết biển báo giao thông|Nhận biết biển báo giao thông|Có||vf9_brochure|https://storage.googleapis.com/vinfast-data-01/brochure/VF%209_%20Brochure.pdf|18|[108.6, 60.1, 804.0, 74.4]|p18_b02|0.98
VF 9|VF 9 PLUS||convenience|Tiện nghi|Nhận biết biển báo giao thông|Nhận biết biển báo giao thông|Có||vf9_brochure|https://storage.googleapis.com/vinfast-data-01/brochure/VF%209_%20Brochure.pdf|18|[108.6, 60.1, 804.0, 74.4]|p18_b02|0.98
VF 9|VF 9 ECO||adas|Hỗ trợ lái nâng cao (ADAS)|Cảnh báo va chạm phía trước|Cảnh báo va chạm phía trước|Có||vf9_brochure|https://storage.googleapis.com/vinfast-data-01/brochure/VF%209_%20Brochure.pdf|18|[108.6, 88.1, 804.0, 101.8]|p18_b02|0.98
VF 9|VF 9 PLUS||adas|Hỗ trợ lái nâng cao (ADAS)|Cảnh báo va chạm phía trước|Cảnh báo va chạm phía trước|Có||vf9_brochure|https://storage.googleapis.com/vinfast-data-01/brochure/VF%209_%20Brochure.pdf|18|[108.6, 88.1, 804.0, 101.8]|p18_b02|0.98
VF 9|VF 9 ECO||adas|Hỗ trợ lái nâng cao (ADAS)|Cảnh báo phương tiện cắt ngang phía sau|Cảnh báo phương tiện cắt ngang phía sau|Có||vf9_brochure|https://storage.googleapis.com/vinfast-data-01/brochure/VF%209_%20Brochure.pdf|18|[108.6, 101.8, 804.0, 115.5]|p18_b02|0.98
VF 9|VF 9 PLUS||adas|Hỗ trợ lái nâng cao (ADAS)|Cảnh báo phương tiện cắt ngang phía sau|Cảnh báo phương tiện cắt ngang phía sau|Có||vf9_brochure|https://storage.googleapis.com/vinfast-data-01/brochure/VF%209_%20Brochure.pdf|18|[108.6, 101.8, 804.0, 115.5]|p18_b02|0.98
VF 9|VF 9 ECO||adas|Hỗ trợ lái nâng cao (ADAS)|Cảnh báo điểm mù|Cảnh báo điểm mù (BSD)|Có||vf9_brochure|https://storage.googleapis.com/vinfast-data-01/brochure/VF%209_%20Brochure.pdf|18|[108.6, 115.5, 804.0, 129.8]|p18_b02|0.98
VF 9|VF 9 PLUS||adas|Hỗ trợ lái nâng cao (ADAS)|Cảnh báo điểm mù|Cảnh báo điểm mù (BSD)|Có||vf9_brochure|https://storage.googleapis.com/vinfast-data-01/brochure/VF%209_%20Brochure.pdf|18|[108.6, 115.5, 804.0, 129.8]|p18_b02|0.98
VF 9|VF 9 ECO||adas|Hỗ trợ lái nâng cao (ADAS)|Cảnh báo mở cửa|Cảnh báo mở cửa|Có||vf9_brochure|https://storage.googleapis.com/vinfast-data-01/brochure/VF%209_%20Brochure.pdf|18|[108.6, 129.8, 804.0, 143.5]|p18_b02|0.98
VF 9|VF 9 PLUS||adas|Hỗ trợ lái nâng cao (ADAS)|Cảnh báo mở cửa|Cảnh báo mở cửa|Có||vf9_brochure|https://storage.googleapis.com/vinfast-data-01/brochure/VF%209_%20Brochure.pdf|18|[108.6, 129.8, 804.0, 143.5]|p18_b02|0.98
VF 9|VF 9 ECO||adas|Hỗ trợ lái nâng cao (ADAS)|Phanh tự động khẩn cấp trước|Phanh tự động khẩn cấp (AEB)|Có||vf9_brochure|https://storage.googleapis.com/vinfast-data-01/brochure/VF%209_%20Brochure.pdf|18|[108.6, 157.7, 804.0, 171.4]|p18_b02|0.98
VF 9|VF 9 PLUS||adas|Hỗ trợ lái nâng cao (ADAS)|Phanh tự động khẩn cấp trước|Phanh tự động khẩn cấp (AEB)|Có||vf9_brochure|https://storage.googleapis.com/vinfast-data-01/brochure/VF%209_%20Brochure.pdf|18|[108.6, 157.7, 804.0, 171.4]|p18_b02|0.98
VF 9|VF 9 ECO||adas|Hỗ trợ lái nâng cao (ADAS)|Hỗ trợ giữ làn khẩn cấp|Hỗ trợ giữ làn đường (LKA)|Có||vf9_brochure|https://storage.googleapis.com/vinfast-data-01/brochure/VF%209_%20Brochure.pdf|18|[108.6, 171.4, 804.0, 185.1]|p18_b02|0.98
VF 9|VF 9 PLUS||adas|Hỗ trợ lái nâng cao (ADAS)|Hỗ trợ giữ làn khẩn cấp|Hỗ trợ giữ làn đường (LKA)|Có||vf9_brochure|https://storage.googleapis.com/vinfast-data-01/brochure/VF%209_%20Brochure.pdf|18|[108.6, 171.4, 804.0, 185.1]|p18_b02|0.98
VF 9|VF 9 ECO||adas|Hỗ trợ lái nâng cao (ADAS)|Hỗ trợ đỗ phía trước|Hỗ trợ đỗ phía trước|Có||vf9_brochure|https://storage.googleapis.com/vinfast-data-01/brochure/VF%209_%20Brochure.pdf|18|[108.6, 199.4, 804.0, 213.1]|p18_b02|0.98
VF 9|VF 9 PLUS||adas|Hỗ trợ lái nâng cao (ADAS)|Hỗ trợ đỗ phía trước|Hỗ trợ đỗ phía trước|Có||vf9_brochure|https://storage.googleapis.com/vinfast-data-01/brochure/VF%209_%20Brochure.pdf|18|[108.6, 199.4, 804.0, 213.1]|p18_b02|0.98
VF 9|VF 9 ECO||adas|Hỗ trợ lái nâng cao (ADAS)|Hỗ trợ đỗ phía sau|Hỗ trợ đỗ phía sau|Có||vf9_brochure|https://storage.googleapis.com/vinfast-data-01/brochure/VF%209_%20Brochure.pdf|18|[108.6, 213.1, 804.0, 227.4]|p18_b02|0.98
VF 9|VF 9 PLUS||adas|Hỗ trợ lái nâng cao (ADAS)|Hỗ trợ đỗ phía sau|Hỗ trợ đỗ phía sau|Có||vf9_brochure|https://storage.googleapis.com/vinfast-data-01/brochure/VF%209_%20Brochure.pdf|18|[108.6, 213.1, 804.0, 227.4]|p18_b02|0.98
VF 9|VF 9 ECO||adas|Hỗ trợ lái nâng cao (ADAS)|Hệ thống camera sau|Hệ thống camera sau|Có||vf9_brochure|https://storage.googleapis.com/vinfast-data-01/brochure/VF%209_%20Brochure.pdf|18|[108.6, 227.4, 804.0, 241.1]|p18_b02|0.98
VF 9|VF 9 PLUS||adas|Hỗ trợ lái nâng cao (ADAS)|Hệ thống camera sau|Hệ thống camera sau|Có||vf9_brochure|https://storage.googleapis.com/vinfast-data-01/brochure/VF%209_%20Brochure.pdf|18|[108.6, 227.4, 804.0, 241.1]|p18_b02|0.98
VF 9|VF 9 ECO||adas|Hỗ trợ lái nâng cao (ADAS)|Giám sát xung quanh|Giám sát xung quanh|Có||vf9_brochure|https://storage.googleapis.com/vinfast-data-01/brochure/VF%209_%20Brochure.pdf|18|[108.6, 241.1, 804.0, 255.4]|p18_b02|0.98
VF 9|VF 9 PLUS||adas|Hỗ trợ lái nâng cao (ADAS)|Giám sát xung quanh|Giám sát xung quanh|Có||vf9_brochure|https://storage.googleapis.com/vinfast-data-01/brochure/VF%209_%20Brochure.pdf|18|[108.6, 241.1, 804.0, 255.4]|p18_b02|0.98
VF 9|VF 9 ECO||exterior|Ngoại thất|Đèn pha thích ứng|Đèn pha|Có||vf9_brochure|https://storage.googleapis.com/vinfast-data-01/brochure/VF%209_%20Brochure.pdf|18|[108.6, 269.7, 804.0, 283.9]|p18_b02|0.98
VF 9|VF 9 PLUS||exterior|Ngoại thất|Đèn pha thích ứng|Đèn pha|Có||vf9_brochure|https://storage.googleapis.com/vinfast-data-01/brochure/VF%209_%20Brochure.pdf|18|[108.6, 269.7, 804.0, 283.9]|p18_b02|0.98
VF 9|VF 9 ECO||convenience|Tiện nghi|Hệ thống giám sát lái xe|Hệ thống giám sát lái xe|Có||vf9_brochure|https://storage.googleapis.com/vinfast-data-01/brochure/VF%209_%20Brochure.pdf|18|[108.6, 283.9, 804.0, 297.6]|p18_b02|0.98
VF 9|VF 9 PLUS||convenience|Tiện nghi|Hệ thống giám sát lái xe|Hệ thống giám sát lái xe|Có||vf9_brochure|https://storage.googleapis.com/vinfast-data-01/brochure/VF%209_%20Brochure.pdf|18|[108.6, 283.9, 804.0, 297.6]|p18_b02|0.98
VF 9|VF 9 ECO||exterior|Ngoại thất|Tay nắm cửa|Tay nắm cửa|Loại ẩn||vf9_brochure|https://storage.googleapis.com/vinfast-data-01/brochure/VF%209_%20Brochure.pdf|18|[108.6, 311.9, 804.0, 325.6]|p18_b02|0.98
VF 9|VF 9 PLUS||exterior|Ngoại thất|Tay nắm cửa|Tay nắm cửa|Loại ẩn||vf9_brochure|https://storage.googleapis.com/vinfast-data-01/brochure/VF%209_%20Brochure.pdf|18|[108.6, 311.9, 804.0, 325.6]|p18_b02|0.98
VF 9|VF 9 ECO||exterior|Ngoại thất|Bậc lên xuống|Bậc lên xuống|AFS||vf9_brochure|https://storage.googleapis.com/vinfast-data-01/brochure/VF%209_%20Brochure.pdf|18|[108.6, 325.6, 804.0, 339.3]|p18_b02|0.98
VF 9|VF 9 PLUS||exterior|Ngoại thất|Bậc lên xuống|Bậc lên xuống|Có||vf9_brochure|https://storage.googleapis.com/vinfast-data-01/brochure/VF%209_%20Brochure.pdf|18|[108.6, 325.6, 804.0, 339.3]|p18_b02|0.98
VF 9|VF 9 ECO||exterior|Ngoại thất|Thanh trang trí nóc xe|Loại nóc xe|AFS||vf9_brochure|https://storage.googleapis.com/vinfast-data-01/brochure/VF%209_%20Brochure.pdf|18|[108.6, 339.3, 804.0, 353.6]|p18_b02|0.98
VF 9|VF 9 PLUS||exterior|Ngoại thất|Thanh trang trí nóc xe|Loại nóc xe|AFS||vf9_brochure|https://storage.googleapis.com/vinfast-data-01/brochure/VF%209_%20Brochure.pdf|18|[108.6, 339.3, 804.0, 353.6]|p18_b02|0.98
VF 9|VF 9 ECO||interior|Nội thất|Loại vô lăng|Loại vô lăng|Dạng D-cut||vf9_brochure|https://storage.googleapis.com/vinfast-data-01/brochure/VF%209_%20Brochure.pdf|18|[108.6, 381.6, 804.0, 395.3]|p18_b02|0.98
VF 9|VF 9 PLUS||interior|Nội thất|Loại vô lăng|Loại vô lăng|Dạng D-cut||vf9_brochure|https://storage.googleapis.com/vinfast-data-01/brochure/VF%209_%20Brochure.pdf|18|[108.6, 381.6, 804.0, 395.3]|p18_b02|0.98
VF 9|VF 9 ECO||interior|Nội thất|Bọc vô lăng|Vô lăng|Da thân thiện môi trường||vf9_brochure|https://storage.googleapis.com/vinfast-data-01/brochure/VF%209_%20Brochure.pdf|18|[108.6, 395.3, 804.0, 409.0]|p18_b02|0.98
VF 9|VF 9 PLUS||interior|Nội thất|Bọc vô lăng|Vô lăng|Da thân thiện môi trường||vf9_brochure|https://storage.googleapis.com/vinfast-data-01/brochure/VF%209_%20Brochure.pdf|18|[108.6, 395.3, 804.0, 409.0]|p18_b02|0.98
VF 9|VF 9 ECO||convenience|Tiện nghi|Lựa chọn chế độ vận hành đặc biệt|Lựa chọn chế độ vận hành đặc biệt|Có||vf9_brochure|https://storage.googleapis.com/vinfast-data-01/brochure/VF%209_%20Brochure.pdf|18|[108.6, 423.2, 804.0, 436.9]|p18_b02|0.98
VF 9|VF 9 PLUS||convenience|Tiện nghi|Lựa chọn chế độ vận hành đặc biệt|Lựa chọn chế độ vận hành đặc biệt|Có||vf9_brochure|https://storage.googleapis.com/vinfast-data-01/brochure/VF%209_%20Brochure.pdf|18|[108.6, 423.2, 804.0, 436.9]|p18_b02|0.98
VF 9|VF 9 ECO||convenience|Tiện nghi|Cài đặt Giới hạn thời gian hoạt động & khu vực hoạt động của xe|Cài đặt Giới hạn thời gian hoạt động & khu vực hoạt động của xe|Có||vf9_brochure|https://storage.googleapis.com/vinfast-data-01/brochure/VF%209_%20Brochure.pdf|18|[108.6, 436.9, 804.0, 450.6]|p18_b02|0.98
VF 9|VF 9 PLUS||convenience|Tiện nghi|Cài đặt Giới hạn thời gian hoạt động & khu vực hoạt động của xe|Cài đặt Giới hạn thời gian hoạt động & khu vực hoạt động của xe|Có||vf9_brochure|https://storage.googleapis.com/vinfast-data-01/brochure/VF%209_%20Brochure.pdf|18|[108.6, 436.9, 804.0, 450.6]|p18_b02|0.98
VF 9|VF 9 ECO||convenience|Tiện nghi|Giải trí trực tuyến|Giải trí trực tuyến|Có||vf9_brochure|https://storage.googleapis.com/vinfast-data-01/brochure/VF%209_%20Brochure.pdf|18|[108.6, 450.6, 804.0, 464.9]|p18_b02|0.98
VF 9|VF 9 PLUS||convenience|Tiện nghi|Giải trí trực tuyến|Giải trí trực tuyến|Có||vf9_brochure|https://storage.googleapis.com/vinfast-data-01/brochure/VF%209_%20Brochure.pdf|18|[108.6, 450.6, 804.0, 464.9]|p18_b02|0.98
VF 9|VF 9 ECO||convenience|Tiện nghi|Trò chơi|Trò chơi|Có||vf9_brochure|https://storage.googleapis.com/vinfast-data-01/brochure/VF%209_%20Brochure.pdf|18|[108.6, 464.9, 804.0, 479.2]|p18_b02|0.98
VF 9|VF 9 PLUS||convenience|Tiện nghi|Trò chơi|Trò chơi|Có||vf9_brochure|https://storage.googleapis.com/vinfast-data-01/brochure/VF%209_%20Brochure.pdf|18|[108.6, 464.9, 804.0, 479.2]|p18_b02|0.98
VF 9|VF 9 ECO||infotainment|Giải trí & kết nối|Điều hướng và dẫn đường trên màn hình trung tâm|Màn hình giải trí trung tâm|Có||vf9_brochure|https://storage.googleapis.com/vinfast-data-01/brochure/VF%209_%20Brochure.pdf|18|[108.6, 479.2, 804.0, 493.5]|p18_b02|0.98
VF 9|VF 9 PLUS||infotainment|Giải trí & kết nối|Điều hướng và dẫn đường trên màn hình trung tâm|Màn hình giải trí trung tâm|Có||vf9_brochure|https://storage.googleapis.com/vinfast-data-01/brochure/VF%209_%20Brochure.pdf|18|[108.6, 479.2, 804.0, 493.5]|p18_b02|0.98
VF 9|VF 9 ECO||convenience|Tiện nghi|Trình duyệt web|Trình duyệt web|Có||vf9_brochure|https://storage.googleapis.com/vinfast-data-01/brochure/VF%209_%20Brochure.pdf|18|[108.6, 493.5, 804.0, 507.2]|p18_b02|0.98
VF 9|VF 9 PLUS||convenience|Tiện nghi|Trình duyệt web|Trình duyệt web|Có||vf9_brochure|https://storage.googleapis.com/vinfast-data-01/brochure/VF%209_%20Brochure.pdf|18|[108.6, 493.5, 804.0, 507.2]|p18_b02|0.98
VF 9|VF 9 ECO||connected|Kết nối thông minh|Tự chẩn đoán lỗi|Tự chẩn đoán lỗi|Có||vf9_brochure|https://storage.googleapis.com/vinfast-data-01/brochure/VF%209_%20Brochure.pdf|18|[108.6, 507.2, 804.0, 521.5]|p18_b02|0.98
VF 9|VF 9 PLUS||connected|Kết nối thông minh|Tự chẩn đoán lỗi|Tự chẩn đoán lỗi|Có||vf9_brochure|https://storage.googleapis.com/vinfast-data-01/brochure/VF%209_%20Brochure.pdf|18|[108.6, 507.2, 804.0, 521.5]|p18_b02|0.98
VF 9|VF 9 ECO||infotainment|Giải trí & kết nối|Hỏi đáp trợ lý ảo|Trợ lý ảo VinFast|Có||vf9_brochure|https://storage.googleapis.com/vinfast-data-01/brochure/VF%209_%20Brochure.pdf|18|[108.6, 521.5, 804.0, 535.2]|p18_b02|0.98
VF 9|VF 9 PLUS||infotainment|Giải trí & kết nối|Hỏi đáp trợ lý ảo|Trợ lý ảo VinFast|Có||vf9_brochure|https://storage.googleapis.com/vinfast-data-01/brochure/VF%209_%20Brochure.pdf|18|[108.6, 521.5, 804.0, 535.2]|p18_b02|0.98
VF 9|VF 9 ECO||convenience|Tiện nghi|Điều khiển xe và cài đặt bằng giọng nói|Điều khiển xe và cài đặt bằng giọng nói|Có||vf9_brochure|https://storage.googleapis.com/vinfast-data-01/brochure/VF%209_%20Brochure.pdf|18|[108.6, 535.2, 804.0, 549.4]|p18_b02|0.98
VF 9|VF 9 PLUS||convenience|Tiện nghi|Điều khiển xe và cài đặt bằng giọng nói|Điều khiển xe và cài đặt bằng giọng nói|Có||vf9_brochure|https://storage.googleapis.com/vinfast-data-01/brochure/VF%209_%20Brochure.pdf|18|[108.6, 535.2, 804.0, 549.4]|p18_b02|0.98
VF 9|VF 9 ECO||convenience|Tiện nghi|Ứng dụng điện thoại|Ứng dụng điện thoại|Có||vf9_brochure|https://storage.googleapis.com/vinfast-data-01/brochure/VF%209_%20Brochure.pdf|18|[108.6, 549.4, 804.0, 563.7]|p18_b02|0.98
VF 9|VF 9 PLUS||convenience|Tiện nghi|Ứng dụng điện thoại|Ứng dụng điện thoại|Có||vf9_brochure|https://storage.googleapis.com/vinfast-data-01/brochure/VF%209_%20Brochure.pdf|18|[108.6, 549.4, 804.0, 563.7]|p18_b02|0.98
VF 9|VF 9 ECO||connected|Kết nối thông minh|Cập nhật phần mềm từ xa|Cập nhật phần mềm từ xa (OTA)|Có||vf9_brochure|https://storage.googleapis.com/vinfast-data-01/brochure/VF%209_%20Brochure.pdf|18|[108.6, 563.7, 804.0, 577.4]|p18_b02|0.98
VF 9|VF 9 PLUS||connected|Kết nối thông minh|Cập nhật phần mềm từ xa|Cập nhật phần mềm từ xa (OTA)|Có||vf9_brochure|https://storage.googleapis.com/vinfast-data-01/brochure/VF%209_%20Brochure.pdf|18|[108.6, 563.7, 804.0, 577.4]|p18_b02|0.98
VF 9|||battery|Pin & sạc|Bảo hành xe mới|Bảo hành xe mới|10 hoặc 200.000|năm hoặc km|vf9_brochure|https://storage.googleapis.com/vinfast-data-01/brochure/VF%209_%20Brochure.pdf|20|[92.4, 169.7, 264.7, 219.7]|p20_b02|0.98
VF 9|||battery|Pin & sạc|Điều kiện áp dụng bảo hành xe mới|Điều kiện áp dụng bảo hành xe mới|Tùy điều kiện nào đến trước||vf9_brochure|https://storage.googleapis.com/vinfast-data-01/brochure/VF%209_%20Brochure.pdf|20|[121.8, 203.6, 264.7, 219.7]|p20_b02|0.98
VF 9|||warranty|Warranty|Bảo hành pin|Thời gian bảo hành pin|10 hoặc 200.000|năm hoặc km|vf9_brochure|https://storage.googleapis.com/vinfast-data-01/brochure/VF%209_%20Brochure.pdf|20|[92.4, 239.9, 264.7, 288.1]|p20_b02|0.98
VF 9|||warranty|Warranty|Điều kiện áp dụng bảo hành pin|Thời gian bảo hành pin|Tùy điều kiện nào đến trước||vf9_brochure|https://storage.googleapis.com/vinfast-data-01/brochure/VF%209_%20Brochure.pdf|20|[121.8, 273.8, 264.7, 288.1]|p20_b02|0.98
VF 9|||battery|Pin & sạc|Sửa chữa lưu động (Mobile Service) & Cứu hộ 24/7 trong suốt thời gian bảo hành|Sửa chữa lưu động (Mobile Service) & Cứu hộ 24/7 trong suốt thời gian bảo hành|Có||vf9_brochure|https://storage.googleapis.com/vinfast-data-01/brochure/VF%209_%20Brochure.pdf|20|[352.9, 175.0, 500.0, 223.2]|p20_b02|0.98
VF 9|||battery|Pin & sạc|Mạng lưới cổng sạc|Mạng lưới cổng sạc|150.000|cổng sạc|vf9_brochure|https://storage.googleapis.com/vinfast-data-01/brochure/VF%209_%20Brochure.pdf|20|[352.9, 242.3, 500.0, 275.6]|p20_b02|0.98
VF 9|||battery|Pin & sạc|Phạm vi mạng lưới cổng sạc|Phạm vi mạng lưới cổng sạc|34/34|tỉnh, thành phố|vf9_brochure|https://storage.googleapis.com/vinfast-data-01/brochure/VF%209_%20Brochure.pdf|20|[361.3, 257.2, 500.0, 275.6]|p20_b02|0.98
VF 9|||convenience|Tiện nghi|Hệ thống showroom và xưởng dịch vụ|Hệ thống showroom và xưởng dịch vụ|Không ngừng được mở rộng||vf9_brochure|https://storage.googleapis.com/vinfast-data-01/brochure/VF%209_%20Brochure.pdf|20|[569.7, 108.9, 748.7, 151.2]|p20_b02|0.98
VF 9|Tiêu chuẩn||exterior|Ngoại thất|Màu ngoại thất|Màu ngoại thất|INFINITY BLANC||vf9_brochure|https://storage.googleapis.com/vinfast-data-01/brochure/VF%209_%20Brochure.pdf|22|[195.3, 98.2, 488.3, 153.6]|p22_b02|0.98
VF 9|Tiêu chuẩn||exterior|Ngoại thất|Màu ngoại thất|Màu ngoại thất|CRIMSON RED||vf9_brochure|https://storage.googleapis.com/vinfast-data-01/brochure/VF%209_%20Brochure.pdf|22|[512.7, 98.8, 804.8, 154.2]|p22_b02|0.98
VF 9|Tiêu chuẩn||exterior|Ngoại thất|Màu ngoại thất|Màu ngoại thất|ZENITH GREY||vf9_brochure|https://storage.googleapis.com/vinfast-data-01/brochure/VF%209_%20Brochure.pdf|22|[195.3, 173.2, 488.3, 228.0]|p22_b02|0.98
VF 9|Tiêu chuẩn||exterior|Ngoại thất|Màu ngoại thất|Màu ngoại thất|URBAN MINT||vf9_brochure|https://storage.googleapis.com/vinfast-data-01/brochure/VF%209_%20Brochure.pdf|22|[512.7, 173.2, 804.8, 228.0]|p22_b02|0.98
VF 9|Tiêu chuẩn||exterior|Ngoại thất|Màu ngoại thất|Màu ngoại thất|JET BLACK||vf9_brochure|https://storage.googleapis.com/vinfast-data-01/brochure/VF%209_%20Brochure.pdf|22|[195.3, 251.8, 488.3, 307.8]|p22_b02|0.98
VF 9|Nâng cao||exterior|Ngoại thất|Màu ngoại thất|Màu ngoại thất|IVY GREEN||vf9_brochure|https://storage.googleapis.com/vinfast-data-01/brochure/VF%209_%20Brochure.pdf|22|[193.6, 363.7, 484.9, 418.5]|p22_b02|0.98
VF 9|Nâng cao||exterior|Ngoại thất|Màu ngoại thất|Màu ngoại thất|DESAT SILVER||vf9_brochure|https://storage.googleapis.com/vinfast-data-01/brochure/VF%209_%20Brochure.pdf|22|[512.7, 363.7, 804.8, 418.5]|p22_b02|0.98
VF 9|ECO||interior|Nội thất|Màu nội thất|Màu nội thất|Black||vf9_brochure|https://storage.googleapis.com/vinfast-data-01/brochure/VF%209_%20Brochure.pdf|22|[346.9, 458.4, 412.5, 497.1]|p22_b02|0.98
VF 9|PLUS||interior|Nội thất|Màu nội thất|Màu nội thất|Black||vf9_brochure|https://storage.googleapis.com/vinfast-data-01/brochure/VF%209_%20Brochure.pdf|22|[577.5, 458.4, 644.0, 497.1]|p22_b02|0.98
VF 9|PLUS||interior|Nội thất|Màu nội thất|Màu nội thất|Saddle Brown||vf9_brochure|https://storage.googleapis.com/vinfast-data-01/brochure/VF%209_%20Brochure.pdf|22|[658.4, 458.4, 724.9, 497.1]|p22_b02|0.98
VF 3|Eco||pricing|Pricing|price_vnd|Giá bán chính thức|302|triệu đồng|vf_3_brochure|vf3_brochure.pdf|2|[462.1, 178.6, 679.6, 455.4]|p02_b02|0.98
VF 3|Eco||convenience|Tiện nghi|xe_kem_pin|Xe kèm pin|Có||vf_3_brochure|vf3_brochure.pdf|2|[462.1, 178.6, 679.6, 455.4]|p02_b02|0.98
VF 3|Eco||convenience|Tiện nghi|android_auto__apple_carplay|Android Auto & Apple CarPlay|Có||vf_3_brochure|vf3_brochure.pdf|2|[462.1, 178.6, 679.6, 455.4]|p02_b02|0.98
VF 3|Plus||pricing|Pricing|price_vnd|Giá bán chính thức|315|triệu đồng|vf_3_brochure|vf3_brochure.pdf|2|[695.4, 178.6, 912.9, 455.4]|p02_b02|0.98
VF 3|Plus||convenience|Tiện nghi|xe_kem_pin|Xe kèm pin|Có||vf_3_brochure|vf3_brochure.pdf|2|[695.4, 178.6, 912.9, 455.4]|p02_b02|0.98
VF 3|Plus||convenience|Tiện nghi|android_auto__apple_carplay|Android Auto & Apple CarPlay|Có||vf_3_brochure|vf3_brochure.pdf|2|[695.4, 178.6, 912.9, 455.4]|p02_b02|0.98
VF 3|Plus||convenience|Tiện nghi|op_lung|Ốp lưng|Gương chiếu hậu chỉnh điện & gập điện; camera lùi||vf_3_brochure|vf3_brochure.pdf|2|[695.4, 178.6, 912.9, 455.4]|p02_b02|0.98
VF 3|||dimension|Kích thước & trọng lượng|height_mm|Chiều cao tổng thể|1652|mm|vf_3_brochure|vf3_brochure.pdf|4|[32.7, 122.0, 98.0, 256.0]|p04_b02|0.98
VF 3|||dimension|Kích thước & trọng lượng|length_mm|Chiều dài tổng thể|3190|mm|vf_3_brochure|vf3_brochure.pdf|4|[93.3, 256.0, 233.4, 306.6]|p04_b02|0.98
VF 3|||dimension|Kích thước & trọng lượng|width_mm|Chiều rộng tổng thể|1679|mm|vf_3_brochure|vf3_brochure.pdf|4|[242.7, 256.0, 387.4, 306.6]|p04_b02|0.98
VF 3|||dimension|Kích thước & trọng lượng|wheelbase_mm|Chiều dài cơ sở|2075|mm|vf_3_brochure|vf3_brochure.pdf|4|[116.7, 497.1, 247.4, 544.7]|p04_b02|0.98
VF 3|||powertrain|Hệ thống truyền động|engine_type|Loại động cơ|01 Motor||vf_3_brochure|vf3_brochure.pdf|4|[574.1, 187.5, 849.4, 226.2]|p04_b02|0.98
VF 3|||powertrain|Hệ thống truyền động|power_kw|Công suất tối đa|30|kW|vf_3_brochure|vf3_brochure.pdf|4|[578.7, 232.2, 844.8, 256.0]|p04_b02|0.98
VF 3|||powertrain|Hệ thống truyền động|torque_nm|Mô men xoắn cực đại|110|Nm|vf_3_brochure|vf3_brochure.pdf|4|[574.1, 261.9, 849.4, 300.6]|p04_b02|0.98
VF 3|||battery|Pin & sạc|fast_charge_min|Thời gian nạp pin nhanh nhất|36|phút|vf_3_brochure|vf3_brochure.pdf|4|[574.1, 303.6, 849.4, 339.3]|p04_b02|0.98
VF 3|||powertrain|Hệ thống truyền động|drivetrain|Hệ dẫn động|RWD/Cầu sau||vf_3_brochure|vf3_brochure.pdf|4|[574.1, 339.3, 849.4, 378.0]|p04_b02|0.98
VF 3|||dimension|Kích thước & trọng lượng|payload_kg|Tải trọng|300|kg|vf_3_brochure|vf3_brochure.pdf|5|[508.7, 39.9, 695.4, 80.4]|p05_b02|0.98
VF 3|||dimension|Kích thước & trọng lượng|payload_kg|Tải trọng|50|kg|vf_3_brochure|vf3_brochure.pdf|5|[319.2, 169.1, 424.7, 239.9]|p05_b02|0.98
VF 3|||dimension|Kích thước & trọng lượng|turning_radius_m|Bán kính quay vòng tối thiểu|4.5|m|vf_3_brochure|vf3_brochure.pdf|5|[564.7, 380.4, 681.4, 430.4]|p05_b02|0.98
VF 3|||dimension|Kích thước & trọng lượng|ground_clearance_mm|Khoảng sáng gầm xe|175|mm|vf_3_brochure|vf3_brochure.pdf|5|[506.9, 472.1, 629.1, 517.9]|p05_b02|0.98
VF 3|||battery|Pin & sạc|range_km|Quãng đường di chuyển|215|km|vf_3_brochure|vf3_brochure.pdf|5|[339.8, 445.3, 458.3, 503.0]|p05_b02|0.98
VF 3|||battery|Pin & sạc|fast_charge_min|Thời gian sạc nhanh|36|phút|vf_3_brochure|vf3_brochure.pdf|5|[197.0, 495.9, 332.3, 541.7]|p05_b02|0.98
VF 3|||convenience|Tiện nghi|man_hinh|Màn hình|10|inch|vf_3_brochure|vf3_brochure.pdf|5|[623.5, 312.5, 791.6, 356.0]|p05_b02|0.98
VF 3|||convenience|Tiện nghi|thoi_han_bao_hanh|Thời hạn bảo hành|7|năm|vf_3_brochure|vf3_brochure.pdf|8|[118.5, 160.1, 182.0, 195.8]|p08_b02|0.98
VF 3|||battery|Pin & sạc|range_km|Quãng đường di chuyển|160000|km|vf_3_brochure|vf3_brochure.pdf|8|[120.4, 198.2, 266.0, 228.6]|p08_b02|0.4
VF 3|||convenience|Tiện nghi|ieu_kien_su_dung|Điều kiện sử dụng|Điều kiện sử dụng tiêu chuẩn||vf_3_brochure|vf3_brochure.pdf|8|[126.0, 231.6, 262.3, 241.7]|p08_b02|0.98
VF 3|||convenience|Tiện nghi|thoi_han_bao_hanh|Thời hạn bảo hành|3|năm|vf_3_brochure|vf3_brochure.pdf|8|[301.5, 160.7, 356.6, 195.8]|p08_b02|0.98
VF 3|||battery|Pin & sạc|range_km|Quãng đường di chuyển|100000|km|vf_3_brochure|vf3_brochure.pdf|8|[305.2, 198.2, 447.1, 228.6]|p08_b02|0.4
VF 3|||convenience|Tiện nghi|ieu_kien_su_dung|Điều kiện sử dụng|Sử dụng mục đích Dịch vụ thương mại||vf_3_brochure|vf3_brochure.pdf|8|[305.2, 231.6, 447.1, 241.7]|p08_b02|0.98
VF 3|||convenience|Tiện nghi|thoi_han_bao_hanh|Thời hạn bảo hành|8|năm|vf_3_brochure|vf3_brochure.pdf|8|[118.5, 313.1, 181.1, 345.9]|p08_b02|0.98
VF 3|||battery|Pin & sạc|range_km|Quãng đường di chuyển|160000|km|vf_3_brochure|vf3_brochure.pdf|8|[121.3, 350.0, 264.2, 377.4]|p08_b02|0.4
VF 3|||convenience|Tiện nghi|ieu_kien_su_dung|Điều kiện sử dụng|Điều kiện sử dụng tiêu chuẩn||vf_3_brochure|vf3_brochure.pdf|8|[126.9, 379.8, 261.4, 389.9]|p08_b02|0.98
VF 3|||convenience|Tiện nghi|thoi_han_bao_hanh|Thời hạn bảo hành|3|năm|vf_3_brochure|vf3_brochure.pdf|8|[301.5, 313.1, 356.6, 345.3]|p08_b02|0.98
VF 3|||battery|Pin & sạc|range_km|Quãng đường di chuyển|100000|km|vf_3_brochure|vf3_brochure.pdf|8|[304.3, 350.0, 447.1, 377.4]|p08_b02|0.4
VF 3|||convenience|Tiện nghi|ieu_kien_su_dung|Điều kiện sử dụng|Sử dụng mục đích Dịch vụ thương mại||vf_3_brochure|vf3_brochure.pdf|8|[305.2, 380.4, 447.1, 389.9]|p08_b02|0.98
VF 3|||dimension|Kích thước & trọng lượng|wheelbase_mm|Chiều dài cơ sở|2075|mm|vf_3_brochure|vf3_brochure.pdf|9|[84.9, 81.0, 252.0, 88.1]|p09_b02|0.98
VF 3|||dimension|Kích thước & trọng lượng|length_mm|Chiều dài tổng thể|3190|mm|vf_3_brochure|vf3_brochure.pdf|9|[84.9, 87.5, 270.7, 95.2]|p09_b02|0.98
VF 3|||dimension|Kích thước & trọng lượng|width_mm|Chiều rộng tổng thể|1679|mm|vf_3_brochure|vf3_brochure.pdf|9|[84.9, 87.5, 270.7, 95.2]|p09_b02|0.98
VF 3|||dimension|Kích thước & trọng lượng|height_mm|Chiều cao tổng thể|1652|mm|vf_3_brochure|vf3_brochure.pdf|9|[84.9, 87.5, 270.7, 95.2]|p09_b02|0.98
VF 3|||dimension|Kích thước & trọng lượng|ground_clearance_mm|Khoảng sáng gầm xe không tải|175|mm|vf_3_brochure|vf3_brochure.pdf|9|[84.9, 94.1, 252.0, 101.2]|p09_b02|0.98
VF 3|||convenience|Tiện nghi|dung_tich_khoang_chua_hanh_ly_l__dung_hang_ghe_cuo|Dung tích khoang chứa hành lý (L) - Dung hàng ghế cuối|36|L|vf_3_brochure|vf3_brochure.pdf|9|[84.9, 100.0, 270.7, 107.7]|p09_b02|0.98
VF 3|||convenience|Tiện nghi|dung_tich_khoang_chua_hanh_ly_l__gap_hang_ghe_cuoi|Dung tích khoang chứa hành lý (L) - Gập hàng ghế cuối|285|L|vf_3_brochure|vf3_brochure.pdf|9|[84.9, 106.6, 270.7, 114.3]|p09_b02|0.98
VF 3|||dimension|Kích thước & trọng lượng|turning_radius_m|Bán kính quay vòng tối thiểu|4.5|m|vf_3_brochure|vf3_brochure.pdf|9|[84.9, 113.1, 252.0, 120.8]|p09_b02|0.98
VF 3|||dimension|Kích thước & trọng lượng|curb_weight_kg|Trọng lượng không tải|857|kg|vf_3_brochure|vf3_brochure.pdf|9|[84.9, 127.4, 252.0, 135.1]|p09_b02|0.98
VF 3|||dimension|Kích thước & trọng lượng|payload_kg|Tải trọng|300|kg|vf_3_brochure|vf3_brochure.pdf|9|[84.9, 133.9, 252.0, 141.7]|p09_b02|0.98
VF 3|||dimension|Kích thước & trọng lượng|roof_load_kg|Tải trọng hành lý nóc xe|50|kg|vf_3_brochure|vf3_brochure.pdf|9|[84.9, 140.5, 261.4, 148.2]|p09_b02|0.98
VF 3|||chassis|Khung gầm & hệ thống treo|suspension_type|Hệ thống treo|Độc lập, MacPherson||vf_3_brochure|vf3_brochure.pdf|9|[84.9, 189.3, 280.0, 197.0]|p09_b02|0.98
VF 3|||chassis|Khung gầm & hệ thống treo|suspension_type|Hệ thống treo|Phụ thuộc, trục cứng với thanh xoắn Panhard||vf_3_brochure|vf3_brochure.pdf|9|[84.9, 195.8, 317.4, 204.2]|p09_b02|0.98
VF 3|||convenience|Tiện nghi|phanh_truoc|Phanh trước|Phanh đĩa, calip nổi||vf_3_brochure|vf3_brochure.pdf|9|[84.9, 210.1, 289.4, 217.9]|p09_b02|0.98
VF 3|||convenience|Tiện nghi|phanh_sau|Phanh sau|Phanh tang trống||vf_3_brochure|vf3_brochure.pdf|9|[84.9, 216.7, 280.0, 224.4]|p09_b02|0.98
VF 3|||chassis|Khung gầm & hệ thống treo|tire_size|Kích thước lốp|175 / 75R16||vf_3_brochure|vf3_brochure.pdf|9|[84.9, 241.1, 261.4, 248.8]|p09_b02|0.98
VF 3|||chassis|Khung gầm & hệ thống treo|tire_repair_kit|Bộ vá lốp|AFS||vf_3_brochure|vf3_brochure.pdf|9|[84.9, 247.6, 252.0, 255.4]|p09_b02|0.98
VF 3|||convenience|Tiện nghi|tro_luc_lai|Trợ lực lái|Có||vf_3_brochure|vf3_brochure.pdf|9|[84.9, 273.8, 252.0, 281.6]|p09_b02|0.98
VF 3|||exterior|Ngoại thất|headlight_type|Đèn pha|Halogen||vf_3_brochure|vf3_brochure.pdf|9|[84.9, 317.9, 261.4, 325.6]|p09_b02|0.98
VF 3|||exterior|Ngoại thất|taillight_type|Đèn hậu|Halogen||vf_3_brochure|vf3_brochure.pdf|9|[84.9, 324.4, 261.4, 332.2]|p09_b02|0.98
VF 3|||convenience|Tiện nghi|en_inh_vi|Đèn định vị|Halogen||vf_3_brochure|vf3_brochure.pdf|9|[84.9, 331.0, 261.4, 338.7]|p09_b02|0.98
VF 3|||exterior|Ngoại thất|tailgate_type|Cốp sau|Chỉnh cơ||vf_3_brochure|vf3_brochure.pdf|9|[84.9, 337.5, 270.7, 345.3]|p09_b02|0.98
VF 3|||convenience|Tiện nghi|canh_huong_gio|Cánh hướng gió|Có||vf_3_brochure|vf3_brochure.pdf|9|[84.9, 344.1, 252.0, 351.8]|p09_b02|0.98
VF 3|||powertrain|Hệ thống truyền động|power_kw|Công suất tối đa|30|kW|vf_3_brochure|vf3_brochure.pdf|9|[84.9, 396.5, 252.0, 404.2]|p09_b02|0.98
VF 3|||powertrain|Hệ thống truyền động|torque_nm|Mô men xoắn cực đại|110|Nm|vf_3_brochure|vf3_brochure.pdf|9|[84.9, 403.0, 252.0, 410.7]|p09_b02|0.98
VF 3|||powertrain|Hệ thống truyền động|top_speed_kmh|Tốc độ tối đa|100|km/h|vf_3_brochure|vf3_brochure.pdf|9|[84.9, 409.5, 326.7, 418.5]|p09_b02|0.98
VF 3|||battery|Pin & sạc|battery_type|Loại pin|LFP||vf_3_brochure|vf3_brochure.pdf|9|[84.9, 435.1, 252.0, 442.9]|p09_b02|0.98
VF 3|||battery|Pin & sạc|battery_kwh|Dung lượng pin khả dụng|18.64|kWh|vf_3_brochure|vf3_brochure.pdf|9|[84.9, 441.7, 261.4, 449.4]|p09_b02|0.98
VF 3|||battery|Pin & sạc|range_km|Quãng đường chạy 1 lần sạc đầy|215|km|vf_3_brochure|vf3_brochure.pdf|9|[84.9, 448.2, 336.0, 457.2]|p09_b02|0.98
VF 3|||convenience|Tiện nghi|tinh_nang_sac_nhanh|Tính năng sạc nhanh|Có||vf_3_brochure|vf3_brochure.pdf|9|[84.9, 455.4, 252.0, 463.1]|p09_b02|0.98
VF 3|||powertrain|Hệ thống truyền động|regenerative_braking|Hệ thống phanh tái sinh|Có||vf_3_brochure|vf3_brochure.pdf|9|[84.9, 461.9, 252.0, 469.7]|p09_b02|0.98
VF 3|||convenience|Tiện nghi|thoi_gian_nap_pin_nhanh|Thời gian nạp pin nhanh|36 phút (10 - 70%)|phút|vf_3_brochure|vf3_brochure.pdf|9|[84.9, 468.5, 298.7, 476.8]|p09_b02|0.98
VF 3|||powertrain|Hệ thống truyền động|drivetrain|Hệ dẫn động|RWD||vf_3_brochure|vf3_brochure.pdf|9|[84.9, 510.7, 252.0, 518.5]|p09_b02|0.98
VF 3|||powertrain|Hệ thống truyền động|drive_modes|Chế độ lái|Có (Eco/Normal)||vf_3_brochure|vf3_brochure.pdf|9|[84.9, 517.3, 289.4, 525.6]|p09_b02|0.98
VF 3|||interior|Nội thất|seats_count|Số chỗ ngồi|4|chỗ|vf_3_brochure|vf3_brochure.pdf|9|[379.9, 81.0, 532.1, 88.7]|p09_b02|0.98
VF 3|||interior|Nội thất|seat_material|Chất liệu bọc ghế|Nỉ||vf_3_brochure|vf3_brochure.pdf|9|[379.9, 87.5, 532.1, 95.2]|p09_b02|0.98
VF 3|||interior|Nội thất|driver_seat|Ghế lái|Chỉnh cơ 4 hướng||vf_3_brochure|vf3_brochure.pdf|9|[379.9, 113.7, 569.4, 121.4]|p09_b02|0.98
VF 3|||interior|Nội thất|driver_seat|Ghế lái|Có - tích hợp||vf_3_brochure|vf3_brochure.pdf|9|[379.9, 120.2, 569.4, 128.0]|p09_b02|0.98
VF 3|||interior|Nội thất|passenger_seat|Ghế phụ|Chỉnh cơ 4 hướng||vf_3_brochure|vf3_brochure.pdf|9|[379.9, 142.3, 569.4, 150.0]|p09_b02|0.98
VF 3|||interior|Nội thất|passenger_seat|Ghế phụ|Có - tích hợp||vf_3_brochure|vf3_brochure.pdf|9|[379.9, 148.8, 569.4, 156.6]|p09_b02|0.98
VF 3|||convenience|Tiện nghi|gap_lung_hang_ghe_2|Gập lưng hàng ghế 2|Có||vf_3_brochure|vf3_brochure.pdf|9|[379.9, 175.0, 550.7, 182.7]|p09_b02|0.98
VF 3|||interior|Nội thất|second_row_seats|Hàng ghế thứ 2|Có - cố định||vf_3_brochure|vf3_brochure.pdf|9|[379.9, 181.6, 569.4, 189.3]|p09_b02|0.98
VF 3|||interior|Nội thất|ac_system|Hệ thống điều hòa|Chỉnh cơ, 1 vùng||vf_3_brochure|vf3_brochure.pdf|9|[379.9, 207.8, 578.7, 215.5]|p09_b02|0.98
VF 3|||interior|Nội thất|air_filter|Lọc không khí|Lọc bụi||vf_3_brochure|vf3_brochure.pdf|9|[379.9, 214.3, 550.7, 222.0]|p09_b02|0.98
VF 3|||convenience|Tiện nghi|chuc_nang_lam_tan_suongtan_bang|Chức năng làm tan sương/tan băng|Có||vf_3_brochure|vf3_brochure.pdf|9|[379.9, 220.8, 578.7, 228.6]|p09_b02|0.98
VF 3|||infotainment|Giải trí & kết nối|center_display_inch|Màn hình giải trí cảm ứng|10|inch|vf_3_brochure|vf3_brochure.pdf|9|[379.9, 247.6, 578.7, 255.4]|p09_b02|0.98
VF 3|||infotainment|Giải trí & kết nối|connectivity|Kết nối (Bluetooth/Wifi/USB)|Có||vf_3_brochure|vf3_brochure.pdf|9|[379.9, 254.2, 606.7, 261.9]|p09_b02|0.98
VF 3|||infotainment|Giải trí & kết nối|connectivity|Kết nối (Bluetooth/Wifi/USB)|Có||vf_3_brochure|vf3_brochure.pdf|9|[379.9, 260.7, 550.7, 268.5]|p09_b02|0.98
VF 3|||infotainment|Giải trí & kết nối|connectivity|Kết nối (Bluetooth/Wifi/USB)|Có||vf_3_brochure|vf3_brochure.pdf|9|[379.9, 267.3, 560.1, 275.0]|p09_b02|0.98
VF 3|||convenience|Tiện nghi|android_auto__apple_carplay|Android Auto & Apple CarPlay|Có||vf_3_brochure|vf3_brochure.pdf|9|[379.9, 273.8, 588.1, 281.6]|p09_b02|0.98
VF 3|||infotainment|Giải trí & kết nối|speakers_count|Hệ thống loa|2|loa|vf_3_brochure|vf3_brochure.pdf|9|[379.9, 293.5, 532.1, 301.2]|p09_b02|0.98
VF 3|||convenience|Tiện nghi|phanh_tay|Phanh tay|Điện tử||vf_3_brochure|vf3_brochure.pdf|9|[379.9, 318.5, 560.1, 326.2]|p09_b02|0.98
VF 3|||interior|Nội thất|rearview_mirror|Gương chiếu hậu trong xe|Chế độ ngày/đêm||vf_3_brochure|vf3_brochure.pdf|9|[379.9, 325.0, 588.1, 332.8]|p09_b02|0.98
VF 3|||convenience|Tiện nghi|en_tran_phia_truoc|Đèn trần phía trước|Có||vf_3_brochure|vf3_brochure.pdf|9|[379.9, 331.6, 550.7, 339.3]|p09_b02|0.98
VF 3|||convenience|Tiện nghi|tam_che_nang|Tấm che nắng|Có||vf_3_brochure|vf3_brochure.pdf|9|[379.9, 338.1, 541.4, 345.9]|p09_b02|0.98
VF 3|||convenience|Tiện nghi|hoc_ung_coc_truocsau|Hộc đựng cốc trước/sau|Có||vf_3_brochure|vf3_brochure.pdf|9|[379.9, 344.7, 569.4, 352.4]|p09_b02|0.98
VF 3|||safety|An toàn|abs_brake|Hệ thống chống bó cứng phanh (ABS)|Có||vf_3_brochure|vf3_brochure.pdf|9|[379.9, 373.8, 597.4, 381.6]|p09_b02|0.98
VF 3|||convenience|Tiện nghi|chuc_nang_kiem_soat_luc_keo_tcs|Chức năng kiểm soát lực kéo TCS|Có||vf_3_brochure|vf3_brochure.pdf|9|[379.9, 380.4, 597.4, 388.1]|p09_b02|0.98
VF 3|||convenience|Tiện nghi|ho_tro_khoi_hanh_ngang_doc_hsa|Hỗ trợ khởi hành ngang dốc HSA|Có||vf_3_brochure|vf3_brochure.pdf|9|[379.9, 386.9, 597.4, 394.7]|p09_b02|0.98
VF 3|||convenience|Tiện nghi|khoa_cua_xe_tu_ong_khi_o|Khoá cửa xe tự động khi đỗ|Có (6km/h)||vf_3_brochure|vf3_brochure.pdf|9|[379.9, 393.5, 597.4, 401.2]|p09_b02|0.98
VF 3|||convenience|Tiện nghi|cang_ai_khan_cap_ghe_truoc|Căng đai khẩn cấp ghế trước|Có||vf_3_brochure|vf3_brochure.pdf|9|[379.9, 400.0, 597.4, 407.8]|p09_b02|0.98
VF 3|||convenience|Tiện nghi|chuc_nang_phanh_phoi_luc_phanh_ien_tu_ebd|Chức năng phanh phối lực phanh điện tử EBD|Có||vf_3_brochure|vf3_brochure.pdf|9|[379.9, 406.6, 606.7, 414.3]|p09_b02|0.98
VF 3|||powertrain|Hệ thống truyền động|engine_type|Loại động cơ|Có||vf_3_brochure|vf3_brochure.pdf|9|[379.9, 413.1, 606.7, 420.9]|p09_b02|0.98
VF 3|||convenience|Tiện nghi|canh_bao_chong_trom|Cảnh báo chống trộm|Có||vf_3_brochure|vf3_brochure.pdf|9|[379.9, 419.7, 588.1, 427.4]|p09_b02|0.98
VF 3|||convenience|Tiện nghi|canh_bao_day_an_toan_hang_ghe_truoc|Cảnh báo dây an toàn hàng ghế trước|Có||vf_3_brochure|vf3_brochure.pdf|9|[379.9, 426.2, 606.7, 434.0]|p09_b02|0.98
VF 3|||safety|An toàn|airbags_count|Số lượng túi khí|Có|túi|vf_3_brochure|vf3_brochure.pdf|9|[379.9, 450.0, 606.7, 457.8]|p09_b02|0.98
VF 3|||adas|Hỗ trợ lái nâng cao (ADAS)|ho_tro_o_phia_sau|Hỗ trợ đỗ phía sau|Có||vf_3_brochure|vf3_brochure.pdf|9|[379.9, 476.2, 588.1, 484.0]|p09_b02|0.98
VF 3|||safety|An toàn|rear_camera|Camera lùi|AFS||vf_3_brochure|vf3_brochure.pdf|9|[379.9, 482.8, 560.1, 490.5]|p09_b02|0.98
VF 3|||convenience|Tiện nghi|camping_mode|Chế độ cắm trại|Có||vf_3_brochure|vf3_brochure.pdf|9|[666.5, 81.0, 830.8, 88.7]|p09_b02|0.98
VF 3|||convenience|Tiện nghi|ho_so_nguoi_lai|Hồ sơ người lái|Có||vf_3_brochure|vf3_brochure.pdf|9|[666.5, 87.5, 830.8, 95.2]|p09_b02|0.98
VF 3|||convenience|Tiện nghi|trinh_duyet_web|Trình duyệt web|Có||vf_3_brochure|vf3_brochure.pdf|9|[666.5, 94.1, 830.8, 101.8]|p09_b02|0.98
VF 3|||convenience|Tiện nghi|giam_sat__inh_vi_xe_tu_xa|Giám sát & định vị xe từ xa|Có||vf_3_brochure|vf3_brochure.pdf|9|[666.5, 125.6, 840.1, 133.3]|p09_b02|0.98
VF 3|||convenience|Tiện nghi|tim_kiem_tram_sac__thanh_toan|Tìm kiếm trạm sạc & thanh toán|Có||vf_3_brochure|vf3_brochure.pdf|9|[666.5, 132.2, 840.1, 139.9]|p09_b02|0.98
VF 3|||convenience|Tiện nghi|nhan_thong_bao__at_dich_vu_hau_mai|Nhận thông báo & đặt dịch vụ hậu mãi|Có||vf_3_brochure|vf3_brochure.pdf|9|[666.5, 138.7, 840.1, 146.4]|p09_b02|0.98
VF 3|Plus||exterior|Ngoại thất|side_mirrors|Gương chiếu hậu|Có||vf_3_brochure|vf3_brochure.pdf|9|[666.5, 196.4, 840.1, 204.2]|p09_b02|0.98
VF 3|Plus||safety|An toàn|rear_camera|Camera lùi|Có||vf_3_brochure|vf3_brochure.pdf|9|[666.5, 203.0, 840.1, 210.7]|p09_b02|0.98
VF 3|Plus||chassis|Khung gầm & hệ thống treo|wheel_size_inch|Kích thước la-zăng|Có|inch|vf_3_brochure|vf3_brochure.pdf|9|[666.5, 209.5, 840.1, 217.3]|p09_b02|0.98
VF MPV 7|||dimension|Kích thước & trọng lượng|length_mm|length_mm|4740|mm|vf_mpv7_brochure|https://storage.googleapis.com/vinfast-data-01/brochure/VF_MPV%207_Brochure_2026.02.03.pdf|3|[325.6, 515.2, 560.2, 530.4]|p03_b02|0.98
VF MPV 7|||dimension|Kích thước & trọng lượng|width_mm|width_mm|1872|mm|vf_mpv7_brochure|https://storage.googleapis.com/vinfast-data-01/brochure/VF_MPV%207_Brochure_2026.02.03.pdf|3|[325.6, 515.2, 560.2, 530.4]|p03_b02|0.98
VF MPV 7|||dimension|Kích thước & trọng lượng|height_mm|height_mm|1734|mm|vf_mpv7_brochure|https://storage.googleapis.com/vinfast-data-01/brochure/VF_MPV%207_Brochure_2026.02.03.pdf|3|[325.6, 515.2, 560.2, 530.4]|p03_b02|0.98
VF MPV 7|||dimension|Kích thước & trọng lượng|wheelbase_mm|wheelbase_mm|2840|mm|vf_mpv7_brochure|https://storage.googleapis.com/vinfast-data-01/brochure/VF_MPV%207_Brochure_2026.02.03.pdf|3|[325.6, 532.1, 487.5, 546.4]|p03_b02|0.98
VF MPV 7|||dimension|Kích thước & trọng lượng|ground_clearance_mm|ground_clearance_mm|185|mm|vf_mpv7_brochure|https://storage.googleapis.com/vinfast-data-01/brochure/VF_MPV%207_Brochure_2026.02.03.pdf|3|[325.6, 547.2, 554.8, 562.4]|p03_b02|0.98
VF MPV 7|||dimension|Kích thước & trọng lượng|Trọng lượng không tải|Trọng lượng không tải|1.875|kg|vf_mpv7_brochure|https://storage.googleapis.com/vinfast-data-01/brochure/VF_MPV%207_Brochure_2026.02.03.pdf|3|[325.6, 563.2, 536.9, 578.4]|p03_b02|0.98
VF MPV 7|||chassis|Khung gầm & hệ thống treo|La-zăng hợp kim|Kích thước la-zăng|19|inch|vf_mpv7_brochure|https://storage.googleapis.com/vinfast-data-01/brochure/VF_MPV%207_Brochure_2026.02.03.pdf|3|[381.0, 638.2, 563.7, 655.8]|p03_b02|0.98
VF MPV 7|||powertrain|Hệ thống truyền động|power_kw|power_kw|150|kW|vf_mpv7_brochure|https://storage.googleapis.com/vinfast-data-01/brochure/VF_MPV%207_Brochure_2026.02.03.pdf|5|[129.8, 601.1, 276.2, 632.3]|p05_b02|0.98
VF MPV 7|||powertrain|Hệ thống truyền động|Mô-men xoắn cực đại|Mô-men xoắn cực đại|280|Nm|vf_mpv7_brochure|https://storage.googleapis.com/vinfast-data-01/brochure/VF_MPV%207_Brochure_2026.02.03.pdf|5|[120.2, 601.1, 283.4, 632.3]|p05_b02|0.98
VF MPV 7|||battery|Pin & sạc|range_km|range_km|450|km|vf_mpv7_brochure|https://storage.googleapis.com/vinfast-data-01/brochure/VF_MPV%207_Brochure_2026.02.03.pdf|5|[321.4, 601.1, 516.1, 632.3]|p05_b02|0.98
VF MPV 7|||battery|Pin & sạc|range_km|range_km|NEDC|km|vf_mpv7_brochure|https://storage.googleapis.com/vinfast-data-01/brochure/VF_MPV%207_Brochure_2026.02.03.pdf|5|[321.4, 601.1, 516.1, 632.3]|p05_b02|0.98
VF MPV 7|||battery|Pin & sạc|Sạc nhanh DC|Sạc nhanh DC|Từ 10 – 70% trong 30 phút||vf_mpv7_brochure|https://storage.googleapis.com/vinfast-data-01/brochure/VF_MPV%207_Brochure_2026.02.03.pdf|5|[32.7, 724.9, 202.4, 753.5]|p05_b02|0.98
VF MPV 7|||chassis|Khung gầm & hệ thống treo|Hệ thống treo sau|Hệ thống treo sau|Đa liên kết cao cấp||vf_mpv7_brochure|https://storage.googleapis.com/vinfast-data-01/brochure/VF_MPV%207_Brochure_2026.02.03.pdf|5|[264.9, 724.0, 395.9, 752.6]|p05_b02|0.98
VF MPV 7|||powertrain|Hệ thống truyền động|Chế độ lái|Chế độ lái|Đa dạng||vf_mpv7_brochure|https://storage.googleapis.com/vinfast-data-01/brochure/VF_MPV%207_Brochure_2026.02.03.pdf|5|[462.5, 727.4, 550.6, 739.2]|p05_b02|0.98
VF MPV 7|||safety|An toàn|airbags|airbags|Có||vf_mpv7_brochure|https://storage.googleapis.com/vinfast-data-01/brochure/VF_MPV%207_Brochure_2026.02.03.pdf|6|[54.8, 688.7, 303.6, 710.6]|p06_b02|0.98
VF MPV 7|||safety|An toàn|Trang bị đầy đủ hệ thống an toàn|Trang bị đầy đủ hệ thống an toàn|ABS, EBD, BA, ESC, TCS||vf_mpv7_brochure|https://storage.googleapis.com/vinfast-data-01/brochure/VF_MPV%207_Brochure_2026.02.03.pdf|6|[54.8, 708.0, 325.0, 734.1]|p06_b02|0.98
VF MPV 7|||safety|An toàn|Hỗ trợ khởi hành ngang dốc (HSA)|Hỗ trợ khởi hành ngang dốc (HSA)|Có||vf_mpv7_brochure|https://storage.googleapis.com/vinfast-data-01/brochure/VF_MPV%207_Brochure_2026.02.03.pdf|6|[54.8, 735.0, 319.1, 752.6]|p06_b02|0.98
VF MPV 7|||safety|An toàn|Chức năng chống lật (ROM)|Chức năng kiểm soát chống lật (ROM)|Có||vf_mpv7_brochure|https://storage.googleapis.com/vinfast-data-01/brochure/VF_MPV%207_Brochure_2026.02.03.pdf|6|[339.3, 688.7, 553.0, 710.6]|p06_b02|0.98
VF MPV 7|||powertrain|Hệ thống truyền động|Ga tự động cơ bản|Loại động cơ|Có||vf_mpv7_brochure|https://storage.googleapis.com/vinfast-data-01/brochure/VF_MPV%207_Brochure_2026.02.03.pdf|6|[339.3, 708.9, 514.9, 727.4]|p06_b02|0.98
VF MPV 7|||safety|An toàn|Cảm biến đỗ xe phía sau|Cảm biến đỗ xe phía sau|Có||vf_mpv7_brochure|https://storage.googleapis.com/vinfast-data-01/brochure/VF_MPV%207_Brochure_2026.02.03.pdf|6|[339.3, 727.4, 538.1, 746.8]|p06_b02|0.98
VF MPV 7|||dimension|Kích thước & trọng lượng|length_mm|length_mm|4740|mm|vf_mpv7_brochure|https://storage.googleapis.com/vinfast-data-01/brochure/VF_MPV%207_Brochure_2026.02.03.pdf|7|[31.0, 336.8, 284.5, 351.9]|p07_b02|0.98
VF MPV 7|||dimension|Kích thước & trọng lượng|width_mm|width_mm|1872|mm|vf_mpv7_brochure|https://storage.googleapis.com/vinfast-data-01/brochure/VF_MPV%207_Brochure_2026.02.03.pdf|7|[31.0, 336.8, 284.5, 351.9]|p07_b02|0.98
VF MPV 7|||dimension|Kích thước & trọng lượng|height_mm|height_mm|1734|mm|vf_mpv7_brochure|https://storage.googleapis.com/vinfast-data-01/brochure/VF_MPV%207_Brochure_2026.02.03.pdf|7|[31.0, 336.8, 284.5, 351.9]|p07_b02|0.98
VF MPV 7|||dimension|Kích thước & trọng lượng|wheelbase_mm|wheelbase_mm|2840|mm|vf_mpv7_brochure|https://storage.googleapis.com/vinfast-data-01/brochure/VF_MPV%207_Brochure_2026.02.03.pdf|7|[31.0, 351.9, 284.5, 366.2]|p07_b02|0.98
VF MPV 7|||dimension|Kích thước & trọng lượng|ground_clearance_mm|ground_clearance_mm|185|mm|vf_mpv7_brochure|https://storage.googleapis.com/vinfast-data-01/brochure/VF_MPV%207_Brochure_2026.02.03.pdf|7|[31.0, 366.2, 284.5, 379.7]|p07_b02|0.98
VF MPV 7|||dimension|Kích thước & trọng lượng|Trọng lượng không tải|Trọng lượng không tải|1.875|kg|vf_mpv7_brochure|https://storage.googleapis.com/vinfast-data-01/brochure/VF_MPV%207_Brochure_2026.02.03.pdf|7|[31.0, 394.8, 284.5, 408.3]|p07_b02|0.98
VF MPV 7|||powertrain|Hệ thống truyền động|power_kw|power_kw|150|kW|vf_mpv7_brochure|https://storage.googleapis.com/vinfast-data-01/brochure/VF_MPV%207_Brochure_2026.02.03.pdf|7|[31.0, 442.8, 284.5, 457.1]|p07_b02|0.98
VF MPV 7|||powertrain|Hệ thống truyền động|torque_nm|torque_nm|280|Nm|vf_mpv7_brochure|https://storage.googleapis.com/vinfast-data-01/brochure/VF_MPV%207_Brochure_2026.02.03.pdf|7|[31.0, 457.1, 284.5, 471.5]|p07_b02|0.98
VF MPV 7|||battery|Pin & sạc|battery_kwh|battery_kwh|60.13|kWh|vf_mpv7_brochure|https://storage.googleapis.com/vinfast-data-01/brochure/VF_MPV%207_Brochure_2026.02.03.pdf|7|[31.0, 485.8, 284.5, 500.1]|p07_b02|0.98
VF MPV 7|||battery|Pin & sạc|range_km|range_km|450|km|vf_mpv7_brochure|https://storage.googleapis.com/vinfast-data-01/brochure/VF_MPV%207_Brochure_2026.02.03.pdf|7|[31.0, 500.1, 284.5, 514.4]|p07_b02|0.98
VF MPV 7|||battery|Pin & sạc|Dây sạc di động|Dây sạc di động|3,5 (Phụ kiện chính hãng)|kW|vf_mpv7_brochure|https://storage.googleapis.com/vinfast-data-01/brochure/VF_MPV%207_Brochure_2026.02.03.pdf|7|[31.0, 514.4, 284.5, 528.7]|p07_b02|0.98
VF MPV 7|||battery|Pin & sạc|Bộ sạc tại nhà|Bộ sạc tại nhà|7,4 (Phụ kiện chính hãng)|kW|vf_mpv7_brochure|https://storage.googleapis.com/vinfast-data-01/brochure/VF_MPV%207_Brochure_2026.02.03.pdf|7|[31.0, 528.7, 284.5, 543.0]|p07_b02|0.98
VF MPV 7|||battery|Pin & sạc|power_kw|power_kw|6.9|kW|vf_mpv7_brochure|https://storage.googleapis.com/vinfast-data-01/brochure/VF_MPV%207_Brochure_2026.02.03.pdf|7|[31.0, 543.0, 284.5, 557.3]|p07_b02|0.4
VF MPV 7|||battery|Pin & sạc|power_kw|power_kw|80|kW|vf_mpv7_brochure|https://storage.googleapis.com/vinfast-data-01/brochure/VF_MPV%207_Brochure_2026.02.03.pdf|7|[31.0, 557.3, 284.5, 571.6]|p07_b02|0.98
VF MPV 7|||battery|Pin & sạc|fast_charge_min|fast_charge_min|30|phút|vf_mpv7_brochure|https://storage.googleapis.com/vinfast-data-01/brochure/VF_MPV%207_Brochure_2026.02.03.pdf|7|[31.0, 571.6, 284.5, 586.0]|p07_b02|0.98
VF MPV 7|||powertrain|Hệ thống truyền động|Hệ thống phanh tái sinh|Hệ thống phanh tái sinh|Có||vf_mpv7_brochure|https://storage.googleapis.com/vinfast-data-01/brochure/VF_MPV%207_Brochure_2026.02.03.pdf|7|[31.0, 586.0, 284.5, 600.3]|p07_b02|0.98
VF MPV 7|||powertrain|Hệ thống truyền động|Chọn chế độ lái|Chế độ lái|Eco/Normal/Sport||vf_mpv7_brochure|https://storage.googleapis.com/vinfast-data-01/brochure/VF_MPV%207_Brochure_2026.02.03.pdf|7|[31.0, 600.3, 284.5, 614.6]|p07_b02|0.98
VF MPV 7|||powertrain|Hệ thống truyền động|drivetrain|drivetrain|Cầu trước (FWD)||vf_mpv7_brochure|https://storage.googleapis.com/vinfast-data-01/brochure/VF_MPV%207_Brochure_2026.02.03.pdf|7|[31.0, 614.6, 284.5, 628.9]|p07_b02|0.98
VF MPV 7|||interior|Nội thất|Cần chuyển số sau vô lăng|Vô lăng|Có||vf_mpv7_brochure|https://storage.googleapis.com/vinfast-data-01/brochure/VF_MPV%207_Brochure_2026.02.03.pdf|7|[31.0, 628.9, 284.5, 643.2]|p07_b02|0.98
VF MPV 7|||chassis|Khung gầm & hệ thống treo|Hệ thống treo - trước|Hệ thống treo|MacPherson độc lập||vf_mpv7_brochure|https://storage.googleapis.com/vinfast-data-01/brochure/VF_MPV%207_Brochure_2026.02.03.pdf|7|[31.0, 682.8, 284.5, 697.1]|p07_b02|0.98
VF MPV 7|||chassis|Khung gầm & hệ thống treo|Hệ thống treo - sau|Hệ thống treo|Đa liên kết||vf_mpv7_brochure|https://storage.googleapis.com/vinfast-data-01/brochure/VF_MPV%207_Brochure_2026.02.03.pdf|7|[31.0, 697.1, 284.5, 711.4]|p07_b02|0.98
VF MPV 7|||chassis|Khung gầm & hệ thống treo|Phanh trước|Phanh trước|Đĩa thông gió||vf_mpv7_brochure|https://storage.googleapis.com/vinfast-data-01/brochure/VF_MPV%207_Brochure_2026.02.03.pdf|7|[31.0, 711.4, 284.5, 725.7]|p07_b02|0.98
VF MPV 7|||chassis|Khung gầm & hệ thống treo|Phanh sau|Phanh sau|Đĩa||vf_mpv7_brochure|https://storage.googleapis.com/vinfast-data-01/brochure/VF_MPV%207_Brochure_2026.02.03.pdf|7|[31.0, 725.7, 284.5, 740.0]|p07_b02|0.98
VF MPV 7|||chassis|Khung gầm & hệ thống treo|Phanh tay điện tử và Tự động giữ phanh|Phanh tay điện tử và Tự động giữ phanh|Có||vf_mpv7_brochure|https://storage.googleapis.com/vinfast-data-01/brochure/VF_MPV%207_Brochure_2026.02.03.pdf|7|[31.0, 740.0, 284.5, 754.3]|p07_b02|0.98
VF MPV 7|||chassis|Khung gầm & hệ thống treo|wheel_size_inch|wheel_size_inch|19|inch|vf_mpv7_brochure|https://storage.googleapis.com/vinfast-data-01/brochure/VF_MPV%207_Brochure_2026.02.03.pdf|7|[31.0, 754.3, 284.5, 768.6]|p07_b02|0.98
VF MPV 7|||dimension|Kích thước & trọng lượng|length_mm|length_mm|235|mm|vf_mpv7_brochure|https://storage.googleapis.com/vinfast-data-01/brochure/VF_MPV%207_Brochure_2026.02.03.pdf|7|[31.0, 768.6, 284.5, 783.0]|p07_b02|0.4
VF MPV 7|||chassis|Khung gầm & hệ thống treo|Trợ lực lái|Trợ lực lái|Trợ lực điện||vf_mpv7_brochure|https://storage.googleapis.com/vinfast-data-01/brochure/VF_MPV%207_Brochure_2026.02.03.pdf|7|[31.0, 783.0, 284.5, 797.3]|p07_b02|0.98
VF MPV 7|||exterior|Ngoại thất|Đèn pha|Đèn pha|LED||vf_mpv7_brochure|https://storage.googleapis.com/vinfast-data-01/brochure/VF_MPV%207_Brochure_2026.02.03.pdf|7|[301.2, 336.8, 554.8, 351.9]|p07_b02|0.98
VF MPV 7|||exterior|Ngoại thất|Đèn cho dân đường|Đèn chờ dẫn đường|Có||vf_mpv7_brochure|https://storage.googleapis.com/vinfast-data-01/brochure/VF_MPV%207_Brochure_2026.02.03.pdf|7|[301.2, 351.9, 554.8, 366.2]|p07_b02|0.98
VF MPV 7|||exterior|Ngoại thất|Đèn tự động bật/tắt|Đèn tự động bật/tắt|Có||vf_mpv7_brochure|https://storage.googleapis.com/vinfast-data-01/brochure/VF_MPV%207_Brochure_2026.02.03.pdf|7|[301.2, 366.2, 554.8, 379.7]|p07_b02|0.98
VF MPV 7|||exterior|Ngoại thất|Điều khiển độ cao góc chiếu đèn|Điều khiển độ cao góc chiếu đèn|Chỉnh cơ||vf_mpv7_brochure|https://storage.googleapis.com/vinfast-data-01/brochure/VF_MPV%207_Brochure_2026.02.03.pdf|7|[301.2, 379.7, 554.8, 394.8]|p07_b02|0.98
VF MPV 7|||exterior|Ngoại thất|Đèn chiếu sáng ban ngày|Đèn chiếu sáng ban ngày|LED||vf_mpv7_brochure|https://storage.googleapis.com/vinfast-data-01/brochure/VF_MPV%207_Brochure_2026.02.03.pdf|7|[301.2, 394.8, 554.8, 408.3]|p07_b02|0.98
VF MPV 7|||exterior|Ngoại thất|Đèn hậu|Đèn hậu|LED||vf_mpv7_brochure|https://storage.googleapis.com/vinfast-data-01/brochure/VF_MPV%207_Brochure_2026.02.03.pdf|7|[301.2, 408.3, 554.8, 422.6]|p07_b02|0.98
VF MPV 7|||exterior|Ngoại thất|Đèn nhận diện thương hiệu trước và sau|Đèn nhận diện thương hiệu trước và sau|LED||vf_mpv7_brochure|https://storage.googleapis.com/vinfast-data-01/brochure/VF_MPV%207_Brochure_2026.02.03.pdf|7|[301.2, 422.6, 554.8, 436.9]|p07_b02|0.98
VF MPV 7|||exterior|Ngoại thất|Gương chiếu hậu|Gương chiếu hậu|Chỉnh điện, gập điện, tích hợp đèn báo rẽ||vf_mpv7_brochure|https://storage.googleapis.com/vinfast-data-01/brochure/VF_MPV%207_Brochure_2026.02.03.pdf|7|[301.2, 451.3, 554.8, 480.7]|p07_b02|0.98
VF MPV 7|||exterior|Ngoại thất|Kính cửa sổ điện|Kính cửa sổ điện|Có||vf_mpv7_brochure|https://storage.googleapis.com/vinfast-data-01/brochure/VF_MPV%207_Brochure_2026.02.03.pdf|7|[301.2, 480.7, 554.8, 494.2]|p07_b02|0.98
VF MPV 7|||exterior|Ngoại thất|Kính cửa sổ lên/xuống một chạm|Kính cửa sổ lên/xuống một chạm|Có||vf_mpv7_brochure|https://storage.googleapis.com/vinfast-data-01/brochure/VF_MPV%207_Brochure_2026.02.03.pdf|7|[301.2, 494.2, 554.8, 509.3]|p07_b02|0.98
VF MPV 7|||exterior|Ngoại thất|Gạt mưa|Gạt mưa|Điều khiển gián đoạn||vf_mpv7_brochure|https://storage.googleapis.com/vinfast-data-01/brochure/VF_MPV%207_Brochure_2026.02.03.pdf|7|[301.2, 509.3, 554.8, 522.8]|p07_b02|0.98
VF MPV 7|||exterior|Ngoại thất|Thanh trang trí nóc xe|Loại nóc xe|Phụ kiện chính hãng||vf_mpv7_brochure|https://storage.googleapis.com/vinfast-data-01/brochure/VF_MPV%207_Brochure_2026.02.03.pdf|7|[301.2, 522.8, 554.8, 538.0]|p07_b02|0.98
VF MPV 7|||interior|Nội thất|seats|seats|7||vf_mpv7_brochure|https://storage.googleapis.com/vinfast-data-01/brochure/VF_MPV%207_Brochure_2026.02.03.pdf|7|[301.2, 559.0, 554.8, 572.5]|p07_b02|0.98
VF MPV 7|||interior|Nội thất|Chất liệu bọc ghế|Chất liệu bọc ghế|Da nhân tạo||vf_mpv7_brochure|https://storage.googleapis.com/vinfast-data-01/brochure/VF_MPV%207_Brochure_2026.02.03.pdf|7|[301.2, 572.5, 554.8, 586.8]|p07_b02|0.98
VF MPV 7|||interior|Nội thất|Ghế lái|Ghế lái|Chỉnh cơ 6 hướng||vf_mpv7_brochure|https://storage.googleapis.com/vinfast-data-01/brochure/VF_MPV%207_Brochure_2026.02.03.pdf|7|[301.2, 586.8, 554.8, 601.1]|p07_b02|0.98
VF MPV 7|||interior|Nội thất|Ghế phụ|Ghế phụ|Chỉnh cơ 4 hướng||vf_mpv7_brochure|https://storage.googleapis.com/vinfast-data-01/brochure/VF_MPV%207_Brochure_2026.02.03.pdf|7|[301.2, 601.1, 554.8, 615.4]|p07_b02|0.98
VF MPV 7|||interior|Nội thất|Hàng ghế thứ 2 điều chỉnh hướng|Hàng ghế thứ 2 điều chỉnh hướng|Điều chỉnh hàng lưng ghế và trượt tiến/lùi||vf_mpv7_brochure|https://storage.googleapis.com/vinfast-data-01/brochure/VF_MPV%207_Brochure_2026.02.03.pdf|7|[301.2, 615.4, 554.8, 644.9]|p07_b02|0.98
VF MPV 7|||interior|Nội thất|Gập lưng ghế hàng ghế thứ 2|Gập lưng ghế hàng ghế thứ 2|60:40||vf_mpv7_brochure|https://storage.googleapis.com/vinfast-data-01/brochure/VF_MPV%207_Brochure_2026.02.03.pdf|7|[301.2, 644.9, 554.8, 659.2]|p07_b02|0.98
VF MPV 7|||safety|An toàn|Móc cố định ghế trẻ em ISOFIX|Móc cố định ghế trẻ em ISOFIX|Có||vf_mpv7_brochure|https://storage.googleapis.com/vinfast-data-01/brochure/VF_MPV%207_Brochure_2026.02.03.pdf|7|[301.2, 659.2, 554.8, 673.5]|p07_b02|0.98
VF MPV 7|||interior|Nội thất|Gập hàng ghế thứ 3|Hàng ghế thứ 3|Có||vf_mpv7_brochure|https://storage.googleapis.com/vinfast-data-01/brochure/VF_MPV%207_Brochure_2026.02.03.pdf|7|[301.2, 673.5, 554.8, 687.0]|p07_b02|0.98
VF MPV 7|||interior|Nội thất|Tựa đầu ghế hàng 3|Tựa đầu ghế hàng 3|Có||vf_mpv7_brochure|https://storage.googleapis.com/vinfast-data-01/brochure/VF_MPV%207_Brochure_2026.02.03.pdf|7|[301.2, 687.0, 554.8, 701.3]|p07_b02|0.98
VF MPV 7|||interior|Nội thất|Vô lăng|Vô lăng|Chỉnh cơ 4 hướng||vf_mpv7_brochure|https://storage.googleapis.com/vinfast-data-01/brochure/VF_MPV%207_Brochure_2026.02.03.pdf|7|[301.2, 715.6, 554.8, 729.9]|p07_b02|0.98
VF MPV 7|||interior|Nội thất|Loại vô lăng|Loại vô lăng|D-cut||vf_mpv7_brochure|https://storage.googleapis.com/vinfast-data-01/brochure/VF_MPV%207_Brochure_2026.02.03.pdf|7|[301.2, 729.9, 554.8, 744.2]|p07_b02|0.98
VF MPV 7|||interior|Nội thất|Bọc vô lăng|Vô lăng|Da nhân tạo||vf_mpv7_brochure|https://storage.googleapis.com/vinfast-data-01/brochure/VF_MPV%207_Brochure_2026.02.03.pdf|7|[301.2, 744.2, 554.8, 757.7]|p07_b02|0.98
VF MPV 7|||interior|Nội thất|Hệ thống điều hòa|Hệ thống điều hòa|Tự động, 1 vùng||vf_mpv7_brochure|https://storage.googleapis.com/vinfast-data-01/brochure/VF_MPV%207_Brochure_2026.02.03.pdf|7|[301.2, 772.0, 554.8, 786.3]|p07_b02|0.98
VF MPV 7|||interior|Nội thất|Lọc không khí Cabin|Lọc không khí|Lọc bụi mịn PM 2.5||vf_mpv7_brochure|https://storage.googleapis.com/vinfast-data-01/brochure/VF_MPV%207_Brochure_2026.02.03.pdf|7|[301.2, 786.3, 554.8, 800.6]|p07_b02|0.98
VF MPV 7|||interior|Nội thất|Cửa gió điều hòa hàng ghế thứ 2 và thứ 3|Hệ thống điều hòa|Có||vf_mpv7_brochure|https://storage.googleapis.com/vinfast-data-01/brochure/VF_MPV%207_Brochure_2026.02.03.pdf|7|[301.2, 800.6, 554.8, 814.9]|p07_b02|0.98
VF MPV 7|||interior|Nội thất|Sưởi kính sau|Sưởi kính sau|Có||vf_mpv7_brochure|https://storage.googleapis.com/vinfast-data-01/brochure/VF_MPV%207_Brochure_2026.02.03.pdf|7|[301.2, 814.9, 554.8, 828.4]|p07_b02|0.98
VF MPV 7|||infotainment|Giải trí & kết nối|Trợ lý ảo|Trợ lý ảo VinFast|Có||vf_mpv7_brochure|https://storage.googleapis.com/vinfast-data-01/brochure/VF_MPV%207_Brochure_2026.02.03.pdf|8|[29.8, 109.4, 282.8, 124.6]|p08_b02|0.98
VF MPV 7|||infotainment|Giải trí & kết nối|Màn hình giải trí trung tâm|Màn hình giải trí cảm ứng|10,1|inch|vf_mpv7_brochure|https://storage.googleapis.com/vinfast-data-01/brochure/VF_MPV%207_Brochure_2026.02.03.pdf|8|[29.8, 124.6, 282.8, 138.9]|p08_b02|0.98
VF MPV 7|||infotainment|Giải trí & kết nối|Kết nối với Android Auto và Apple Carplay|Kết nối (Bluetooth/Wifi/USB)|Có||vf_mpv7_brochure|https://storage.googleapis.com/vinfast-data-01/brochure/VF_MPV%207_Brochure_2026.02.03.pdf|8|[29.8, 138.9, 282.8, 153.2]|p08_b02|0.98
VF MPV 7|||infotainment|Giải trí & kết nối|Hệ thống loa|Hệ thống loa|4|loa|vf_mpv7_brochure|https://storage.googleapis.com/vinfast-data-01/brochure/VF_MPV%207_Brochure_2026.02.03.pdf|8|[29.8, 153.2, 282.8, 167.5]|p08_b02|0.98
VF MPV 7|||interior|Nội thất|Đèn khoang hành lý|Đèn khoang hành lý|Có||vf_mpv7_brochure|https://storage.googleapis.com/vinfast-data-01/brochure/VF_MPV%207_Brochure_2026.02.03.pdf|8|[29.8, 181.0, 282.8, 196.2]|p08_b02|0.98
VF MPV 7|||interior|Nội thất|Đèn trần hàng ghế 1 và hàng ghế 2|Đèn trần hàng ghế 1 và hàng ghế 2|Có||vf_mpv7_brochure|https://storage.googleapis.com/vinfast-data-01/brochure/VF_MPV%207_Brochure_2026.02.03.pdf|8|[29.8, 196.2, 282.8, 210.5]|p08_b02|0.98
VF MPV 7|||interior|Nội thất|Gương chiếu hậu trong xe|Gương chiếu hậu trong xe|Điều chỉnh chế độ ngày/đêm||vf_mpv7_brochure|https://storage.googleapis.com/vinfast-data-01/brochure/VF_MPV%207_Brochure_2026.02.03.pdf|8|[29.8, 210.5, 282.8, 224.8]|p08_b02|0.98
VF MPV 7|||infotainment|Giải trí & kết nối|Cổng USB|Cổng sạc USB|Hàng ghế thứ nhất: 1 cổng USB-A & 1 cổng USB-C. Hàng ghế thứ hai: 1 cổng USB-A & 1 cổng USB-C||vf_mpv7_brochure|https://storage.googleapis.com/vinfast-data-01/brochure/VF_MPV%207_Brochure_2026.02.03.pdf|8|[29.8, 224.8, 282.8, 266.0]|p08_b02|0.98
VF MPV 7|||interior|Nội thất|Cổng sạc 12V|Cổng sạc 12V|Hàng ghế thứ nhất: 1 cổng 12 V. Cốp sau: 1 cổng 12 V||vf_mpv7_brochure|https://storage.googleapis.com/vinfast-data-01/brochure/VF_MPV%207_Brochure_2026.02.03.pdf|8|[29.8, 266.0, 282.8, 299.7]|p08_b02|0.98
VF MPV 7|||safety|An toàn|airbags|airbags|2||vf_mpv7_brochure|https://storage.googleapis.com/vinfast-data-01/brochure/VF_MPV%207_Brochure_2026.02.03.pdf|8|[29.8, 319.9, 282.8, 347.7]|p08_b02|0.98
VF MPV 7|||safety|An toàn|airbags|airbags|2||vf_mpv7_brochure|https://storage.googleapis.com/vinfast-data-01/brochure/VF_MPV%207_Brochure_2026.02.03.pdf|8|[29.8, 347.7, 282.8, 362.0]|p08_b02|0.98
VF MPV 7|||safety|An toàn|Hệ thống chìa khóa xe|Hệ thống chìa khóa xe|Chìa khóa thông minh||vf_mpv7_brochure|https://storage.googleapis.com/vinfast-data-01/brochure/VF_MPV%207_Brochure_2026.02.03.pdf|8|[29.8, 362.0, 282.8, 376.3]|p08_b02|0.98
VF MPV 7|||safety|An toàn|Khóa cửa xe tự động khi xe di chuyển|Khóa cửa xe tự động khi xe di chuyển|Có||vf_mpv7_brochure|https://storage.googleapis.com/vinfast-data-01/brochure/VF_MPV%207_Brochure_2026.02.03.pdf|8|[29.8, 376.3, 282.8, 390.6]|p08_b02|0.98
VF MPV 7|||safety|An toàn|Khóa cửa trẻ em|Khóa cửa trẻ em|Có||vf_mpv7_brochure|https://storage.googleapis.com/vinfast-data-01/brochure/VF_MPV%207_Brochure_2026.02.03.pdf|8|[29.8, 390.6, 282.8, 404.9]|p08_b02|0.98
VF MPV 7|||safety|An toàn|Cảnh báo chống trộm|Cảnh báo chống trộm|Có||vf_mpv7_brochure|https://storage.googleapis.com/vinfast-data-01/brochure/VF_MPV%207_Brochure_2026.02.03.pdf|8|[29.8, 404.9, 282.8, 419.3]|p08_b02|0.98
VF MPV 7|||powertrain|Hệ thống truyền động|Tính năng khóa động cơ khi có trộm|Loại động cơ|Có||vf_mpv7_brochure|https://storage.googleapis.com/vinfast-data-01/brochure/VF_MPV%207_Brochure_2026.02.03.pdf|8|[29.8, 419.3, 282.8, 433.6]|p08_b02|0.98
VF MPV 7|||safety|An toàn|Căng đai khẩn cấp|Căng đai khẩn cấp|Hàng ghế trước||vf_mpv7_brochure|https://storage.googleapis.com/vinfast-data-01/brochure/VF_MPV%207_Brochure_2026.02.03.pdf|8|[29.8, 433.6, 282.8, 447.9]|p08_b02|0.98
VF MPV 7|||safety|An toàn|Xác định hành khách & Cảnh báo dây an toàn|Xác định hành khách & Cảnh báo dây an toàn|Hàng ghế trước||vf_mpv7_brochure|https://storage.googleapis.com/vinfast-data-01/brochure/VF_MPV%207_Brochure_2026.02.03.pdf|8|[29.8, 447.9, 282.8, 462.2]|p08_b02|0.98
VF MPV 7|||safety|An toàn|Hệ thống chống bó cứng phanh (ABS)|Hệ thống chống bó cứng phanh (ABS)|Có||vf_mpv7_brochure|https://storage.googleapis.com/vinfast-data-01/brochure/VF_MPV%207_Brochure_2026.02.03.pdf|8|[29.8, 462.2, 282.8, 476.5]|p08_b02|0.98
VF MPV 7|||safety|An toàn|Chức năng phân phối lực phanh điện tử (EBD)|Phân phối lực phanh điện tử (EBD)|Có||vf_mpv7_brochure|https://storage.googleapis.com/vinfast-data-01/brochure/VF_MPV%207_Brochure_2026.02.03.pdf|8|[29.8, 476.5, 282.8, 490.8]|p08_b02|0.98
VF MPV 7|||safety|An toàn|Hỗ trợ phanh khẩn cấp (BA)|Hỗ trợ phanh khẩn cấp (BA)|Có||vf_mpv7_brochure|https://storage.googleapis.com/vinfast-data-01/brochure/VF_MPV%207_Brochure_2026.02.03.pdf|8|[29.8, 490.8, 282.8, 505.1]|p08_b02|0.98
VF MPV 7|||safety|An toàn|Hệ thống cân bằng điện tử (ESC)|Hệ thống cân bằng điện tử (ESC)|Có||vf_mpv7_brochure|https://storage.googleapis.com/vinfast-data-01/brochure/VF_MPV%207_Brochure_2026.02.03.pdf|8|[29.8, 505.1, 282.8, 519.4]|p08_b02|0.98
VF MPV 7|||safety|An toàn|Chức năng kiểm soát lực kéo (TCS)|Hệ thống kiểm soát lực kéo (TCS)|Có||vf_mpv7_brochure|https://storage.googleapis.com/vinfast-data-01/brochure/VF_MPV%207_Brochure_2026.02.03.pdf|8|[29.8, 519.4, 282.8, 533.8]|p08_b02|0.98
VF MPV 7|||safety|An toàn|Hỗ trợ khởi hành ngang dốc (HSA)|Hỗ trợ khởi hành ngang dốc (HSA)|Có||vf_mpv7_brochure|https://storage.googleapis.com/vinfast-data-01/brochure/VF_MPV%207_Brochure_2026.02.03.pdf|8|[29.8, 533.8, 282.8, 548.1]|p08_b02|0.98
VF MPV 7|||safety|An toàn|Chức năng chống lật (ROM)|Chức năng kiểm soát chống lật (ROM)|Có||vf_mpv7_brochure|https://storage.googleapis.com/vinfast-data-01/brochure/VF_MPV%207_Brochure_2026.02.03.pdf|8|[29.8, 548.1, 282.8, 562.4]|p08_b02|0.98
VF MPV 7|||safety|An toàn|Đèn báo nguy hiểm khi phanh khẩn cấp (ESS)|Đèn báo nguy hiểm khi phanh khẩn cấp (ESS)|Có||vf_mpv7_brochure|https://storage.googleapis.com/vinfast-data-01/brochure/VF_MPV%207_Brochure_2026.02.03.pdf|8|[29.8, 562.4, 282.8, 576.7]|p08_b02|0.98
VF MPV 7|||powertrain|Hệ thống truyền động|Ga tự động cơ bản|Loại động cơ|Có||vf_mpv7_brochure|https://storage.googleapis.com/vinfast-data-01/brochure/VF_MPV%207_Brochure_2026.02.03.pdf|8|[29.8, 576.7, 282.8, 591.0]|p08_b02|0.98
VF MPV 7|||safety|An toàn|Camera lùi|Camera lùi|Có||vf_mpv7_brochure|https://storage.googleapis.com/vinfast-data-01/brochure/VF_MPV%207_Brochure_2026.02.03.pdf|8|[29.8, 591.0, 282.8, 605.3]|p08_b02|0.98
VF MPV 7|||safety|An toàn|Cảm biến đỗ xe phía sau|Cảm biến đỗ xe phía sau|Có||vf_mpv7_brochure|https://storage.googleapis.com/vinfast-data-01/brochure/VF_MPV%207_Brochure_2026.02.03.pdf|8|[29.8, 605.3, 282.8, 619.6]|p08_b02|0.98
VF MPV 7|||infotainment|Giải trí & kết nối|Chế độ vận hành đặc biệt|Chế độ vận hành đặc biệt|Chế độ Cắm trại||vf_mpv7_brochure|https://storage.googleapis.com/vinfast-data-01/brochure/VF_MPV%207_Brochure_2026.02.03.pdf|8|[314.3, 95.1, 566.7, 110.3]|p08_b02|0.98
VF MPV 7|||infotainment|Giải trí & kết nối|Quản lý thiết bị Bluetooth|Quản lý thiết bị Bluetooth|Có||vf_mpv7_brochure|https://storage.googleapis.com/vinfast-data-01/brochure/VF_MPV%207_Brochure_2026.02.03.pdf|8|[314.3, 110.3, 566.7, 124.6]|p08_b02|0.98
VF MPV 7|||infotainment|Giải trí & kết nối|Quản lý eSIM|Quản lý eSIM|Có||vf_mpv7_brochure|https://storage.googleapis.com/vinfast-data-01/brochure/VF_MPV%207_Brochure_2026.02.03.pdf|8|[314.3, 124.6, 566.7, 138.9]|p08_b02|0.98
VF MPV 7|||infotainment|Giải trí & kết nối|Giám sát tình trạng pin, Giới hạn dung lượng/dòng sạc|Giám sát tình trạng pin, Giới hạn dung lượng/dòng sạc|Có||vf_mpv7_brochure|https://storage.googleapis.com/vinfast-data-01/brochure/VF_MPV%207_Brochure_2026.02.03.pdf|8|[314.3, 138.9, 566.7, 153.2]|p08_b02|0.98
VF MPV 7|||infotainment|Giải trí & kết nối|Tạo và ghi nhớ cài đặt theo hồ sơ người lái|Tạo và ghi nhớ cài đặt theo hồ sơ người lái|Có||vf_mpv7_brochure|https://storage.googleapis.com/vinfast-data-01/brochure/VF_MPV%207_Brochure_2026.02.03.pdf|8|[314.3, 153.2, 566.7, 167.5]|p08_b02|0.98
VF MPV 7|||infotainment|Giải trí & kết nối|Hồ sơ nâng cao|Hồ sơ nâng cao|Có||vf_mpv7_brochure|https://storage.googleapis.com/vinfast-data-01/brochure/VF_MPV%207_Brochure_2026.02.03.pdf|8|[314.3, 167.5, 566.7, 181.8]|p08_b02|0.98
VF MPV 7|||infotainment|Giải trí & kết nối|Giải trí cơ bản (Đài FM, Bluetooth, USB)|Giải trí cơ bản (Đài FM, Bluetooth, USB)|Có||vf_mpv7_brochure|https://storage.googleapis.com/vinfast-data-01/brochure/VF_MPV%207_Brochure_2026.02.03.pdf|8|[314.3, 181.8, 566.7, 196.2]|p08_b02|0.98
VF MPV 7|||infotainment|Giải trí & kết nối|Trình duyệt web|Trình duyệt web|Có||vf_mpv7_brochure|https://storage.googleapis.com/vinfast-data-01/brochure/VF_MPV%207_Brochure_2026.02.03.pdf|8|[314.3, 196.2, 566.7, 210.5]|p08_b02|0.98
VF MPV 7|||connected|Kết nối thông minh|Tự chẩn đoán lỗi / Chẩn đoán lỗi từ xa|Tự chẩn đoán lỗi|Có||vf_mpv7_brochure|https://storage.googleapis.com/vinfast-data-01/brochure/VF_MPV%207_Brochure_2026.02.03.pdf|8|[314.3, 210.5, 566.7, 224.8]|p08_b02|0.98
VF MPV 7|||infotainment|Giải trí & kết nối|Cập nhật phần mềm không dây (FOTA)|Cập nhật phần mềm không dây (FOTA)|Có||vf_mpv7_brochure|https://storage.googleapis.com/vinfast-data-01/brochure/VF_MPV%207_Brochure_2026.02.03.pdf|8|[314.3, 224.8, 566.7, 236.6]|p08_b02|0.98
VF MPV 7|||connected|Kết nối thông minh|Đồng bộ và Quản lý tài khoản|Đồng bộ và Quản lý tài khoản|Có||vf_mpv7_brochure|https://storage.googleapis.com/vinfast-data-01/brochure/VF_MPV%207_Brochure_2026.02.03.pdf|8|[314.3, 254.3, 566.7, 268.6]|p08_b02|0.98
VF MPV 7|||connected|Kết nối thông minh|Nhận thông báo|Nhận thông báo|Có||vf_mpv7_brochure|https://storage.googleapis.com/vinfast-data-01/brochure/VF_MPV%207_Brochure_2026.02.03.pdf|8|[314.3, 268.6, 566.7, 282.9]|p08_b02|0.98
VF MPV 7|||connected|Kết nối thông minh|Giám sát xe từ xa|Giám sát xe từ xa|Cơ bản||vf_mpv7_brochure|https://storage.googleapis.com/vinfast-data-01/brochure/VF_MPV%207_Brochure_2026.02.03.pdf|8|[314.3, 282.9, 566.7, 297.2]|p08_b02|0.98
VF MPV 7|||connected|Kết nối thông minh|Tìm trạm sạc|Tìm trạm sạc|Có||vf_mpv7_brochure|https://storage.googleapis.com/vinfast-data-01/brochure/VF_MPV%207_Brochure_2026.02.03.pdf|8|[314.3, 297.2, 566.7, 311.5]|p08_b02|0.98
VF MPV 7|||connected|Kết nối thông minh|Hỗ trợ hậu mãi|Hỗ trợ hậu mãi|Có||vf_mpv7_brochure|https://storage.googleapis.com/vinfast-data-01/brochure/VF_MPV%207_Brochure_2026.02.03.pdf|8|[314.3, 311.5, 566.7, 325.8]|p08_b02|0.98
